<?xml version="1.0" encoding="utf-8"?>
<COLLADA xmlns="http://www.collada.org/2005/11/COLLADASchema" version="1.4.1" xmlns:xsi="http://www.w3.org/2001/XMLSchema-instance">
  <asset>
    <contributor>
      <author>Blender User</author>
      <authoring_tool>Blender 4.2.3 LTS commit date:2024-10-14, commit time:15:20, hash:0e22e4fcea03</authoring_tool>
    </contributor>
    <created>2026-06-01T23:05:56</created>
    <modified>2026-06-01T23:05:56</modified>
    <unit name="meter" meter="1"/>
    <up_axis>Z_UP</up_axis>
  </asset>
  <library_effects>
    <effect id="feathers-effect">
      <profile_COMMON>
        <technique sid="common">
          <lambert>
            <emission>
              <color sid="emission">0 0 0 1</color>
            </emission>
            <diffuse>
              <color sid="diffuse">1 1 1 1</color>
            </diffuse>
            <index_of_refraction>
              <float sid="ior">1.45</float>
            </index_of_refraction>
          </lambert>
        </technique>
      </profile_COMMON>
    </effect>
    <effect id="Material_001-effect">
      <profile_COMMON>
        <technique sid="common">
          <lambert>
            <emission>
              <color sid="emission">0 0 0 1</color>
            </emission>
            <diffuse>
              <color sid="diffuse">0.8002121 0.4645922 0.1003801 1</color>
            </diffuse>
            <index_of_refraction>
              <float sid="ior">1.5</float>
            </index_of_refraction>
          </lambert>
        </technique>
      </profile_COMMON>
    </effect>
    <effect id="hair-effect">
      <profile_COMMON>
        <technique sid="common">
          <lambert>
            <emission>
              <color sid="emission">0 0 0 1</color>
            </emission>
            <diffuse>
              <color sid="diffuse">0.8001261 0.01045426 0 1</color>
            </diffuse>
            <index_of_refraction>
              <float sid="ior">1.5</float>
            </index_of_refraction>
          </lambert>
        </technique>
      </profile_COMMON>
    </effect>
    <effect id="Material_002-effect">
      <profile_COMMON>
        <technique sid="common">
          <lambert>
            <emission>
              <color sid="emission">0 0 0 1</color>
            </emission>
            <diffuse>
              <color sid="diffuse">1 0.3274297 0.02548131 1</color>
            </diffuse>
            <index_of_refraction>
              <float sid="ior">1.5</float>
            </index_of_refraction>
          </lambert>
        </technique>
      </profile_COMMON>
    </effect>
    <effect id="eyes-effect">
      <profile_COMMON>
        <technique sid="common">
          <lambert>
            <emission>
              <color sid="emission">0 0 0 1</color>
            </emission>
            <diffuse>
              <color sid="diffuse">0 0 0 1</color>
            </diffuse>
            <index_of_refraction>
              <float sid="ior">1.5</float>
            </index_of_refraction>
          </lambert>
        </technique>
      </profile_COMMON>
    </effect>
  </library_effects>
  <library_images/>
  <library_materials>
    <material id="feathers-material" name="feathers">
      <instance_effect url="#feathers-effect"/>
    </material>
    <material id="Material_001-material" name="Material.001">
      <instance_effect url="#Material_001-effect"/>
    </material>
    <material id="hair-material" name="hair">
      <instance_effect url="#hair-effect"/>
    </material>
    <material id="Material_002-material" name="Material.002">
      <instance_effect url="#Material_002-effect"/>
    </material>
    <material id="eyes-material" name="eyes">
      <instance_effect url="#eyes-effect"/>
    </material>
  </library_materials>
  <library_geometries>
    <geometry id="Cube_012-mesh" name="Cube.012">
      <mesh>
        <source id="Cube_012-mesh-positions">
          <float_array id="Cube_012-mesh-positions-array" count="7956">0.3281766 -0.1494594 0.373981 0.2897568 -0.5478724 0.7987216 0.3281766 0.1707739 0.5263428 0.2897568 -0.144516 0.9906316 0.6242036 -0.1494594 0.373981 0.6626234 -0.5478724 0.7987216 0.6242036 0.1707739 0.5263428 0.6626234 -0.144516 0.9906316 0.3115736 0.1306171 0.4624341 0.303627 0.04975694 0.4014573 0.3115736 -0.05725002 0.3730502 0.296955 -0.2557998 0.4483037 0.2723221 -0.3883069 0.5674909 0.2721942 -0.4943053 0.6992901 0.2575755 -0.4929395 0.86966 0.2410171 -0.3852935 0.9433811 0.2575755 -0.2515011 0.9845324 0.2721942 -0.05295133 0.9092789 0.2723221 0.05277007 0.777348 0.296955 0.1319828 0.6328041 0.5630232 0.2147607 0.5024683 0.4761901 0.2364308 0.4902734 0.3893569 0.2147607 0.5024685 0.364596 -0.1357293 1.039615 0.4761901 -0.1308901 1.064422 0.5877841 -0.1357293 1.039614 0.680186 -0.05295133 0.9092789 0.6800581 0.05277007 0.7773478 0.6554251 0.1319828 0.6328041 0.6408066 -0.05725002 0.37305 0.6487532 0.0497567 0.4014573 0.6408066 0.1306171 0.4624341 0.6948047 -0.2515009 0.9845324 0.7113631 -0.3852935 0.9433811 0.6948047 -0.4929395 0.8696602 0.680186 -0.4943051 0.6992903 0.6800581 -0.3883069 0.5674909 0.6554251 -0.2557998 0.4483037 0.3893569 -0.1413937 0.3330159 0.47619 -0.1369169 0.3126412 0.5630232 -0.1413937 0.3330159 0.5877842 -0.6087112 0.8145779 0.4761901 -0.6396969 0.8223403 0.364596 -0.6087112 0.8145779 0.250921 -0.1624684 0.480726 0.21471 -0.2882967 0.615074 0.2138426 -0.4018364 0.7552686 0.2362321 -0.04888677 0.5243335 0.1954199 -0.1677682 0.6724194 0.1931878 -0.28665 0.820505 0.250921 0.05257409 0.5830396 0.21471 -0.04723978 0.7297648 0.2138426 -0.1593425 0.8706431 0.3767964 0.1887426 0.6478261 0.3647723 0.1150932 0.8070001 0.3641084 0.003210484 0.9479831 0.4761901 0.2106928 0.647837 0.4761901 0.135961 0.8169286 0.4761901 0.01949375 0.966163 0.5755838 0.1887426 0.6478263 0.5876079 0.1150934 0.807 0.5882719 0.003210484 0.947983 0.7014593 0.05257409 0.5830396 0.7376702 -0.04723978 0.7297648 0.7385376 -0.1593425 0.8706431 0.716148 -0.04888677 0.5243335 0.7569603 -0.1677682 0.6724194 0.7591924 -0.28665 0.8205052 0.7014592 -0.1624684 0.4807259 0.7376702 -0.2882967 0.615074 0.7385376 -0.4018362 0.7552686 0.5755838 -0.2986369 0.4159393 0.5876079 -0.45063 0.5378386 0.5882717 -0.5643895 0.6779285 0.47619 -0.3084662 0.4008298 0.4761901 -0.4714973 0.5279103 0.4761901 -0.5927938 0.674847 0.3767964 -0.2986369 0.4159393 0.3647723 -0.45063 0.5378388 0.3641084 -0.5643894 0.6779288 0.3889915 0.1867017 0.3932526 0.4761901 0.2084748 0.3711531 0.5633887 0.1867017 0.3932524 0.3862945 0.1112284 0.3248849 0.47619 0.1318106 0.2992466 0.5660857 0.1112284 0.3248849 0.3889915 -0.001955986 0.3034926 0.47619 0.01398175 0.2786164 0.5633886 -0.001955986 0.3034923 0.600467 -0.2934704 1.06043 0.4761901 -0.3029544 1.088376 0.3519132 -0.2934704 1.06043 0.60913 -0.446765 1.019953 0.4761901 -0.4673474 1.045592 0.3432502 -0.446765 1.019953 0.600467 -0.5623487 0.9325021 0.4761901 -0.5905756 0.951531 0.3519132 -0.5623487 0.9325021 -0.3169816 -0.1494594 0.373981 -0.2785618 -0.5478721 0.7987216 -0.3169816 0.1707739 0.5263428 -0.2785618 -0.144516 0.9906316 -0.6130085 -0.1494594 0.373981 -0.6514284 -0.5478721 0.7987216 -0.6130085 0.1707739 0.5263428 -0.6514284 -0.144516 0.9906316 -0.3003786 0.1306171 0.4624341 -0.292432 0.04975694 0.4014573 -0.3003786 -0.05725002 0.3730502 -0.28576 -0.2557998 0.4483038 -0.2611271 -0.3883069 0.5674909 -0.2609992 -0.4943053 0.6992901 -0.2463805 -0.4929392 0.86966 -0.2298221 -0.3852935 0.9433811 -0.2463805 -0.2515011 0.9845324 -0.2609992 -0.05295133 0.9092788 -0.2611271 0.05277007 0.7773479 -0.28576 0.1319828 0.6328041 -0.5518282 0.2147607 0.5024683 -0.464995 0.2364308 0.4902734 -0.3781619 0.2147607 0.5024685 -0.353401 -0.1357293 1.039615 -0.464995 -0.1308901 1.064422 -0.576589 -0.1357293 1.039614 -0.668991 -0.05295133 0.9092788 -0.6688631 0.05277007 0.7773476 -0.64423 0.1319828 0.6328041 -0.6296115 -0.05725002 0.3730501 -0.6375581 0.0497567 0.4014573 -0.6296115 0.1306171 0.4624342 -0.6836096 -0.2515009 0.9845324 -0.700168 -0.3852935 0.9433811 -0.6836096 -0.4929395 0.8696601 -0.668991 -0.4943051 0.6992903 -0.6688631 -0.3883069 0.5674909 -0.64423 -0.2557998 0.4483038 -0.3781619 -0.1413937 0.333016 -0.464995 -0.1369169 0.3126413 -0.5518282 -0.1413937 0.333016 -0.5765891 -0.6087111 0.8145779 -0.4649951 -0.6396969 0.8223403 -0.353401 -0.6087111 0.8145779 -0.2397259 -0.1624684 0.480726 -0.2035149 -0.2882967 0.615074 -0.2026476 -0.4018364 0.7552685 -0.2250371 -0.04888677 0.5243335 -0.1842249 -0.1677682 0.6724194 -0.1819928 -0.28665 0.820505 -0.2397259 0.05257409 0.5830396 -0.2035149 -0.04723978 0.7297648 -0.2026476 -0.1593425 0.870643 -0.3656013 0.1887426 0.6478261 -0.3535773 0.1150932 0.807 -0.3529134 0.003210484 0.947983 -0.464995 0.2106928 0.647837 -0.464995 0.135961 0.8169285 -0.464995 0.01949375 0.9661629 -0.5643888 0.1887426 0.6478263 -0.5764128 0.1150934 0.807 -0.5770768 0.003210484 0.9479829 -0.6902642 0.05257409 0.5830396 -0.7264751 -0.04723978 0.7297648 -0.7273425 -0.1593425 0.870643 -0.704953 -0.04888677 0.5243335 -0.7457652 -0.1677682 0.6724194 -0.7479973 -0.28665 0.8205052 -0.6902641 -0.1624684 0.4807259 -0.7264751 -0.2882967 0.615074 -0.7273425 -0.4018362 0.7552685 -0.5643888 -0.2986369 0.4159395 -0.5764128 -0.45063 0.5378385 -0.5770767 -0.5643893 0.6779285 -0.464995 -0.3084662 0.4008299 -0.4649951 -0.4714971 0.5279102 -0.4649951 -0.5927935 0.674847 -0.3656014 -0.2986367 0.4159395 -0.3535773 -0.4506297 0.5378386 -0.3529134 -0.5643893 0.6779288 -0.3777965 0.1867017 0.3932527 -0.4649951 0.2084748 0.3711531 -0.5521937 0.1867017 0.3932525 -0.3750995 0.1112284 0.3248849 -0.464995 0.1318106 0.2992466 -0.5548906 0.1112284 0.3248849 -0.3777965 -0.001955986 0.3034926 -0.464995 0.01398175 0.2786166 -0.5521935 -0.001955986 0.3034923 -0.5892719 -0.2934702 1.06043 -0.4649951 -0.3029542 1.088376 -0.3407182 -0.2934704 1.06043 -0.597935 -0.446765 1.019953 -0.4649951 -0.4673472 1.045592 -0.3320552 -0.4467647 1.019953 -0.5892719 -0.5623484 0.932502 -0.4649951 -0.5905755 0.951531 -0.3407182 -0.5623484 0.9325021 0.5055976 0.08894294 1.876999 0.5950919 0.4057641 1.399347 0.5055975 -0.8077913 1.612503 0.5950918 -0.5901638 0.6679366 -0.4944025 0.08894294 1.876999 -0.5838969 0.4057641 1.399347 -0.4944025 -0.8077914 1.612503 -0.5838968 -0.5901634 0.6679366 0.2740805 1.032107 1.265345 0.2740805 0.6431345 0.6263303 -0.2628855 1.032107 1.265345 -0.2628855 0.643135 0.6263303 -0.7496921 0.1801242 1.233637 -0.8049573 -0.0921998 1.033642 -0.7496922 -0.3645237 0.8336467 0.3279773 0.5458164 1.502201 0.005597531 0.5925006 1.536486 -0.3167822 0.5458159 1.502201 0.5808932 0.1576936 1.791654 0.6340683 0.2282977 1.657451 0.6361384 0.2998943 1.513687 -0.6249434 -0.7921791 0.8954776 -0.6228733 -0.8792451 1.17307 -0.5696982 -0.8676439 1.435107 0.5808932 -0.8676439 1.435107 0.6340683 -0.8792451 1.173071 0.6361386 -0.7921791 0.8954776 -0.5696982 0.1576938 1.791654 -0.6228732 0.2282981 1.657451 -0.6249435 0.2998943 1.513687 0.3022475 -0.8747818 1.65227 0.005597531 -0.908549 1.67322 -0.2910524 -0.8747818 1.65227 0.5785303 -0.09322214 1.867475 0.6151654 -0.3595839 1.814906 0.5785303 -0.6258389 1.715423 -0.3167822 -0.730216 0.5650819 0.005597531 -0.7768999 0.5307973 0.3279773 -0.7302161 0.5650819 -0.5673353 -0.6258389 1.715423 -0.6039704 -0.3595839 1.814906 -0.5673353 -0.09322214 1.867475 -0.2910525 0.1557209 1.930628 0.005597531 0.1893811 1.956592 0.3022475 0.1557207 1.930628 0.7608872 -0.3645239 0.8336466 0.8161522 -0.0921998 1.033642 0.7608872 0.1801242 1.233637 -0.2870216 1.008149 1.143214 -0.2979606 0.9249 0.9576357 -0.2870217 0.7832846 0.7641679 0.161926 1.103577 1.319597 0.005597531 1.138296 1.346832 -0.1507309 1.103578 1.319597 -0.1507309 0.6878571 0.5877845 0.005597531 0.7115037 0.5684386 0.161926 0.6878566 0.5877846 0.2982168 0.7832846 0.7641679 0.3091557 0.9248998 0.9576357 0.2982167 1.00815 1.143214 0.5247678 0.5704693 1.341675 0.437654 0.7604482 1.317407 0.3465347 0.9291512 1.294816 -0.3353396 0.9291512 1.294816 -0.4264589 0.7604479 1.317407 -0.5135728 0.5704693 1.341675 -0.5135727 -0.2773466 0.5433051 -0.4264589 0.08367961 0.5152938 -0.3353396 0.4178066 0.5591543 0.3465346 0.4178066 0.5591543 0.437654 0.08367961 0.5152938 0.5247678 -0.2773469 0.5433051 0.3217546 -0.07434797 1.95915 0.005597531 -0.05850267 1.991699 -0.3105596 -0.07434797 1.959151 0.338738 -0.3598349 1.925203 0.005597531 -0.3599191 1.962133 -0.327543 -0.3598349 1.925203 0.3217546 -0.6451677 1.823591 0.005597531 -0.6611671 1.858706 -0.3105596 -0.6451674 1.82359 0.3504111 -0.945837 0.8092778 0.349184 -1.035673 1.110841 0.3230604 -1.008153 1.406691 0.005597531 -0.997083 0.780928 0.005597531 -1.088032 1.093166 0.005597531 -1.056006 1.406336 -0.339216 -0.9458366 0.8092778 -0.3379889 -1.035673 1.110841 -0.3118653 -1.008153 1.406691 -0.8023344 -0.5447348 1.035892 -0.8000406 -0.6281474 1.285628 -0.7263686 -0.6377546 1.526643 -0.8614806 -0.2461443 1.205447 -0.859225 -0.3254893 1.422177 -0.7793958 -0.3550303 1.637609 -0.8023343 0.05244821 1.374136 -0.8000407 -0.02281522 1.551809 -0.7263686 -0.07225441 1.725963 -0.2784186 0.689866 1.454046 0.005597531 0.7299094 1.49156 0.2896136 0.689866 1.454046 -0.2314415 0.8570027 1.431006 0.005597531 0.8911406 1.469328 0.2426366 0.8570029 1.431006 -0.1841002 1.006108 1.397038 0.005597531 1.037954 1.432764 0.1952953 1.006108 1.397038 0.8135294 0.05244821 1.374136 0.8112357 -0.02281546 1.551809 0.7375636 -0.07225441 1.725963 0.8726757 -0.2461443 1.205447 0.87042 -0.3254895 1.422177 0.7905909 -0.3550305 1.637609 0.8135294 -0.5447349 1.035892 0.8112357 -0.6281476 1.285628 0.7375637 -0.6377549 1.526643 -0.339216 0.4535503 1.600751 -0.3379889 0.3847103 1.726596 -0.3118653 0.2981441 1.845914 0.005597531 0.5047943 1.629966 0.005597531 0.4370532 1.751188 0.005597472 0.3459448 1.868883 0.3504111 0.4535503 1.600751 0.349184 0.3847103 1.726596 0.3230604 0.2981438 1.845914 -0.1449075 1.123784 1.17226 0.005597531 1.165474 1.188706 0.1561026 1.123784 1.17226 -0.1470052 1.062118 0.9761844 0.005597531 1.108062 0.982395 0.1582002 1.062118 0.9761843 -0.1449075 0.9162716 0.7687298 0.005597531 0.9587628 0.7636631 0.1561026 0.9162716 0.7687298 0.2896136 -0.3956685 0.4310794 0.005597531 -0.4346359 0.3937109 -0.2784185 -0.3956683 0.4310795 0.2426366 -0.004270076 0.4028584 0.005597531 -0.02980279 0.3656988 -0.2314414 -0.004270076 0.4028584 0.1952953 0.3730034 0.4612781 0.005597531 0.3692898 0.4293549 -0.1841002 0.373003 0.4612782 -0.6592313 -0.08482217 0.7242656 -0.707672 0.1476368 0.9426354 -0.6592313 0.3790204 1.16086 -0.5451105 0.24054 0.6976623 -0.5837627 0.430669 0.9175137 -0.5451106 0.6121928 1.136202 -0.4194223 0.5469121 0.7261574 -0.4450492 0.7036223 0.9310598 -0.4194223 0.832199 1.132159 0.6704264 0.3790202 1.16086 0.718867 0.1476366 0.9426354 0.6704264 -0.08482217 0.7242656 0.5563057 0.6121928 1.136202 0.5949576 0.4306688 0.9175137 0.5563057 0.24054 0.6976623 0.4306173 0.8321995 1.132159 0.4562444 0.7036221 0.9310597 0.4306173 0.5469121 0.7261573 0.7805908 -0.1798792 1.472793 0.7692359 -0.5758391 1.393321 0.8464261 0.2427682 1.158257 0.8039156 -0.06138539 1.057863 0.8726145 -0.5846402 1.396619 0.8839694 -0.1886804 1.476091 0.9072944 -0.07018661 1.061161 0.9498049 0.2339673 1.161556 0.7607385 -0.5300263 1.433212 0.7580798 -0.428233 1.468305 0.766678 -0.2927537 1.479827 0.8082874 0.03645366 1.054067 0.8193506 0.1429939 1.07209 0.8343061 0.2145586 1.114166 0.8278619 0.1818206 1.228804 0.8051325 0.07076376 1.325017 0.7880043 -0.06658673 1.414883 0.7671827 -0.4972882 1.318574 0.7722979 -0.3560028 1.215377 0.786961 -0.1897135 1.119011 0.8791965 -0.5401111 1.436991 0.8841124 -0.4389627 1.472325 0.885136 -0.3028388 1.483606 0.9267455 0.02636855 1.057846 0.9453832 0.1322641 1.07611 0.9527642 0.2044737 1.117946 0.9463197 0.1717357 1.232584 0.9311651 0.06003397 1.329038 0.9064623 -0.0766716 1.418662 0.8856407 -0.5073732 1.322353 0.8983306 -0.3667326 1.219398 0.905419 -0.1997984 1.12279 0.8234807 -0.04522657 1.026151 0.8532566 -0.03835177 1.010756 0.8848153 -0.05044841 1.028108 0.8491211 -0.6518601 1.415213 0.8173719 -0.6843837 1.424019 0.7877864 -0.6466385 1.413256 0.8762362 0.2913756 1.143905 0.9114772 0.31361 1.137444 0.9375707 0.2861537 1.145862 0.7967535 -0.1810048 1.501604 0.8248204 -0.1828122 1.516611 0.8580881 -0.1862264 1.503561 0.7664229 -0.1714516 1.399259 0.7798795 -0.02448534 1.299589 0.803346 0.1096603 1.197214 0.7541642 -0.2971966 1.377899 0.7649444 -0.1405959 1.269439 0.7876499 0.01498979 1.16136 0.7545375 -0.4079566 1.345848 0.7619348 -0.2577214 1.239669 0.7811717 -0.09652614 1.136893 0.917147 -0.1842833 1.404067 0.9158131 -0.3109584 1.383055 0.9052616 -0.4207885 1.350656 0.9415282 -0.03824734 1.304746 0.9385187 -0.1553731 1.274976 0.9235836 -0.2714834 1.244826 0.95407 0.0968284 1.202022 0.9492987 0.001227796 1.166517 0.9318956 -0.1093578 1.141701 0.7910416 -0.5706754 1.313403 0.7962351 -0.4187367 1.200797 0.8077864 -0.230104 1.097806 0.8226583 -0.6034762 1.316025 0.8291214 -0.4418591 1.196708 0.8386912 -0.2398615 1.087765 0.8564094 -0.5762405 1.315488 0.8651145 -0.4246008 1.202994 0.8731541 -0.2356689 1.099892 0.8396529 0.1078441 1.000765 0.8565848 0.2212738 1.017017 0.8717167 0.2848894 1.067727 0.8733256 0.127438 0.9822953 0.8939232 0.2453668 0.9993708 0.9087232 0.3092458 1.053936 0.9050208 0.1022789 1.00285 0.925464 0.2154099 1.019215 0.9370846 0.2793245 1.069812 0.8620874 0.2359714 1.239023 0.8383486 0.128632 1.341421 0.815275 -0.01599955 1.434427 0.8982576 0.2560789 1.240111 0.8743416 0.1458902 1.347707 0.8473189 -0.004678964 1.444929 0.9274553 0.2304062 1.241109 0.9072279 0.1227679 1.343619 0.8806429 -0.02156448 1.436512 0.7834084 -0.3539476 1.531469 0.7779992 -0.5113788 1.5252 0.7814124 -0.6195937 1.484699 0.8126847 -0.3719785 1.550399 0.8095399 -0.5413357 1.545044 0.8121927 -0.656643 1.502199 0.8487761 -0.3595126 1.533554 0.8468783 -0.5172429 1.527398 0.8467801 -0.6251587 1.486784 -0.7693957 -0.1798792 1.472793 -0.7580409 -0.5758389 1.393321 -0.8352312 0.2427685 1.158257 -0.7927207 -0.06138515 1.057863 -0.8614194 -0.58464 1.396619 -0.8727745 -0.1886802 1.476091 -0.8960995 -0.07018613 1.061161 -0.9386097 0.2339673 1.161556 -0.7495436 -0.530026 1.433212 -0.7468847 -0.4282328 1.468305 -0.755483 -0.2927537 1.479827 -0.7970924 0.03645366 1.054067 -0.8081555 0.1429941 1.07209 -0.8231112 0.2145588 1.114166 -0.8166669 0.1818208 1.228804 -0.7939376 0.070764 1.325017 -0.7768093 -0.06658649 1.414883 -0.7559877 -0.497288 1.318574 -0.7611029 -0.3560026 1.215377 -0.7757659 -0.1897132 1.119011 -0.8680016 -0.5401109 1.436991 -0.8729174 -0.4389625 1.472325 -0.8739411 -0.3028383 1.483606 -0.9155504 0.02636903 1.057846 -0.9341881 0.1322643 1.07611 -0.9415692 0.2044739 1.117946 -0.9351248 0.171736 1.232583 -0.91997 0.06003421 1.329038 -0.8952674 -0.07667136 1.418662 -0.8744458 -0.5073729 1.322353 -0.8871356 -0.3667324 1.219398 -0.8942241 -0.1997981 1.12279 -0.8122858 -0.04522633 1.026151 -0.8420616 -0.03835153 1.010756 -0.8736203 -0.05044794 1.028108 -0.837926 -0.6518598 1.415213 -0.8061768 -0.6843835 1.424019 -0.7765914 -0.6466382 1.413256 -0.8650411 0.2913756 1.143905 -0.9002822 0.31361 1.137444 -0.9263758 0.286154 1.145862 -0.7855585 -0.1810045 1.501604 -0.8136255 -0.1828117 1.516611 -0.8468931 -0.1862264 1.503561 -0.7552279 -0.1714513 1.399259 -0.7686845 -0.02448511 1.299589 -0.792151 0.1096606 1.197214 -0.7429692 -0.2971964 1.377899 -0.7537495 -0.1405954 1.269439 -0.7764549 0.01498979 1.16136 -0.7433423 -0.4079566 1.345848 -0.7507397 -0.2577212 1.239669 -0.7699766 -0.0965259 1.136893 -0.9059519 -0.184283 1.404067 -0.904618 -0.3109584 1.383055 -0.8940665 -0.4207883 1.350656 -0.9303331 -0.0382471 1.304746 -0.9273236 -0.1553726 1.274976 -0.9123886 -0.2714832 1.244826 -0.9428749 0.09682887 1.202022 -0.9381037 0.001228034 1.166517 -0.9207006 -0.1093578 1.141701 -0.7798467 -0.5706752 1.313403 -0.7850401 -0.4187365 1.200797 -0.7965913 -0.2301035 1.097806 -0.8114634 -0.603476 1.316025 -0.8179264 -0.4418589 1.196708 -0.8274963 -0.239861 1.087765 -0.8452144 -0.5762403 1.315488 -0.8539195 -0.4246006 1.202994 -0.8619591 -0.2356687 1.099892 -0.828458 0.1078443 1.000765 -0.8453899 0.2212741 1.017017 -0.8605217 0.2848896 1.067727 -0.8621307 0.1274385 0.9822953 -0.8827281 0.245367 0.9993708 -0.8975282 0.309246 1.053936 -0.8938258 0.1022791 1.00285 -0.914269 0.2154102 1.019215 -0.9258895 0.2793247 1.069812 -0.8508924 0.2359716 1.239023 -0.8271537 0.1286323 1.341421 -0.80408 -0.01599931 1.434427 -0.8870624 0.2560791 1.240111 -0.8631467 0.1458907 1.347707 -0.836124 -0.004678726 1.444929 -0.9162603 0.2304065 1.241109 -0.8960328 0.1227681 1.343619 -0.869448 -0.02156448 1.436512 -0.7722133 -0.3539472 1.531469 -0.7668041 -0.5113786 1.5252 -0.7702173 -0.6195935 1.484699 -0.8014896 -0.3719783 1.550399 -0.7983449 -0.5413354 1.545044 -0.8009977 -0.6566427 1.502199 -0.8375812 -0.3595123 1.533554 -0.8356832 -0.5172426 1.527398 -0.8355851 -0.6251585 1.486784 0.3182123 -0.2291045 2.603749 0.3182123 -0.2291045 1.981226 0.3182123 -0.9043084 2.603749 0.3182123 -0.9043084 1.981226 -0.3070173 -0.2291045 2.603749 -0.3070173 -0.2291045 1.981226 -0.3070173 -0.9043084 2.603749 -0.3070173 -0.9043084 1.981226 -0.352617 -0.3664072 1.935824 -0.3755224 -0.5667062 1.913017 -0.352617 -0.7670058 1.935824 0.1910718 -0.1798599 1.935824 0.005597472 -0.1551237 1.913017 -0.1798768 -0.1798601 1.935824 0.363812 -0.1798601 2.477159 0.3867174 -0.1551237 2.292487 0.363812 -0.1798601 2.107816 -0.352617 -0.9535529 2.107816 -0.3755224 -0.9782892 2.292487 -0.352617 -0.953553 2.477159 0.363812 -0.953553 2.477159 0.3867173 -0.9782892 2.292487 0.363812 -0.953553 2.107816 -0.352617 -0.1798601 2.477159 -0.3755224 -0.1551237 2.292487 -0.352617 -0.1798601 2.107816 0.1910718 -0.9535531 2.649151 0.005597591 -0.9782892 2.671957 -0.1798768 -0.9535529 2.649151 0.363812 -0.3664069 2.649151 0.3867173 -0.5667064 2.671957 0.363812 -0.7670058 2.649151 -0.1798768 -0.9535529 1.935824 0.005597472 -0.9782892 1.913017 0.1910718 -0.9535529 1.935824 -0.352617 -0.7670056 2.649151 -0.3755224 -0.5667066 2.671957 -0.352617 -0.3664074 2.649151 -0.1798768 -0.1798601 2.649151 0.005597472 -0.1551237 2.671957 0.1910718 -0.1798601 2.649151 0.363812 -0.7670056 1.935824 0.3867174 -0.5667065 1.913017 0.363812 -0.3664072 1.935824 0.2032682 -0.3532357 2.7463 0.005597472 -0.3417688 2.779193 -0.1920732 -0.353236 2.7463 0.2138867 -0.5667065 2.779193 0.005597472 -0.5667065 2.815099 -0.2026917 -0.5667065 2.779193 0.2032682 -0.7801771 2.7463 0.005597472 -0.7916443 2.779193 -0.1920732 -0.7801772 2.7463 0.2032682 -1.058923 2.095672 0.2138867 -1.094601 2.292487 0.2032682 -1.058923 2.489302 0.005597472 -1.0946 2.0851 0.005597472 -1.133544 2.292487 0.005597531 -1.0946 2.499875 -0.1920732 -1.058923 2.095672 -0.2026917 -1.0946 2.292487 -0.1920732 -1.058923 2.489302 -0.4501885 -0.7801769 2.095672 -0.4832249 -0.7916443 2.292487 -0.4501885 -0.7801769 2.489302 -0.4832249 -0.5667065 2.0851 -0.5192866 -0.5667065 2.292487 -0.4832249 -0.5667065 2.499875 -0.4501885 -0.353236 2.095672 -0.4832249 -0.3417688 2.292487 -0.4501885 -0.353236 2.489302 -0.1920732 -0.353236 1.838675 0.005597472 -0.3417685 1.805781 0.2032682 -0.353236 1.838675 -0.2026917 -0.5667065 1.805781 0.005597472 -0.5667064 1.769876 0.2138867 -0.5667065 1.805781 -0.1920732 -0.7801767 1.838675 0.005597472 -0.7916443 1.805781 0.2032682 -0.7801772 1.838675 0.4613835 -0.353236 2.095672 0.4944199 -0.3417688 2.292487 0.4613835 -0.353236 2.489302 0.4944199 -0.5667065 2.0851 0.5304816 -0.5667065 2.292487 0.4944199 -0.5667065 2.499875 0.4613835 -0.7801769 2.095672 0.49442 -0.7916442 2.292487 0.4613835 -0.7801771 2.489302 -0.1920732 -0.07448959 2.095672 -0.2026917 -0.03881263 2.292487 -0.1920732 -0.07448959 2.489302 0.005597472 -0.03881263 2.0851 0.005597472 1.31573e-4 2.292487 0.005597472 -0.03881263 2.499875 0.2032682 -0.07448959 2.095672 0.2138867 -0.03881263 2.292487 0.2032682 -0.07448959 2.489302 0.1810252 -0.6098775 2.394419 -0.1698302 -0.6098775 2.394419 -0.08833682 -1.358032 2.126196 0.09953188 -1.358032 2.126196 -0.1890002 -1.005725 2.291915 0.2001952 -1.005725 2.291915 0.005597472 -0.5796905 2.441858 0.005597472 -1.382495 2.133516 -0.139482 -1.230099 2.195776 0.2198143 -0.762887 2.381755 -0.2086193 -0.762887 2.381755 0.1506771 -1.230099 2.195776 0.005597472 -1.005725 2.350672 0.005597472 -1.232511 2.238061 0.005597472 -0.7599108 2.453557 -0.1956968 -0.5905075 2.197981 0.2068918 -0.5905075 2.197981 -0.09685403 -1.372819 2.030163 0.108049 -1.372819 2.030163 0.2469826 -1.005725 2.096148 -0.2357876 -1.005725 2.096148 0.005597472 -0.5386005 2.198141 0.005597472 -1.414181 2.015229 -0.1728775 -1.231614 2.053058 0.1840726 -1.231614 2.053058 0.2721842 -0.760962 2.147474 -0.2609891 -0.760962 2.147474 -0.1935269 -0.593995 2.185828 0.005597472 -0.5427246 2.186113 0.2047219 -0.593995 2.185828 0.1067885 -1.36909 2.019651 0.005597472 -1.409596 2.005468 -0.09559345 -1.36909 2.019651 -0.2328673 -1.005604 2.085242 -0.1704306 -1.229748 2.042475 0.2440623 -1.005604 2.085242 0.1816256 -1.229748 2.042475 0.2691426 -0.7627151 2.136093 -0.2579475 -0.7627151 2.136093 -0.1407912 -1.048673 2.246377 -0.1407912 -1.048673 2.491565 -0.1407912 -0.8034845 2.246377 -0.1407912 -0.8034845 2.491565 -0.3859797 -1.048673 2.246377 -0.3859797 -1.048673 2.491565 -0.3859797 -0.8034846 2.246377 -0.3859797 -0.8034846 2.491565 -0.122909 -0.8533437 2.228495 -0.1139264 -0.9260789 2.219512 -0.122909 -0.9988139 2.228495 -0.122909 -1.066555 2.296236 -0.1139264 -1.075538 2.368971 -0.122909 -1.066555 2.441706 -0.122909 -0.9988139 2.509448 -0.1139264 -0.9260787 2.51843 -0.122909 -0.8533437 2.509448 -0.122909 -0.7856024 2.441706 -0.1139264 -0.7766197 2.368971 -0.122909 -0.7856023 2.296236 -0.3361206 -0.7856024 2.228495 -0.2633855 -0.7766199 2.219512 -0.1906503 -0.7856023 2.228495 -0.1906503 -0.7856024 2.509448 -0.2633855 -0.7766199 2.51843 -0.3361206 -0.7856023 2.509448 -0.4038619 -0.7856023 2.441706 -0.4128444 -0.7766197 2.368971 -0.4038619 -0.7856024 2.296236 -0.4038619 -0.9988139 2.228495 -0.4128444 -0.9260789 2.219512 -0.4038619 -0.8533437 2.228495 -0.4038619 -0.8533437 2.509448 -0.4128445 -0.9260789 2.51843 -0.4038619 -0.9988139 2.509448 -0.4038619 -1.066555 2.441706 -0.4128445 -1.075538 2.368971 -0.4038619 -1.066555 2.296236 -0.1906503 -1.066555 2.228495 -0.2633855 -1.075538 2.219512 -0.3361206 -1.066555 2.228495 -0.3361206 -1.066555 2.509448 -0.2633854 -1.075538 2.51843 -0.1906503 -1.066555 2.509448 -0.08464556 -1.003597 2.291453 -0.07169008 -1.007761 2.368971 -0.08464556 -1.003597 2.446489 -0.07169008 -0.9260789 2.287289 -0.05754822 -0.9260789 2.368971 -0.07169008 -0.9260787 2.450654 -0.08464556 -0.8485608 2.291453 -0.07169008 -0.8443967 2.368971 -0.08464556 -0.8485606 2.446489 -0.1858674 -0.7473388 2.291453 -0.1817032 -0.7343834 2.368971 -0.1858674 -0.747339 2.446489 -0.2633854 -0.7343834 2.287289 -0.2633855 -0.7202416 2.368971 -0.2633854 -0.7343834 2.450654 -0.3409035 -0.747339 2.291453 -0.3450676 -0.7343834 2.368971 -0.3409035 -0.7473388 2.446489 -0.4421253 -0.8485608 2.291453 -0.4550808 -0.8443967 2.368971 -0.4421253 -0.8485606 2.446489 -0.4550808 -0.9260787 2.287289 -0.4692226 -0.9260789 2.368971 -0.4550808 -0.9260787 2.450654 -0.4421253 -1.003597 2.291453 -0.4550808 -1.007761 2.368971 -0.4421253 -1.003597 2.446489 -0.3409035 -1.104819 2.291453 -0.3450676 -1.117774 2.368971 -0.3409035 -1.104819 2.446489 -0.2633854 -1.117774 2.287289 -0.2633854 -1.131916 2.368971 -0.2633854 -1.117774 2.450654 -0.1858673 -1.104819 2.291453 -0.1817032 -1.117774 2.368971 -0.1858674 -1.104819 2.446489 -0.1858674 -0.8485606 2.190232 -0.2633854 -0.8443967 2.177276 -0.3409035 -0.8485606 2.190232 -0.1817032 -0.9260787 2.177276 -0.2633854 -0.9260789 2.163134 -0.3450676 -0.9260787 2.177276 -0.1858674 -1.003597 2.190232 -0.2633854 -1.007761 2.177276 -0.3409035 -1.003597 2.190232 -0.3409035 -0.8485608 2.547711 -0.2633854 -0.8443967 2.560667 -0.1858674 -0.8485606 2.547711 -0.3450676 -0.9260787 2.560667 -0.2633854 -0.9260789 2.574809 -0.1817032 -0.9260787 2.560667 -0.3409035 -1.003597 2.547711 -0.2633855 -1.007761 2.560667 -0.1858674 -1.003597 2.547711 0.424215 0.02533715 0.4099078 0.424215 0.1296219 0.4108737 0.5281652 0.02533763 0.4099078 0.5281652 0.1296219 0.4108737 0.424215 0.1318783 0.1199081 0.4242151 0.02759402 0.1189425 0.5281652 0.1318783 0.1199081 0.5281652 0.02759402 0.1189423 0.5058326 0.1535394 0.08891606 0.6457093 -0.2495906 0.09951043 0.5654761 0.1759676 0.0889163 0.7053528 -0.2271624 0.09951019 0.5057327 0.1729605 0.02811288 0.6456093 -0.2585445 0.0288515 0.5653762 0.1953885 0.02811288 0.7052528 -0.2361164 0.0288515 0.6039554 -0.1606763 0.1305697 0.68348 -0.1307721 0.1305695 0.6038222 -0.1633852 0.02321672 0.6833469 -0.133481 0.02321672 0.6124685 0.06724733 0.1068063 0.6123353 0.07399648 0.0191648 0.5329439 0.03734296 0.1068065 0.5328107 0.04409235 0.01916527 0.3708319 0.1634955 0.08569192 0.2675278 -0.2074247 0.09646415 0.4254907 0.1469316 0.08569192 0.3221865 -0.2239885 0.09646415 0.3709058 0.1828935 0.03115606 0.2676016 -0.2164016 0.03207254 0.4255645 0.1663293 0.03115606 0.3222604 -0.2329655 0.03207254 0.2819132 -0.1193371 0.1264386 0.3547915 -0.1414225 0.1264386 0.2820117 -0.122077 0.0274415 0.3548901 -0.1441622 0.0274415 0.4072363 0.04024499 0.1025848 0.4073347 0.04696315 0.02329969 0.3343579 0.06233018 0.1025848 0.3344563 0.06904882 0.02329969 0.4392358 0.1496009 0.08569192 0.4559212 -0.2380157 0.09646415 0.4962049 0.152276 0.08569192 0.5128905 -0.2353406 0.09646415 0.4392238 0.1718368 0.03115582 0.4559094 -0.2469819 0.03207254 0.4961929 0.1745126 0.03115582 0.5128785 -0.2443066 0.03207254 0.4426316 -0.1497398 0.1264386 0.5185903 -0.1461721 0.1264386 0.4426156 -0.1524651 0.0274415 0.5185745 -0.1488977 0.0274415 0.5101194 0.0433101 0.1025848 0.5101036 0.05098527 0.02329969 0.4341606 0.03974264 0.1025848 0.4341447 0.04741805 0.02329969 0.4166337 0.108251 0.4318981 0.4128255 0.07723277 0.4422712 0.4166337 0.04637926 0.4313254 0.5070269 0.137063 0.4321649 0.4761901 0.1408009 0.4428601 0.4453533 0.137063 0.4321649 0.5357465 0.04637902 0.4313254 0.5395548 0.07723277 0.4422712 0.5357466 0.1082513 0.4318984 0.4453533 0.01756709 0.4310584 0.4761901 0.01366418 0.4416826 0.5070269 0.01756709 0.4310584 0.4166337 0.1108367 0.09849047 0.4128255 0.07998317 0.08754467 0.4166337 0.04896467 0.09791779 0.507027 0.1396486 0.09875774 0.4761902 0.1435518 0.08813357 0.4453533 0.1396489 0.0987575 0.5357466 0.04896467 0.09791779 0.5395548 0.07998317 0.08754491 0.5357467 0.1108367 0.09849071 0.4453533 0.0201525 0.097651 0.4761902 0.01641482 0.08695602 0.507027 0.02015274 0.097651 0.4166337 0.01819056 0.3506694 0.4128255 0.01503938 0.2643194 0.4166337 0.01952952 0.1780398 0.5357466 0.01952928 0.1780396 0.539555 0.01503938 0.2643192 0.5357466 0.01819056 0.3506694 0.5357466 0.1376867 0.3517764 0.5395548 0.1421761 0.2654967 0.5357466 0.1390252 0.1791461 0.4166337 0.1390252 0.1791465 0.4128255 0.1421763 0.2654965 0.4166336 0.1376867 0.3517761 0.61715 -0.1971054 0.1275675 0.628077 -0.2237015 0.1198762 0.6379429 -0.240973 0.1092088 0.5519757 0.1742162 0.09336757 0.5335934 0.1689255 0.09560394 0.5165892 0.1609096 0.09336733 0.5979376 0.1081562 0.1020179 0.5854632 0.1402559 0.09819602 0.574177 0.163156 0.09364461 0.6588988 -0.2474856 0.1029325 0.6771251 -0.2420423 0.1046014 0.6942854 -0.234179 0.1029327 0.6170174 -0.2024777 0.02274441 0.6279495 -0.2315641 0.02290797 0.6378276 -0.250046 0.02517008 0.5518612 0.1977128 0.02369523 0.5334715 0.1945669 0.02147626 0.5164747 0.1844062 0.02369523 0.5978052 0.1204237 0.0186088 0.5853356 0.1576476 0.01977539 0.5740619 0.1829533 0.02343606 0.6587843 -0.2583447 0.02324628 0.6770033 -0.2539051 0.02048134 0.6941707 -0.2450376 0.02324628 0.5000832 0.1605777 0.0765686 0.4971756 0.1680746 0.05853986 0.5000239 0.1723451 0.0404942 0.6423335 -0.2618265 0.04225468 0.6407074 -0.2616451 0.06254124 0.6423926 -0.2563963 0.08392429 0.7106768 -0.2361269 0.04225468 0.7134209 -0.2343023 0.06254124 0.7107363 -0.2306967 0.08392429 0.5684265 0.1862773 0.0765686 0.5698892 0.1954178 0.05853986 0.5683673 0.198045 0.04049444 0.5502327 -0.0112257 0.1139078 0.5690074 -0.0635128 0.1217613 0.5875033 -0.1148768 0.1280778 0.7067121 -0.2151134 0.1092086 0.7041961 -0.1950779 0.1198764 0.6962489 -0.1673613 0.1275675 0.5500994 -0.008214473 0.02041435 0.5688741 -0.06273269 0.0217998 0.58737 -0.1157076 0.02288079 0.7065969 -0.2241864 0.02517008 0.7040687 -0.2029407 0.02290773 0.6961163 -0.1727336 0.02274417 0.6946331 -0.1271806 0.1062474 0.6983242 -0.1265195 0.07689309 0.6945602 -0.1286619 0.04753875 0.5927421 -0.1654952 0.1062477 0.5889779 -0.1676378 0.07689309 0.5926693 -0.1669765 0.04753899 0.6653108 -0.1406374 0.008120298 0.6435596 -0.148941 0.003087997 0.6218207 -0.156991 0.008120059 0.6219914 -0.1535199 0.1456661 0.6437428 -0.145216 0.1506984 0.6654816 -0.1371663 0.1456661 0.667028 -0.08497262 0.1280775 0.648532 -0.03360867 0.1217613 0.6297572 0.01867812 0.1139081 0.6668948 -0.0858035 0.02288055 0.6483988 -0.03282856 0.0217998 0.629624 0.02168983 0.02041459 0.5054079 0.1372961 0.09364461 0.509344 0.1116323 0.09819602 0.5188387 0.07841199 0.1020177 0.5052927 0.157094 0.02343559 0.5092166 0.129024 0.01977586 0.5187061 0.09067958 0.01860904 0.55098 0.04316943 0.1191309 0.5727313 0.05102986 0.1232393 0.5944699 0.05952352 0.1191309 0.5942992 0.06817048 0.006840229 0.572548 0.06030982 0.002732276 0.5508093 0.0518164 0.006840467 0.6236216 0.07298177 0.08695006 0.6273128 0.07622903 0.06298565 0.6235486 0.07667297 0.03902101 0.5217306 0.03466743 0.0869503 0.5179664 0.03511065 0.06298565 0.5216577 0.03835815 0.03902125 0.2725208 -0.1529164 0.1234751 0.2669166 -0.1783133 0.1159525 0.2657122 -0.1965618 0.105679 0.415389 0.1527934 0.08968448 0.3996835 0.1589109 0.09169054 0.38296 0.162621 0.08968496 0.4176157 0.07799571 0.09780025 0.4243628 0.1085398 0.09412097 0.426616 0.1320896 0.08994674 0.277859 -0.2130046 0.09943056 0.2936799 -0.2190054 0.1008706 0.310288 -0.2228317 0.09943103 0.2726188 -0.158319 0.02696371 0.2670108 -0.1862054 0.0269823 0.2657973 -0.2056613 0.02886629 0.4154736 0.1762638 0.02719402 0.3997734 0.1845245 0.0252037 0.3830446 0.1860911 0.02719354 0.4177135 0.09023278 0.02270317 0.424457 0.1259026 0.02369928 0.4267011 0.1518611 0.02696371 0.2779436 -0.2238896 0.02692556 0.2937699 -0.2308965 0.02439069 0.3103727 -0.233717 0.02692604 0.3678792 0.1730556 0.07461738 0.3664103 0.1818144 0.05844688 0.3679229 0.1848092 0.04226112 0.2628219 -0.2165926 0.0442028 0.2604066 -0.2148538 0.06263113 0.2627781 -0.2111487 0.08215379 0.3254535 -0.2355728 0.0442028 0.3270431 -0.2350478 0.06263065 0.3254097 -0.2301288 0.08215379 0.4305107 0.1540753 0.07461738 0.4330468 0.1616208 0.05844688 0.4305545 0.1658291 0.04226112 0.3215896 0.01774209 0.1097083 0.3077237 -0.03022146 0.1175857 0.2940638 -0.07732629 0.1239252 0.3287339 -0.2156601 0.1056786 0.336674 -0.1994529 0.1159525 0.3450092 -0.1748834 0.1234751 0.321688 0.02072304 0.02457094 0.3078221 -0.02947187 0.02598047 0.2941622 -0.07818794 0.02708435 0.328819 -0.2247596 0.02886629 0.3367682 -0.207345 0.0269823 0.345107 -0.1802862 0.02696371 0.3650624 -0.1451492 0.1040096 0.3685055 -0.1469333 0.07694005 0.3651163 -0.1466475 0.04987049 0.271687 -0.1168523 0.1040096 0.2682978 -0.1165662 0.07694005 0.2717409 -0.1183505 0.04987049 0.3383924 -0.139544 0.01352024 0.3184693 -0.1336334 0.008879661 0.298537 -0.1274662 0.01352024 0.2984109 -0.1239557 0.1403598 0.318334 -0.1298661 0.1450006 0.3382662 -0.1360335 0.1403598 0.3669421 -0.09941148 0.1239257 0.380602 -0.05230665 0.1175852 0.3944679 -0.004343271 0.1097083 0.3670406 -0.1002731 0.02708482 0.3807004 -0.0515573 0.02597999 0.3945662 -0.001362323 0.02457094 0.3635943 0.1511881 0.08994674 0.3546054 0.1296796 0.09412097 0.3451274 0.09996265 0.09780025 0.3636794 0.1709594 0.02696371 0.3546996 0.1470417 0.02369928 0.3452253 0.1121997 0.02270269 0.3508556 0.05638188 0.1137343 0.3707786 0.05002778 0.1174507 0.390711 0.04430383 0.1137343 0.390837 0.05291169 0.01215028 0.3709139 0.05926555 0.008433341 0.3509817 0.06498974 0.01214981 0.4175071 0.03866118 0.0846219 0.4209501 0.03946298 0.06294202 0.4175609 0.04233545 0.04126214 0.3241317 0.06695836 0.0846219 0.3207424 0.06983035 0.06294202 0.3241856 0.07063239 0.04126262 0.4443833 -0.1846356 0.1234751 0.4469323 -0.2105589 0.1159525 0.4511809 -0.2282829 0.105679 0.4844565 0.1542291 0.08968448 0.4674745 0.1546332 0.0916903 0.4506568 0.1526417 0.08968472 0.5082084 0.08274739 0.09780001 0.5054749 0.1143374 0.09412097 0.5010568 0.1380026 0.0899465 0.4676325 -0.2397966 0.09943056 0.4845961 -0.2401471 0.1008706 0.5014324 -0.2382093 0.09943103 0.4443676 -0.1900241 0.02696371 0.446917 -0.2184377 0.0269823 0.4511672 -0.23737 0.02886629 0.4844429 0.1811349 0.02719402 0.4674599 0.1839973 0.02520346 0.4506431 0.1795477 0.0271933 0.5081924 0.09675639 0.02270293 0.5054597 0.1342301 0.02369904 0.501043 0.1606636 0.02696371 0.4676189 -0.2506695 0.02692556 0.4845815 -0.2520249 0.02439069 0.5014187 -0.2490821 0.02692604 0.4349139 0.1586184 0.07461738 0.4327406 0.1676845 0.05844688 0.4349068 0.1720924 0.04226112 0.4518826 -0.2486911 0.0442028 0.4498622 -0.2477169 0.06263113 0.4518897 -0.2432532 0.08215379 0.5171616 -0.2456253 0.0442028 0.5193154 -0.2444551 0.06263065 0.5171687 -0.2401877 0.08215379 0.5001929 0.161684 0.07461714 0.5021938 0.1709461 0.05844688 0.5001857 0.1751582 0.04226112 0.4362229 -0.006826877 0.1097083 0.4384626 -0.0568645 0.1175857 0.440669 -0.105969 0.1239252 0.5168666 -0.2251983 0.1056786 0.5196382 -0.2071447 0.1159525 0.5199356 -0.1810875 0.1234751 0.4362071 -0.003434181 0.02457094 0.4384467 -0.05598258 0.02598047 0.440653 -0.1068015 0.02708435 0.5168527 -0.2342854 0.02886629 0.5196231 -0.2150231 0.0269823 0.5199199 -0.1864758 0.02696371 0.5292684 -0.1462879 0.1040096 0.5328248 -0.1468663 0.07694005 0.5292598 -0.1477785 0.04987049 0.4319461 -0.1508584 0.1040096 0.4283813 -0.1517711 0.07694005 0.4319375 -0.152349 0.04987049 0.5013629 -0.1500893 0.01352024 0.4805921 -0.1511927 0.008879661 0.4598228 -0.1520405 0.01352024 0.4598432 -0.1485481 0.1403598 0.4806139 -0.1474447 0.1450006 0.5013832 -0.1465969 0.1403598 0.5166278 -0.1024017 0.1239257 0.5144215 -0.05329704 0.1175852 0.5121818 -0.00325942 0.1097083 0.5166119 -0.1032343 0.02708482 0.5144055 -0.05241537 0.02597999 0.5121659 1.33003e-4 0.02457094 0.4353711 0.1349182 0.0899465 0.4327689 0.1109225 0.09412097 0.432656 0.07919925 0.09780001 0.4353574 0.1575789 0.02696347 0.4327536 0.1308155 0.02369904 0.4326403 0.09320825 0.02270269 0.4513723 0.03947156 0.1137343 0.472143 0.04008716 0.1174507 0.4929123 0.0414223 0.1137343 0.4928919 0.05125588 0.01215028 0.4721212 0.05064052 0.008433341 0.451352 0.04930537 0.01214981 0.5207975 0.04555028 0.0846219 0.5243539 0.04781621 0.06294202 0.5207889 0.0497474 0.04126214 0.4234752 0.04098004 0.0846219 0.4199104 0.04291146 0.06294202 0.4234666 0.0451774 0.04126262 0.4433255 0.1099333 0.4773243 0.4415601 0.07684367 0.4923931 0.4433255 0.04399293 0.4767135 0.4761902 0.1115851 0.4927149 0.4761901 0.0767135 0.5091754 0.4761902 0.04210251 0.4920715 0.5090547 0.1099333 0.4773243 0.5108202 0.07684367 0.4923933 0.5090547 0.04399293 0.4767137 0.4433256 0.113223 0.05310249 0.4761902 0.1151134 0.03774452 0.5090548 0.113223 0.05310249 0.4415601 0.08037203 0.03742265 0.4761902 0.08050197 0.02064037 0.5108203 0.08037227 0.03742265 0.4433256 0.04728263 0.05249166 0.4761902 0.04563063 0.03710126 0.5090548 0.04728263 0.0524919 0.5090547 0.001872479 0.356195 0.4761901 -0.003676414 0.3610852 0.4433255 0.001872479 0.3561947 0.5108202 -0.002924442 0.264153 0.4761902 -0.008939504 0.2640975 0.4415602 -0.002924442 0.2641528 0.5090548 0.003298938 0.1722131 0.4761902 -0.002172946 0.1672206 0.4433256 0.003299176 0.1722133 0.4433255 0.1539168 0.3576027 0.4761901 0.159389 0.3625953 0.5090547 0.1539168 0.3576028 0.4415601 0.1601405 0.2656629 0.4761902 0.1661553 0.2657187 0.5108203 0.1601405 0.2656629 0.4433256 0.1553435 0.1736212 0.4761902 0.1608924 0.1687307 0.5090548 0.1553435 0.1736209 0.5519688 0.1108651 0.3572042 0.5574614 0.07785624 0.3618405 0.5519688 0.04492419 0.3565934 0.5574614 0.1133494 0.2652295 0.563457 0.07860797 0.2649081 0.5574614 0.04386657 0.2645862 0.5519688 0.1122915 0.1732226 0.5574614 0.07935971 0.1679757 0.5519687 0.04635089 0.1726117 0.4004115 0.04492419 0.3565934 0.3949189 0.07785648 0.3618405 0.4004115 0.1108646 0.3572041 0.394919 0.04386657 0.2645862 0.3889234 0.07860797 0.2649081 0.394919 0.1133491 0.2652297 0.4004116 0.04635113 0.1726117 0.394919 0.07935947 0.1679754 0.4004116 0.1122915 0.1732226 0.6351 -0.1896341 0.1422854 0.6454253 -0.2162955 0.1333294 0.6536609 -0.2347109 0.1199772 0.6567438 -0.1812759 0.1471806 0.6663166 -0.208313 0.1377277 0.6728952 -0.2278676 0.1233392 0.6783556 -0.1733685 0.1422854 0.68704 -0.2006469 0.1333294 0.6916087 -0.2204411 0.119977 0.6349301 -0.1965335 0.008006811 0.6565614 -0.1886892 0.003090858 0.6781857 -0.1802678 0.008006811 0.6452619 -0.2265 0.009293317 0.6661412 -0.2193389 0.004733085 0.6868765 -0.2108512 0.009293079 0.6535143 -0.2466045 0.01379799 0.672738 -0.2408285 0.009907722 0.6914622 -0.2323346 0.01379823 0.5076696 0.07705682 0.08311963 0.4984843 0.1119332 0.08042335 0.4956358 0.1396174 0.0779159 0.5039108 0.07905668 0.0603137 0.4947633 0.1156642 0.05898809 0.4921006 0.1449966 0.05854916 0.507597 0.08375638 0.03750705 0.4984146 0.1213726 0.03755044 0.4955723 0.1504125 0.03917431 0.6976781 -0.2432489 0.08227396 0.6795864 -0.2525172 0.08238434 0.6599646 -0.2574306 0.08227396 0.6994227 -0.2485521 0.05996394 0.6803866 -0.2587192 0.05910086 0.6596835 -0.2634955 0.05996394 0.6976148 -0.2496784 0.03923511 0.6795198 -0.2595306 0.03754353 0.6599014 -0.26386 0.03923511 0.5124489 0.1756558 0.07779121 0.5303081 0.1856386 0.07883596 0.5501623 0.1898374 0.07779097 0.5104052 0.1857233 0.05858016 0.5291841 0.1970286 0.05859351 0.5501444 0.2006669 0.05858016 0.5123859 0.1895289 0.03934431 0.5302416 0.2007517 0.03832411 0.5500993 0.2037105 0.03934431 0.7073549 -0.1644282 0.1038118 0.7149741 -0.1930947 0.09785318 0.7163425 -0.2145994 0.09014129 0.7110381 -0.1645317 0.0751357 0.718601 -0.1941319 0.07123041 0.7197353 -0.2167049 0.06662344 0.7072823 -0.1673617 0.04647994 0.7149042 -0.19736 0.04476928 0.7162789 -0.2195437 0.04363393 0.6409103 0.0235657 0.09272599 0.659685 -0.02922677 0.0991137 0.6781809 -0.08095526 0.104244 0.6446015 0.0257911 0.06716132 0.6633763 -0.02761149 0.07178044 0.6818723 -0.07978105 0.07547903 0.6408374 0.0252127 0.04159665 0.6596122 -0.02880001 0.04444718 0.6781081 -0.08140993 0.0467143 0.6288442 -0.2475021 0.09014129 0.6173976 -0.2297869 0.09785318 0.6060033 -0.2025402 0.1038118 0.625898 -0.2519913 0.06662344 0.6138567 -0.2335196 0.07123041 0.602267 -0.2054336 0.07513546 0.6287805 -0.2524462 0.04363369 0.6173277 -0.2340524 0.04476904 0.6059307 -0.2054739 0.04648017 0.568098 -0.001015663 0.007267236 0.5898367 0.007302224 0.002884626 0.611588 0.01533836 0.007267236 0.5868727 -0.05584788 0.007742881 0.6086115 -0.04763412 0.003057003 0.6303628 -0.03949356 0.007742404 0.6053686 -0.1090493 0.008087396 0.6271074 -0.1009114 0.003155946 0.6488587 -0.09269547 0.008087396 0.5682687 -0.004874229 0.1270554 0.5870435 -0.05684757 0.135818 0.6055395 -0.1079846 0.1428709 0.5900198 0.003161609 0.1314378 0.6087947 -0.04870748 0.1405037 0.6272907 -0.09976863 0.1478021 0.6117587 0.01147931 0.1270554 0.6305335 -0.04049372 0.135818 0.6490294 -0.09163093 0.1428712 0.5204526 0.1413736 0.1032105 0.5265122 0.1158974 0.1092501 0.5367662 0.08345407 0.1137502 0.5390979 0.14853 0.106451 0.5472233 0.1231777 0.1129432 0.5583874 0.09104579 0.1176624 0.5584005 0.1556434 0.1032109 0.5681268 0.131546 0.1092501 0.5800219 0.0997197 0.1137505 0.520306 0.1672887 0.01387953 0.5389407 0.1767497 0.01064777 0.5582539 0.1815586 0.01387929 0.5263486 0.138452 0.008723735 0.5470479 0.1475381 0.005033016 0.5679634 0.1541004 0.008723735 0.5365964 0.09920567 0.006876468 0.5582053 0.1079692 0.002964973 0.579852 0.1154713 0.006876468 0.5831342 0.1725196 0.07791566 0.5960609 0.1486256 0.08042335 0.6090212 0.115169 0.08311986 0.5859379 0.180283 0.0585494 0.5995077 0.1550517 0.05898857 0.6126819 0.1199588 0.0603137 0.5830706 0.1833152 0.03917407 0.595991 0.1580648 0.03755044 0.6089487 0.1218686 0.03750681 0.57629 -0.1192703 0.1042442 0.5577941 -0.06754159 0.0991137 0.5390194 -0.01474881 0.09272599 0.5725259 -0.1208992 0.07547903 0.5540298 -0.06872987 0.07178044 0.5352552 -0.01532697 0.06716132 0.5762171 -0.1197248 0.04671454 0.5577211 -0.06711483 0.04444742 0.5389464 -0.01310205 0.04159641 0.2889237 -0.157155 0.1370238 0.282656 -0.182164 0.1282786 0.279608 -0.2003036 0.1154637 0.3087323 -0.1629319 0.1415292 0.3016623 -0.1877649 0.1323 0.2968037 -0.2058044 0.1184926 0.3285643 -0.1691675 0.1370241 0.3207927 -0.1937211 0.1282784 0.3143843 -0.2108426 0.1154637 0.2890492 -0.1640935 0.01339483 0.3088669 -0.1703878 0.008869171 0.3286898 -0.1761065 0.01339483 0.2827768 -0.1924062 0.01449489 0.3017919 -0.1988311 0.01031208 0.3209134 -0.2039633 0.01449537 0.2797163 -0.2122312 0.01847839 0.2969199 -0.218802 0.01492118 0.3144926 -0.2227697 0.01847887 0.3349626 0.1058716 0.08078527 0.3448702 0.1369638 0.07816171 0.3553133 0.1595375 0.07583665 0.3315991 0.1102857 0.06025218 0.3416869 0.1430063 0.05891275 0.3526788 0.1669049 0.05846309 0.3350161 0.1125547 0.03971815 0.3449216 0.1463875 0.0396614 0.3553603 0.1703181 0.04108238 0.3097079 -0.2321491 0.08038425 0.2918621 -0.2289133 0.08038902 0.2751464 -0.2216754 0.08038377 0.3100957 -0.237946 0.0600562 0.2912712 -0.2349312 0.05919456 0.2736777 -0.2269096 0.06005668 0.3097546 -0.2385931 0.04130792 0.2919113 -0.2359421 0.03972339 0.2751931 -0.2281194 0.0413084 0.3840923 0.1774425 0.07571411 0.4021097 0.1748676 0.07665109 0.4186537 0.1669688 0.07571363 0.3839253 0.1879346 0.05848312 0.4029399 0.1859989 0.05849504 0.4203433 0.1768984 0.05848312 0.384139 0.1913008 0.04122972 0.4021589 0.1899654 0.04031467 0.4187004 0.1808271 0.0412302 0.3552206 -0.1792288 0.1016026 0.3464697 -0.2044721 0.09574222 0.3371196 -0.2212072 0.08823108 0.3586398 -0.1817637 0.07519912 0.3497222 -0.2078426 0.07130622 0.3398592 -0.2253332 0.06670713 0.3552741 -0.1821792 0.0488162 0.3465213 -0.2087536 0.0470314 0.3371666 -0.2261663 0.04571151 0.4047387 -0.00677371 0.09041929 0.3908729 -0.05524301 0.09683132 0.3772129 -0.1027126 0.1019855 0.4081817 -0.00699377 0.0671401 0.3943159 -0.05607318 0.07178306 0.380656 -0.1039834 0.07550525 0.4047925 -0.005143642 0.04385995 0.3909267 -0.05483293 0.0467348 0.3772668 -0.1031838 0.04902553 0.2569339 -0.1969075 0.08823108 0.2570482 -0.1773734 0.09574222 0.2623394 -0.1510818 0.1016026 0.2538644 -0.1992731 0.06670713 0.253732 -0.1787534 0.07130622 0.2589593 -0.151556 0.07519912 0.2569809 -0.2018662 0.04571104 0.2570998 -0.1816549 0.0470314 0.2623929 -0.154032 0.0488162 0.3382133 0.01613849 0.01259851 0.3581456 0.01023906 0.008607864 0.3780687 0.004060685 0.01259899 0.3243474 -0.03436994 0.01309823 0.3442798 -0.0403738 0.008804321 0.3642028 -0.04644799 0.01309871 0.3106876 -0.08331251 0.01346635 0.3306198 -0.08939218 0.008927345 0.3505429 -0.09539079 0.01346683 0.3380872 0.01231902 0.1216807 0.3242214 -0.03533077 0.1304671 0.3105614 -0.08220863 0.1375438 0.3580103 0.006140649 0.1256714 0.3441444 -0.04140472 0.1347612 0.3304845 -0.08820772 0.1420831 0.3779426 2.41484e-4 0.1216807 0.3640767 -0.04740858 0.1304673 0.3504167 -0.09428691 0.1375438 0.3779873 0.1451067 0.0985279 0.3704779 0.1226463 0.1040478 0.3615469 0.09328979 0.1083636 0.3956182 0.1397829 0.1014347 0.3896172 0.116302 0.1073647 0.381372 0.08674091 0.111886 0.4127636 0.1345679 0.09852838 0.4086146 0.1110897 0.1040478 0.4011875 0.08127683 0.1083641 0.3780956 0.170988 0.01839113 0.3957343 0.1679663 0.01549148 0.4128719 0.1604492 0.01839065 0.3705986 0.1451635 0.01377439 0.3897469 0.1406216 0.01046037 0.4087353 0.1336064 0.01377487 0.3616724 0.1090023 0.01213979 0.3815067 0.1036224 0.008617877 0.4013129 0.09698957 0.01213932 0.4354989 0.1352376 0.07583665 0.4342916 0.1098654 0.07816171 0.4278438 0.07772439 0.08078575 0.4386736 0.1408448 0.05846309 0.4376772 0.1139173 0.05891227 0.4312796 0.08007782 0.06025171 0.4355459 0.1460185 0.0410819 0.434343 0.1192889 0.03966093 0.4278973 0.08440774 0.03971815 0.2838375 -0.07441568 0.101985 0.2974975 -0.02694606 0.09683132 0.3113633 0.02152317 0.09041929 0.2804483 -0.07361602 0.07550525 0.2941082 -0.02570581 0.07178258 0.3079741 0.02337354 0.0671401 0.2838914 -0.07488679 0.04902505 0.2975513 -0.02653598 0.04673433 0.3114172 0.02315324 0.04386043 0.4615048 -0.1830959 0.1370238 0.4634223 -0.2088547 0.1282786 0.4659372 -0.2270866 0.1154637 0.4821648 -0.1818984 0.1415292 0.4833067 -0.2077527 0.1323 0.4840915 -0.2264948 0.1184926 0.502821 -0.1811557 0.1370241 0.5031711 -0.2069883 0.1282784 0.5021836 -0.2253842 0.1154637 0.4614846 -0.1900163 0.01339483 0.4821431 -0.1893344 0.008869171 0.5028007 -0.188076 0.01339483 0.4634028 -0.2190795 0.01449489 0.4832858 -0.2188003 0.01031208 0.5031515 -0.2172127 0.01449537 0.4659197 -0.2389984 0.01847839 0.4840727 -0.2394753 0.01492118 0.5021662 -0.2372956 0.01847887 0.4220234 0.0819239 0.08078527 0.4225056 0.1153473 0.07816147 0.4263778 0.1409873 0.07583665 0.4184742 0.08562749 0.06025195 0.419066 0.1209428 0.05891251 0.4233068 0.1481928 0.05846309 0.4220148 0.08957475 0.03971791 0.4224972 0.1261444 0.03966116 0.4263703 0.1533436 0.04108238 0.5028095 -0.2473893 0.08038425 0.4848897 -0.2503178 0.08038902 0.4667872 -0.2490809 0.08038377 0.5038644 -0.2529373 0.0600562 0.4849851 -0.2564211 0.05919456 0.4659069 -0.2547197 0.06005668 0.5028021 -0.2538264 0.04130792 0.4848817 -0.2573392 0.03972339 0.4667797 -0.255518 0.0413084 0.4491903 0.1684365 0.07571387 0.4670826 0.1720721 0.07665109 0.4852128 0.1701285 0.07571363 0.4480999 0.1798357 0.05848288 0.4669485 0.1845483 0.05849504 0.4860574 0.1816186 0.05848288 0.4491828 0.1843247 0.04122972 0.4670746 0.1893823 0.04031443 0.4852052 0.1860167 0.04122996 0.5305606 -0.1818414 0.1016026 0.5298917 -0.2087083 0.09574222 0.525843 -0.2277529 0.08823108 0.5341009 -0.183177 0.07519912 0.5333202 -0.2109275 0.07130622 0.5288969 -0.2308803 0.06670713 0.5305522 -0.1847839 0.0488162 0.5298834 -0.2129822 0.0470314 0.5258354 -0.2327049 0.04571151 0.5228599 -0.001989364 0.09041929 0.5250995 -0.05259561 0.09683132 0.527306 -0.1020887 0.1019855 0.5264162 -8.94581e-4 0.0671401 0.5286558 -0.05218744 0.07178306 0.5308622 -0.102149 0.07550525 0.5228512 -1.33787e-4 0.04385995 0.5250908 -0.05211353 0.0467348 0.5272971 -0.1025438 0.04902553 0.442268 -0.2316775 0.08823108 0.4366905 -0.2130852 0.09574222 0.4337534 -0.186388 0.1016026 0.4392673 -0.2350896 0.06670713 0.4332724 -0.2156258 0.07130622 0.430207 -0.188056 0.07519912 0.4422603 -0.2366297 0.04571104 0.4366822 -0.2173596 0.0470314 0.4337449 -0.1893306 0.0488162 0.4534143 -0.002148866 0.01259851 0.4741835 -0.001014471 0.008607864 0.4949543 -1.98398e-4 0.01259899 0.4556539 -0.05505037 0.01309823 0.4764232 -0.05403351 0.008804321 0.4971939 -0.05309963 0.01309871 0.4578603 -0.1061103 0.01346635 0.4786295 -0.1051743 0.008927345 0.4994002 -0.1041594 0.01346683 0.4534347 -0.006495475 0.1216807 0.4556742 -0.05618 0.1304671 0.4578806 -0.1050437 0.1375438 0.4742053 -0.00567913 0.1256714 0.476445 -0.05524587 0.1347612 0.4786514 -0.1040292 0.1420831 0.4949746 -0.004544734 0.1216807 0.4972143 -0.05422925 0.1304673 0.4994206 -0.1030927 0.1375438 0.4500471 0.1334443 0.0985279 0.4492374 0.1091017 0.1040478 0.4497748 0.07805866 0.1083636 0.4681311 0.1341459 0.1014347 0.4691003 0.1093597 0.1073647 0.4704321 0.07840436 0.111886 0.4862934 0.1351466 0.09852814 0.4889861 0.1109683 0.1040478 0.4910908 0.07999891 0.1083639 0.4500297 0.1631088 0.01839089 0.4681123 0.1664495 0.01549148 0.486276 0.1648113 0.01839041 0.449218 0.1349 0.01377439 0.4690794 0.1372246 0.01046013 0.4889667 0.1367669 0.01377463 0.4497546 0.09604662 0.01213979 0.4704103 0.09773057 0.008617877 0.4910706 0.09798663 0.01213932 0.5099529 0.1449122 0.07583665 0.5157069 0.1197242 0.07816147 0.5188307 0.08647006 0.08078551 0.5129366 0.1524024 0.05846309 0.5191137 0.1256413 0.05891227 0.5223682 0.09050673 0.06025171 0.5099453 0.1572685 0.0410819 0.5156986 0.1305212 0.03966093 0.518822 0.09412139 0.03971815 0.4299836 -0.1066594 0.101985 0.4277772 -0.05716657 0.09683132 0.4255376 -0.006559848 0.09041929 0.4264187 -0.1070542 0.07550525 0.4242123 -0.05709242 0.07178258 0.4219728 -0.005799293 0.0671401 0.4299749 -0.1071148 0.04902505 0.4277686 -0.05668401 0.04673433 0.425529 -0.004704475 0.04386043 -0.41302 0.02533739 0.4099079 -0.41302 0.1296219 0.4108738 -0.5169702 0.02533763 0.4099079 -0.5169702 0.1296219 0.4108738 -0.41302 0.1318783 0.1199081 -0.41302 0.02759379 0.1189425 -0.5169702 0.1318783 0.1199081 -0.5169701 0.02759402 0.1189423 -0.4946375 0.1535394 0.08891606 -0.6345142 -0.2495906 0.09951019 -0.554281 0.1759676 0.08891606 -0.6941576 -0.2271624 0.09950995 -0.4945376 0.1729602 0.02811288 -0.6344142 -0.2585445 0.02885127 -0.5541811 0.1953883 0.02811288 -0.6940577 -0.2361164 0.02885127 -0.5927603 -0.1606763 0.1305695 -0.672285 -0.1307721 0.1305692 -0.5926271 -0.1633854 0.02321648 -0.6721517 -0.133481 0.02321648 -0.6012734 0.06724733 0.106806 -0.6011403 0.07399648 0.01916456 -0.5217488 0.0373432 0.1068063 -0.5216155 0.04409235 0.01916503 -0.3596369 0.1634955 0.08569192 -0.2563328 -0.2074247 0.09646415 -0.4142957 0.1469316 0.08569192 -0.3109915 -0.2239885 0.09646415 -0.3597107 0.1828935 0.03115582 -0.2564066 -0.2164016 0.0320723 -0.4143695 0.1663293 0.03115582 -0.3110653 -0.2329655 0.0320723 -0.2707182 -0.1193371 0.1264384 -0.3435965 -0.1414225 0.1264384 -0.2708166 -0.122077 0.0274415 -0.343695 -0.1441622 0.0274415 -0.3960412 0.04024499 0.1025846 -0.3961397 0.04696315 0.02329945 -0.3231629 0.06233018 0.1025846 -0.3232613 0.06904882 0.02329945 -0.4280406 0.1496009 0.08569192 -0.4447263 -0.2380157 0.09646415 -0.4850099 0.152276 0.08569192 -0.5016955 -0.2353404 0.09646415 -0.4280288 0.1718368 0.03115582 -0.4447144 -0.2469816 0.03207254 -0.4849979 0.1745123 0.03115582 -0.5016836 -0.2443063 0.03207254 -0.4314365 -0.1497395 0.1264386 -0.5073954 -0.1461721 0.1264386 -0.4314206 -0.1524649 0.0274415 -0.5073795 -0.1488977 0.0274415 -0.4989245 0.0433101 0.1025848 -0.4989086 0.05098527 0.02329969 -0.4229657 0.03974288 0.1025848 -0.4229498 0.04741758 0.02329969 -0.4054386 0.108251 0.4318982 -0.4016304 0.07723253 0.4422712 -0.4054387 0.04637902 0.4313254 -0.4958318 0.1370632 0.432165 -0.4649951 0.1408009 0.4428601 -0.4341583 0.137063 0.4321649 -0.5245514 0.04637902 0.4313254 -0.5283598 0.07723253 0.4422712 -0.5245515 0.108251 0.4318984 -0.4341583 0.01756709 0.4310584 -0.4649951 0.01366418 0.4416827 -0.4958318 0.01756709 0.4310584 -0.4054386 0.1108365 0.09849047 -0.4016304 0.07998317 0.08754467 -0.4054386 0.04896444 0.09791779 -0.4958319 0.1396486 0.09875774 -0.4649951 0.1435518 0.08813357 -0.4341583 0.1396486 0.0987575 -0.5245514 0.04896467 0.09791779 -0.5283598 0.07998317 0.08754491 -0.5245515 0.1108367 0.09849071 -0.4341582 0.02015274 0.097651 -0.4649951 0.01641482 0.08695602 -0.4958319 0.02015298 0.097651 -0.4054386 0.0181908 0.3506695 -0.4016304 0.01503938 0.2643194 -0.4054386 0.01952928 0.1780398 -0.5245515 0.01952928 0.1780396 -0.5283598 0.01503938 0.2643192 -0.5245515 0.01819056 0.3506695 -0.5245515 0.1376867 0.3517764 -0.5283597 0.1421763 0.2654967 -0.5245514 0.1390252 0.1791461 -0.4054386 0.1390252 0.1791465 -0.4016304 0.1421761 0.2654965 -0.4054386 0.1376867 0.3517763 -0.6059548 -0.1971054 0.1275673 -0.616882 -0.2237015 0.1198759 -0.6267479 -0.240973 0.1092086 -0.5407807 0.1742162 0.09336733 -0.5223983 0.1689252 0.0956037 -0.5053941 0.1609096 0.09336733 -0.5867425 0.1081562 0.1020177 -0.574268 0.1402559 0.09819579 -0.562982 0.1631557 0.09364461 -0.6477038 -0.2474856 0.1029322 -0.6659299 -0.2420426 0.1046012 -0.6830902 -0.234179 0.1029325 -0.6058222 -0.2024777 0.02274417 -0.6167544 -0.2315641 0.02290773 -0.6266326 -0.250046 0.02516984 -0.5406661 0.1977126 0.02369523 -0.5222764 0.1945667 0.02147626 -0.5052797 0.184406 0.02369523 -0.58661 0.1204237 0.01860857 -0.5741406 0.1576476 0.01977539 -0.5628668 0.1829533 0.02343606 -0.6475892 -0.2583447 0.02324604 -0.6658081 -0.2539053 0.0204811 -0.6829757 -0.2450378 0.02324604 -0.4888881 0.1605777 0.0765686 -0.4859806 0.1680746 0.05853986 -0.4888287 0.1723451 0.0404942 -0.6311383 -0.2618268 0.04225444 -0.6295122 -0.2616451 0.062541 -0.6311976 -0.2563963 0.08392405 -0.6994817 -0.2361269 0.04225444 -0.7022258 -0.2343023 0.062541 -0.6995411 -0.2306967 0.08392405 -0.5572314 0.1862773 0.0765686 -0.5586941 0.1954178 0.05853986 -0.5571721 0.1980447 0.04049444 -0.5390375 -0.0112257 0.1139076 -0.5578122 -0.06351327 0.1217611 -0.5763083 -0.1148768 0.1280775 -0.695517 -0.2151134 0.1092084 -0.693001 -0.1950779 0.1198762 -0.6850537 -0.1673613 0.1275673 -0.5389042 -0.008214473 0.02041411 -0.5576791 -0.06273269 0.02179956 -0.576175 -0.1157076 0.02288055 -0.6954017 -0.2241864 0.02516984 -0.6928735 -0.2029405 0.02290749 -0.6849212 -0.1727336 0.02274394 -0.683438 -0.1271803 0.1062472 -0.6871291 -0.1265195 0.07689285 -0.683365 -0.1286621 0.04753851 -0.581547 -0.1654952 0.1062474 -0.5777829 -0.1676378 0.07689285 -0.5814742 -0.1669767 0.04753875 -0.6541157 -0.1406372 0.008120059 -0.6323644 -0.148941 0.003087759 -0.6106256 -0.156991 0.008119821 -0.6107963 -0.1535199 0.1456659 -0.6325476 -0.145216 0.1506982 -0.6542865 -0.1371663 0.1456659 -0.6558329 -0.08497238 0.1280773 -0.6373369 -0.03360867 0.1217611 -0.6185621 0.01867812 0.1139078 -0.6556996 -0.0858035 0.02288031 -0.6372036 -0.03282856 0.02179956 -0.6184288 0.02168983 0.02041435 -0.4942129 0.1372959 0.09364461 -0.4981489 0.1116323 0.09819579 -0.5076436 0.07841199 0.1020174 -0.4940976 0.157094 0.02343559 -0.4980214 0.129024 0.01977562 -0.507511 0.09067958 0.0186088 -0.5397848 0.04316967 0.1191306 -0.5615361 0.05103009 0.123239 -0.5832749 0.05952352 0.1191306 -0.5831041 0.06817048 0.00683999 -0.5613529 0.06030982 0.002732038 -0.5396142 0.0518164 0.006840229 -0.6124264 0.07298177 0.08694982 -0.6161177 0.07622903 0.06298542 -0.6123535 0.07667273 0.03902077 -0.5105355 0.03466743 0.08695006 -0.5067713 0.03511065 0.06298542 -0.5104625 0.03835815 0.03902101 -0.2613258 -0.1529164 0.1234748 -0.2557215 -0.1783133 0.1159523 -0.2545171 -0.1965618 0.1056788 -0.404194 0.1527934 0.08968448 -0.3884885 0.1589109 0.0916903 -0.371765 0.162621 0.08968472 -0.4064207 0.07799571 0.09780001 -0.4131678 0.1085398 0.09412097 -0.415421 0.1320896 0.0899465 -0.266664 -0.2130046 0.09943056 -0.2824848 -0.2190054 0.1008704 -0.299093 -0.2228317 0.09943079 -0.2614238 -0.158319 0.02696347 -0.2558158 -0.1862054 0.0269823 -0.2546023 -0.2056613 0.02886605 -0.4042786 0.1762638 0.02719402 -0.3885784 0.1845245 0.02520346 -0.3718495 0.1860911 0.0271933 -0.4065185 0.09023278 0.02270293 -0.413262 0.1259026 0.02369904 -0.4155061 0.1518611 0.02696371 -0.2667486 -0.2238896 0.02692556 -0.2825748 -0.2308965 0.02439069 -0.2991777 -0.233717 0.0269258 -0.3566842 0.1730556 0.07461738 -0.3552153 0.1818144 0.05844688 -0.3567279 0.1848092 0.04226112 -0.2516269 -0.2165926 0.04420256 -0.2492116 -0.2148538 0.06263089 -0.251583 -0.2111487 0.08215379 -0.3142585 -0.2355728 0.04420256 -0.3158481 -0.2350478 0.06263065 -0.3142147 -0.2301288 0.08215355 -0.4193157 0.1540753 0.07461714 -0.4218517 0.1616208 0.05844688 -0.4193595 0.1658291 0.04226112 -0.3103945 0.01774209 0.1097081 -0.2965286 -0.03022146 0.1175854 -0.2828687 -0.07732629 0.1239252 -0.3175389 -0.2156601 0.1056786 -0.325479 -0.1994529 0.1159525 -0.3338142 -0.1748834 0.1234748 -0.3104929 0.02072304 0.0245707 -0.2966271 -0.02947187 0.02598023 -0.2829672 -0.07818794 0.02708435 -0.317624 -0.2247596 0.02886629 -0.3255732 -0.207345 0.0269823 -0.333912 -0.1802862 0.02696347 -0.3538674 -0.1451492 0.1040094 -0.3573105 -0.1469333 0.07694005 -0.3539212 -0.1466475 0.04987049 -0.260492 -0.1168523 0.1040094 -0.2571027 -0.1165662 0.07694005 -0.2605458 -0.1183505 0.04987025 -0.3271973 -0.139544 0.01352024 -0.3072742 -0.1336334 0.008879661 -0.287342 -0.1274662 0.01352 -0.2872158 -0.1239557 0.1403596 -0.3071389 -0.1298661 0.1450005 -0.3270712 -0.1360335 0.1403596 -0.3557471 -0.09941148 0.1239255 -0.369407 -0.05230665 0.1175852 -0.3832729 -0.004343271 0.1097081 -0.3558455 -0.1002731 0.02708458 -0.3695054 -0.0515573 0.02597999 -0.3833712 -0.001362323 0.02457094 -0.3523993 0.1511881 0.0899465 -0.3434103 0.1296796 0.09412097 -0.3339324 0.09996265 0.09780001 -0.3524844 0.1709594 0.02696347 -0.3435046 0.1470417 0.02369904 -0.3340303 0.1121997 0.02270269 -0.3396606 0.05638188 0.1137343 -0.3595836 0.05002778 0.1174505 -0.3795159 0.04430383 0.1137343 -0.379642 0.05291169 0.01215004 -0.3597189 0.05926555 0.008433341 -0.3397867 0.06498974 0.01214957 -0.4063121 0.03866118 0.08462166 -0.4097551 0.03946298 0.06294202 -0.4063659 0.04233545 0.04126214 -0.3129367 0.06695836 0.08462166 -0.3095474 0.06983035 0.06294202 -0.3129905 0.07063239 0.04126238 -0.4331884 -0.1846356 0.1234751 -0.4357373 -0.2105587 0.1159525 -0.4399859 -0.2282829 0.105679 -0.4732615 0.1542291 0.08968448 -0.4562794 0.154633 0.0916903 -0.4394617 0.1526417 0.08968472 -0.4970132 0.08274739 0.09780001 -0.4942798 0.1143374 0.09412097 -0.4898617 0.1380026 0.0899465 -0.4564375 -0.2397964 0.09943056 -0.4734011 -0.2401469 0.1008706 -0.4902374 -0.238209 0.09943103 -0.4331726 -0.1900239 0.02696371 -0.4357221 -0.2184377 0.0269823 -0.4399722 -0.23737 0.02886629 -0.4732478 0.1811347 0.02719402 -0.4562649 0.1839971 0.02520346 -0.4394481 0.1795473 0.0271933 -0.4969974 0.09675639 0.02270293 -0.4942646 0.1342298 0.02369904 -0.4898479 0.1606636 0.02696371 -0.4564239 -0.2506693 0.02692556 -0.4733865 -0.2520247 0.02439069 -0.4902237 -0.2490819 0.02692604 -0.4237189 0.1586184 0.07461738 -0.4215456 0.1676845 0.05844688 -0.4237117 0.1720924 0.04226112 -0.4406876 -0.2486909 0.0442028 -0.4386672 -0.2477167 0.06263113 -0.4406947 -0.2432532 0.08215379 -0.5059667 -0.245625 0.0442028 -0.5081204 -0.2444549 0.06263065 -0.5059737 -0.2401877 0.08215379 -0.4889978 0.161684 0.07461714 -0.4909987 0.1709461 0.05844688 -0.4889907 0.175158 0.04226112 -0.4250279 -0.006826877 0.1097083 -0.4272676 -0.05686426 0.1175857 -0.429474 -0.105969 0.1239252 -0.5056716 -0.2251983 0.1056786 -0.5084432 -0.2071445 0.1159525 -0.5087407 -0.1810873 0.1234751 -0.4250121 -0.003434181 0.02457094 -0.4272517 -0.05598258 0.02598047 -0.4294581 -0.1068015 0.02708435 -0.5056578 -0.2342851 0.02886629 -0.5084281 -0.2150231 0.0269823 -0.5087249 -0.1864758 0.02696371 -0.5180734 -0.1462879 0.1040096 -0.5216298 -0.1468661 0.07694005 -0.5180649 -0.1477785 0.04987049 -0.4207512 -0.1508584 0.1040096 -0.4171863 -0.1517711 0.07694005 -0.4207425 -0.152349 0.04987049 -0.4901679 -0.1500893 0.01352024 -0.4693971 -0.1511924 0.008879661 -0.4486279 -0.1520403 0.01352024 -0.4486482 -0.1485479 0.1403598 -0.469419 -0.1474447 0.1450006 -0.4901883 -0.1465969 0.1403598 -0.5054329 -0.1024017 0.1239257 -0.5032265 -0.05329704 0.1175852 -0.5009868 -0.003259181 0.1097083 -0.505417 -0.1032343 0.02708482 -0.5032106 -0.05241537 0.02597999 -0.500971 1.33242e-4 0.02457094 -0.424176 0.1349179 0.0899465 -0.4215738 0.1109225 0.09412097 -0.4214609 0.07919925 0.09780001 -0.4241623 0.1575787 0.02696347 -0.4215586 0.1308157 0.02369904 -0.4214453 0.09320849 0.02270269 -0.4401773 0.03947156 0.1137343 -0.4609481 0.0400874 0.1174507 -0.4817173 0.0414223 0.1137343 -0.4816969 0.05125612 0.01215028 -0.4609262 0.05064076 0.008433341 -0.440157 0.04930537 0.01214981 -0.5096026 0.04555052 0.0846219 -0.5131589 0.04781621 0.06294202 -0.509594 0.04974788 0.04126214 -0.4122803 0.04098027 0.0846219 -0.4087154 0.04291146 0.06294202 -0.4122717 0.0451774 0.04126262 -0.4321305 0.1099333 0.4773243 -0.4303651 0.07684367 0.4923931 -0.4321305 0.04399293 0.4767135 -0.4649951 0.1115851 0.4927149 -0.4649951 0.07671374 0.5091754 -0.4649951 0.04210227 0.4920715 -0.4978596 0.1099333 0.4773243 -0.4996251 0.07684367 0.4923933 -0.4978596 0.04399293 0.4767137 -0.4321305 0.113223 0.05310249 -0.4649952 0.1151134 0.03774452 -0.4978597 0.113223 0.05310249 -0.430365 0.08037179 0.03742265 -0.4649951 0.08050197 0.02064037 -0.4996251 0.08037227 0.03742265 -0.4321305 0.04728263 0.05249166 -0.4649952 0.04563087 0.03710126 -0.4978596 0.04728263 0.0524919 -0.4978596 0.001872479 0.356195 -0.4649951 -0.003676414 0.3610852 -0.4321305 0.001872479 0.3561949 -0.499625 -0.002924442 0.264153 -0.464995 -0.008939266 0.2640976 -0.4303651 -0.002924442 0.2641529 -0.4978597 0.003298938 0.1722131 -0.4649951 -0.002172946 0.1672206 -0.4321305 0.003299176 0.1722133 -0.4321305 0.1539168 0.3576028 -0.4649951 0.1593887 0.3625954 -0.4978596 0.153917 0.3576028 -0.430365 0.1601407 0.2656629 -0.4649951 0.1661553 0.2657187 -0.4996251 0.1601405 0.2656629 -0.4321305 0.1553435 0.1736212 -0.4649951 0.160892 0.1687307 -0.4978596 0.1553435 0.1736209 -0.5407738 0.1108651 0.3572042 -0.5462663 0.07785624 0.3618405 -0.5407738 0.04492443 0.3565935 -0.5462663 0.1133491 0.2652295 -0.5522618 0.07860797 0.2649081 -0.5462663 0.04386657 0.2645862 -0.5407736 0.1122915 0.1732226 -0.5462663 0.07935947 0.1679757 -0.5407736 0.04635089 0.1726117 -0.3892165 0.04492443 0.3565935 -0.3837239 0.07785624 0.3618405 -0.3892165 0.1108648 0.3572042 -0.3837239 0.04386657 0.2645862 -0.3777282 0.07860797 0.2649081 -0.3837239 0.1133494 0.2652297 -0.3892165 0.04635113 0.1726117 -0.3837239 0.07935947 0.1679754 -0.3892165 0.1122915 0.1732226 -0.6239048 -0.1896343 0.1422851 -0.6342301 -0.2162955 0.1333292 -0.6424657 -0.2347112 0.119977 -0.6455487 -0.1812759 0.1471803 -0.6551216 -0.208313 0.1377275 -0.6617001 -0.2278676 0.1233389 -0.6671604 -0.1733685 0.1422851 -0.6758448 -0.2006469 0.1333292 -0.6804136 -0.2204414 0.1199768 -0.6237351 -0.1965332 0.008006572 -0.6453663 -0.1886892 0.00309062 -0.6669905 -0.1802678 0.008006572 -0.6340667 -0.2265 0.009293079 -0.6549461 -0.2193389 0.004732847 -0.6756814 -0.2108512 0.00929284 -0.6423192 -0.2466045 0.01379776 -0.6615429 -0.2408285 0.009907484 -0.6802671 -0.2323346 0.01379799 -0.4964744 0.07705682 0.08311939 -0.4872892 0.1119332 0.08042335 -0.4844408 0.1396172 0.0779159 -0.4927157 0.07905668 0.06031346 -0.4835683 0.1156642 0.05898809 -0.4809055 0.1449966 0.05854916 -0.4964019 0.08375662 0.03750681 -0.4872195 0.1213726 0.03755044 -0.4843772 0.1504125 0.03917431 -0.6864829 -0.2432489 0.08227372 -0.6683912 -0.2525172 0.0823841 -0.6487694 -0.2574306 0.08227372 -0.6882277 -0.2485521 0.0599637 -0.6691914 -0.2587192 0.05910062 -0.6484883 -0.2634955 0.0599637 -0.6864197 -0.2496781 0.03923487 -0.6683247 -0.2595306 0.03754329 -0.6487062 -0.26386 0.03923487 -0.5012539 0.1756558 0.07779121 -0.5191131 0.1856384 0.07883596 -0.5389673 0.1898374 0.07779097 -0.4992101 0.1857233 0.05858016 -0.517989 0.1970283 0.05859351 -0.5389494 0.2006666 0.05858016 -0.5011908 0.1895284 0.03934431 -0.5190466 0.2007517 0.03832411 -0.5389042 0.2037105 0.03934431 -0.6961598 -0.1644282 0.1038115 -0.7037789 -0.1930945 0.09785294 -0.7051473 -0.2145994 0.09014105 -0.6998431 -0.1645315 0.07513546 -0.7074059 -0.1941319 0.07123017 -0.7085401 -0.2167049 0.06662321 -0.6960873 -0.1673617 0.0464797 -0.7037091 -0.19736 0.04476904 -0.7050837 -0.2195437 0.04363369 -0.6297152 0.0235657 0.09272575 -0.6484898 -0.02922677 0.09911346 -0.6669859 -0.0809555 0.1042438 -0.6334064 0.0257911 0.06716108 -0.6521813 -0.02761149 0.0717802 -0.6706771 -0.07978105 0.07547879 -0.6296423 0.02521294 0.04159641 -0.648417 -0.02880001 0.04444694 -0.666913 -0.08140993 0.04671406 -0.617649 -0.2475021 0.09014105 -0.6062024 -0.2297869 0.09785294 -0.5948082 -0.2025402 0.1038115 -0.6147028 -0.2519913 0.06662321 -0.6026616 -0.2335196 0.07123017 -0.5910719 -0.2054336 0.07513523 -0.6175854 -0.2524462 0.04363346 -0.6061326 -0.2340524 0.04476881 -0.5947356 -0.2054739 0.04647994 -0.5569028 -0.001015663 0.007266998 -0.5786415 0.007302224 0.002884387 -0.6003928 0.01533836 0.007266998 -0.5756775 -0.05584764 0.007742643 -0.5974163 -0.04763412 0.003056764 -0.6191677 -0.03949379 0.007742166 -0.5941736 -0.1090493 0.008087158 -0.6159122 -0.1009114 0.003155708 -0.6376636 -0.09269547 0.008087158 -0.5570735 -0.004874229 0.1270552 -0.5758485 -0.05684757 0.1358178 -0.5943443 -0.1079846 0.1428707 -0.5788248 0.003161609 0.1314375 -0.5975996 -0.04870748 0.1405034 -0.6160956 -0.09976887 0.1478019 -0.6005635 0.01147931 0.1270552 -0.6193383 -0.04049348 0.1358178 -0.6378343 -0.09163093 0.1428709 -0.5092576 0.1413736 0.1032105 -0.515317 0.1158974 0.1092498 -0.5255711 0.08345407 0.11375 -0.5279029 0.14853 0.1064508 -0.5360282 0.1231777 0.1129432 -0.5471923 0.09104579 0.1176622 -0.5472055 0.1556434 0.1032107 -0.5569317 0.131546 0.1092498 -0.5688268 0.0997197 0.1137502 -0.5091109 0.1672887 0.01387953 -0.5277456 0.1767497 0.01064777 -0.5470588 0.1815586 0.01387929 -0.5151535 0.1384518 0.008723735 -0.5358528 0.1475381 0.005033016 -0.5567682 0.1541004 0.008723735 -0.5254012 0.09920567 0.00687623 -0.5470101 0.1079692 0.002964735 -0.5686569 0.1154713 0.00687623 -0.5719391 0.1725196 0.07791566 -0.5848658 0.1486253 0.08042311 -0.5978261 0.115169 0.08311963 -0.5747428 0.1802828 0.05854916 -0.5883126 0.1550517 0.05898833 -0.6014867 0.1199586 0.06031346 -0.5718755 0.1833152 0.03917407 -0.584796 0.1580648 0.03755021 -0.5977537 0.1218688 0.03750658 -0.5650948 -0.1192703 0.104244 -0.546599 -0.06754159 0.09911346 -0.5278242 -0.01474857 0.09272575 -0.5613307 -0.1208992 0.07547879 -0.5428348 -0.06872987 0.0717802 -0.52406 -0.01532697 0.06716108 -0.565022 -0.1197248 0.0467143 -0.5465261 -0.06711483 0.04444718 -0.5277513 -0.01310205 0.04159617 -0.2777287 -0.157155 0.1370237 -0.271461 -0.182164 0.1282785 -0.2684129 -0.2003036 0.1154635 -0.2975372 -0.1629319 0.1415291 -0.2904673 -0.1877649 0.1322999 -0.2856087 -0.2058044 0.1184926 -0.3173693 -0.1691675 0.1370239 -0.3095977 -0.1937211 0.1282783 -0.3031892 -0.2108426 0.1154635 -0.2778542 -0.1640935 0.01339459 -0.2976719 -0.1703878 0.008868932 -0.3174947 -0.1761065 0.01339459 -0.2715817 -0.1924062 0.01449489 -0.2905969 -0.1988311 0.01031184 -0.3097184 -0.2039633 0.01449513 -0.2685213 -0.2122312 0.01847839 -0.2857249 -0.218802 0.01492118 -0.3032975 -0.2227697 0.01847863 -0.3237676 0.1058716 0.08078527 -0.3336751 0.1369638 0.07816147 -0.3441183 0.1595375 0.07583665 -0.3204041 0.1102857 0.06025195 -0.3304919 0.1430063 0.05891251 -0.3414838 0.1669049 0.05846309 -0.3238211 0.1125547 0.03971791 -0.3337266 0.1463875 0.03966116 -0.3441652 0.1703181 0.04108238 -0.2985129 -0.2321491 0.08038401 -0.2806671 -0.2289133 0.08038902 -0.2639514 -0.2216754 0.08038377 -0.2989007 -0.237946 0.0600562 -0.2800762 -0.2349312 0.05919432 -0.2624826 -0.2269096 0.06005644 -0.2985596 -0.2385931 0.04130792 -0.2807163 -0.2359421 0.03972339 -0.263998 -0.2281194 0.04130816 -0.3728972 0.1774425 0.07571387 -0.3909147 0.1748676 0.07665109 -0.4074587 0.1669688 0.07571363 -0.3727302 0.1879346 0.05848288 -0.3917448 0.1859989 0.05849504 -0.4091483 0.1768984 0.05848288 -0.3729439 0.1913008 0.04122972 -0.3909639 0.1899654 0.04031443 -0.4075054 0.1808271 0.04122996 -0.3440256 -0.1792288 0.1016026 -0.3352746 -0.2044721 0.09574222 -0.3259245 -0.2212072 0.08823108 -0.3474448 -0.1817637 0.07519888 -0.3385272 -0.2078426 0.07130599 -0.3286642 -0.2253332 0.06670713 -0.3440791 -0.1821792 0.04881596 -0.3353262 -0.2087536 0.04703116 -0.3259715 -0.2261663 0.04571127 -0.3935437 -0.00677371 0.09041929 -0.3796778 -0.05524301 0.09683108 -0.3660179 -0.1027126 0.1019852 -0.3969867 -0.00699377 0.06713986 -0.3831209 -0.05607318 0.07178282 -0.369461 -0.1039834 0.07550501 -0.3935975 -0.005143642 0.04385995 -0.3797317 -0.05483293 0.04673457 -0.3660717 -0.1031838 0.04902529 -0.2457389 -0.1969075 0.08823108 -0.2458531 -0.1773734 0.09574222 -0.2511444 -0.1510818 0.1016026 -0.2426694 -0.1992731 0.06670713 -0.2425369 -0.1787534 0.07130599 -0.2477642 -0.151556 0.07519888 -0.2457858 -0.2018662 0.04571104 -0.2459047 -0.1816549 0.04703116 -0.2511979 -0.154032 0.04881596 -0.3270183 0.01613849 0.01259851 -0.3469506 0.01023906 0.008607864 -0.3668736 0.004060685 0.01259875 -0.3131524 -0.03436994 0.013098 -0.3330847 -0.0403738 0.008804321 -0.3530078 -0.04644799 0.01309847 -0.2994925 -0.08331251 0.01346635 -0.3194248 -0.08939218 0.008927106 -0.3393478 -0.09539079 0.01346659 -0.3268921 0.01231902 0.1216805 -0.3130263 -0.03533077 0.1304669 -0.2993664 -0.08220863 0.1375437 -0.3468153 0.006140649 0.1256714 -0.3329493 -0.04140472 0.1347611 -0.3192894 -0.08820772 0.1420829 -0.3667476 2.41484e-4 0.1216805 -0.3528817 -0.04740858 0.1304672 -0.3392217 -0.09428691 0.1375437 -0.3667923 0.1451067 0.0985279 -0.3592829 0.1226463 0.1040478 -0.3503519 0.09328979 0.1083636 -0.3844231 0.1397829 0.1014347 -0.3784222 0.116302 0.1073647 -0.370177 0.08674091 0.111886 -0.4015686 0.1345679 0.09852814 -0.3974195 0.1110897 0.1040478 -0.3899924 0.08127683 0.1083639 -0.3669005 0.170988 0.01839089 -0.3845393 0.1679663 0.01549148 -0.4016769 0.1604492 0.01839041 -0.3594036 0.1451635 0.01377439 -0.3785518 0.1406216 0.01046013 -0.3975403 0.1336064 0.01377463 -0.3504773 0.1090023 0.01213979 -0.3703116 0.1036224 0.008617877 -0.3901179 0.09698957 0.01213932 -0.4243039 0.1352376 0.07583665 -0.4230966 0.1098654 0.07816147 -0.4166487 0.07772439 0.08078551 -0.4274786 0.1408448 0.05846309 -0.4264822 0.1139173 0.05891227 -0.4200846 0.08007782 0.06025171 -0.4243509 0.1460185 0.0410819 -0.423148 0.1192889 0.03966093 -0.4167022 0.08440774 0.03971815 -0.2726425 -0.07441568 0.101985 -0.2863025 -0.02694606 0.09683132 -0.3001683 0.02152317 0.09041929 -0.2692533 -0.07361602 0.07550501 -0.2829132 -0.02570581 0.07178258 -0.296779 0.02337354 0.06713986 -0.2726964 -0.07488679 0.04902505 -0.2863563 -0.02653598 0.04673433 -0.3002221 0.02315324 0.04386019 -0.4503099 -0.1830959 0.1370238 -0.4522274 -0.2088547 0.1282786 -0.4547423 -0.2270866 0.1154637 -0.4709699 -0.1818981 0.1415292 -0.4721118 -0.2077527 0.1323 -0.4728965 -0.2264948 0.1184926 -0.491626 -0.1811557 0.1370241 -0.4919761 -0.2069879 0.1282784 -0.4909886 -0.2253842 0.1154637 -0.4502896 -0.1900163 0.01339483 -0.4709481 -0.1893344 0.008869171 -0.4916057 -0.188076 0.01339483 -0.4522078 -0.2190795 0.01449489 -0.4720908 -0.2188001 0.01031208 -0.4919566 -0.2172127 0.01449537 -0.4547248 -0.2389979 0.01847839 -0.4728778 -0.239475 0.01492118 -0.4909712 -0.2372956 0.01847887 -0.4108284 0.0819239 0.08078527 -0.4113106 0.1153471 0.07816147 -0.4151828 0.1409871 0.07583665 -0.4072792 0.08562749 0.06025195 -0.407871 0.1209425 0.05891251 -0.4121118 0.1481928 0.05846309 -0.4108198 0.08957475 0.03971791 -0.4113022 0.1261439 0.03966116 -0.4151753 0.1533434 0.04108238 -0.4916146 -0.2473891 0.08038425 -0.4736947 -0.2503176 0.08038902 -0.4555922 -0.2490807 0.08038377 -0.4926695 -0.2529368 0.0600562 -0.4737901 -0.2564209 0.05919456 -0.454712 -0.2547197 0.06005668 -0.4916071 -0.2538262 0.04130792 -0.4736867 -0.2573392 0.03972339 -0.4555847 -0.2555177 0.0413084 -0.4379953 0.1684365 0.07571387 -0.4558875 0.1720719 0.07665109 -0.4740177 0.1701283 0.07571363 -0.4369048 0.1798357 0.05848288 -0.4557535 0.1845479 0.05849504 -0.4748623 0.1816184 0.05848288 -0.4379878 0.1843247 0.04122972 -0.4558796 0.189382 0.04031443 -0.4740102 0.1860165 0.04122996 -0.5193657 -0.1818414 0.1016026 -0.5186968 -0.2087081 0.09574222 -0.5146481 -0.2277527 0.08823108 -0.522906 -0.1831768 0.07519912 -0.5221253 -0.2109273 0.07130622 -0.517702 -0.23088 0.06670713 -0.5193572 -0.1847839 0.0488162 -0.5186884 -0.2129822 0.0470314 -0.5146405 -0.2327046 0.04571151 -0.511665 -0.001989126 0.09041929 -0.5139046 -0.05259561 0.09683132 -0.516111 -0.1020885 0.1019855 -0.5152212 -8.94342e-4 0.0671401 -0.5174608 -0.05218744 0.07178306 -0.5196673 -0.102149 0.07550525 -0.5116563 -1.33549e-4 0.04385995 -0.5138959 -0.05211353 0.0467348 -0.5161022 -0.1025438 0.04902553 -0.431073 -0.2316775 0.08823108 -0.4254955 -0.2130852 0.09574222 -0.4225585 -0.186388 0.1016026 -0.4280723 -0.2350893 0.06670713 -0.4220775 -0.2156258 0.07130622 -0.419012 -0.1880558 0.07519912 -0.4310654 -0.2366295 0.04571104 -0.4254872 -0.2173596 0.0470314 -0.4225499 -0.1893303 0.0488162 -0.4422193 -0.002148628 0.01259851 -0.4629886 -0.001014232 0.008607864 -0.4837593 -1.9816e-4 0.01259899 -0.4444589 -0.05505013 0.01309823 -0.4652282 -0.05403327 0.008804321 -0.4859989 -0.05309939 0.01309871 -0.4466653 -0.1061103 0.01346635 -0.4674345 -0.1051741 0.008927345 -0.4882053 -0.1041594 0.01346683 -0.4422397 -0.006495475 0.1216807 -0.4444793 -0.05618 0.1304671 -0.4466856 -0.1050434 0.1375438 -0.4630104 -0.00567913 0.1256714 -0.46525 -0.05524611 0.1347612 -0.4674564 -0.1040292 0.1420831 -0.4837797 -0.004544734 0.1216807 -0.4860193 -0.05422925 0.1304673 -0.4882256 -0.1030927 0.1375438 -0.4388521 0.1334443 0.0985279 -0.4380424 0.1091015 0.1040478 -0.4385797 0.07805866 0.1083636 -0.456936 0.1341457 0.1014347 -0.4579052 0.1093597 0.1073647 -0.459237 0.07840436 0.111886 -0.4750983 0.1351466 0.09852814 -0.4777911 0.1109681 0.1040478 -0.4798958 0.07999891 0.1083639 -0.4388346 0.1631088 0.01839089 -0.4569172 0.1664495 0.01549148 -0.4750809 0.1648111 0.01839041 -0.4380229 0.1349 0.01377439 -0.4578843 0.1372246 0.01046013 -0.4777716 0.1367669 0.01377463 -0.4385596 0.09604662 0.01213979 -0.4592153 0.09773057 0.008617877 -0.4798756 0.09798663 0.01213932 -0.4987578 0.1449122 0.07583665 -0.5045118 0.1197242 0.07816147 -0.5076355 0.0864703 0.08078551 -0.5017415 0.1524021 0.05846309 -0.5079186 0.1256408 0.05891227 -0.5111731 0.09050697 0.06025171 -0.4987502 0.1572685 0.0410819 -0.5045035 0.1305208 0.03966093 -0.5076269 0.09412139 0.03971815 -0.4187886 -0.1066589 0.101985 -0.4165823 -0.05716609 0.09683132 -0.4143427 -0.00655961 0.09041929 -0.4152238 -0.107054 0.07550525 -0.4130173 -0.05709218 0.07178258 -0.4107778 -0.005799055 0.0671401 -0.41878 -0.1071146 0.04902505 -0.4165737 -0.05668401 0.04673433 -0.414334 -0.004704475 0.04386043 0.1810252 -0.6098779 2.072537 -0.1698302 -0.6098779 2.072537 -0.08833682 -1.358033 1.969374 0.09953188 -1.358033 1.969374 -0.1890002 -1.005725 1.978542 0.2001952 -1.005725 1.978542 0.005597472 -0.579691 2.040083 0.005597472 -1.382495 1.949911 -0.139482 -1.230099 1.963301 0.1506771 -1.230099 1.963301 -0.2086193 -0.7628874 2.009247 0.2198144 -0.7628874 2.009247 0.005597472 -1.005725 1.919785 0.005597472 -1.232511 1.919819 0.005597472 -0.7599112 1.938923 -0.1943671 -0.5915037 2.17506 0.2055621 -0.5915037 2.17506 -0.09586256 -1.371098 2.008011 0.1070576 -1.371098 2.008011 0.2447469 -1.005725 2.074201 -0.2335519 -1.005725 2.074201 0.005597472 -0.5400946 2.175474 0.005597472 -1.411361 1.994366 -0.1706446 -1.231513 2.03111 0.1818397 -1.231513 2.03111 0.2700848 -0.7610396 2.125345 -0.2588898 -0.7610396 2.125345 -0.1935269 -0.5939955 2.185827 0.005597472 -0.542725 2.186112 0.2047219 -0.5939955 2.185827 0.1067885 -1.36909 2.01965 0.005597472 -1.409597 2.005467 -0.09559345 -1.36909 2.01965 -0.2328673 -1.005604 2.085242 -0.1704306 -1.229749 2.042474 0.2440624 -1.005604 2.085242 0.1816256 -1.229749 2.042474 0.2691426 -0.7627155 2.136092 -0.2579475 -0.7627155 2.136092 0.1519862 -1.048673 2.246377 0.1519862 -1.048673 2.491565 0.1519862 -0.8034845 2.246377 0.1519862 -0.8034845 2.491565 0.3971747 -1.048673 2.246377 0.3971747 -1.048673 2.491565 0.3971747 -0.8034846 2.246377 0.3971747 -0.8034846 2.491565 0.134104 -0.8533437 2.228495 0.1251214 -0.9260789 2.219512 0.134104 -0.9988139 2.228495 0.134104 -1.066555 2.296236 0.1251214 -1.075538 2.368971 0.134104 -1.066555 2.441706 0.134104 -0.9988139 2.509448 0.1251214 -0.9260787 2.51843 0.134104 -0.8533437 2.509448 0.134104 -0.7856024 2.441706 0.1251214 -0.7766197 2.368971 0.134104 -0.7856023 2.296236 0.3473156 -0.7856024 2.228495 0.2745805 -0.7766199 2.219512 0.2018453 -0.7856023 2.228495 0.2018453 -0.7856024 2.509448 0.2745805 -0.7766199 2.51843 0.3473156 -0.7856023 2.509448 0.4150569 -0.7856023 2.441706 0.4240394 -0.7766197 2.368971 0.415057 -0.7856024 2.296236 0.4150569 -0.9988139 2.228495 0.4240394 -0.9260789 2.219512 0.4150569 -0.8533437 2.228495 0.4150569 -0.8533437 2.509448 0.4240394 -0.9260789 2.51843 0.4150569 -0.9988139 2.509448 0.4150569 -1.066555 2.441706 0.4240394 -1.075538 2.368971 0.4150569 -1.066555 2.296236 0.2018453 -1.066555 2.228495 0.2745805 -1.075538 2.219512 0.3473156 -1.066555 2.228495 0.3473156 -1.066555 2.509448 0.2745804 -1.075538 2.51843 0.2018453 -1.066555 2.509448 0.09584057 -1.003597 2.291453 0.08288508 -1.007761 2.368971 0.09584057 -1.003597 2.446489 0.08288508 -0.9260789 2.287289 0.06874322 -0.9260789 2.368971 0.08288508 -0.9260787 2.450654 0.09584057 -0.8485608 2.291453 0.08288508 -0.8443967 2.368971 0.09584057 -0.8485606 2.446489 0.1970624 -0.7473388 2.291453 0.1928982 -0.7343834 2.368971 0.1970624 -0.747339 2.446489 0.2745804 -0.7343834 2.287289 0.2745805 -0.7202416 2.368971 0.2745804 -0.7343834 2.450654 0.3520985 -0.747339 2.291453 0.3562626 -0.7343834 2.368971 0.3520985 -0.7473388 2.446489 0.4533203 -0.8485608 2.291453 0.4662758 -0.8443967 2.368971 0.4533203 -0.8485606 2.446489 0.4662758 -0.9260787 2.287289 0.4804176 -0.9260789 2.368971 0.4662758 -0.9260787 2.450654 0.4533203 -1.003597 2.291453 0.4662758 -1.007761 2.368971 0.4533203 -1.003597 2.446489 0.3520985 -1.104819 2.291453 0.3562626 -1.117774 2.368971 0.3520985 -1.104819 2.446489 0.2745804 -1.117774 2.287289 0.2745804 -1.131916 2.368971 0.2745804 -1.117774 2.450654 0.1970623 -1.104819 2.291453 0.1928982 -1.117774 2.368971 0.1970624 -1.104819 2.446489 0.1970624 -0.8485606 2.190232 0.2745804 -0.8443967 2.177276 0.3520985 -0.8485606 2.190232 0.1928982 -0.9260787 2.177276 0.2745804 -0.9260789 2.163134 0.3562626 -0.9260787 2.177276 0.1970624 -1.003597 2.190232 0.2745804 -1.007761 2.177276 0.3520985 -1.003597 2.190232 0.3520985 -0.8485608 2.547711 0.2745804 -0.8443967 2.560667 0.1970624 -0.8485606 2.547711 0.3562626 -0.9260787 2.560667 0.2745804 -0.9260789 2.574809 0.1928982 -0.9260787 2.560667 0.3520985 -1.003597 2.547711 0.2745805 -1.007761 2.560667 0.1970624 -1.003597 2.547711 0.06262058 -0.3356295 2.79756 0.02253776 -0.4782727 2.715341 0.1327686 -0.4225218 2.879148 0.07160043 -0.5390466 2.772405 -0.04390043 -0.372536 2.849838 -0.0481972 -0.4862051 2.767709 0.02624756 -0.4594283 2.931427 8.65437e-4 -0.5469791 2.824774 0.1151781 -0.2421403 3.106557 -0.008789896 -0.3200605 3.130156 0.03295534 -0.1402907 3.010924 -0.09101265 -0.2182112 3.034523 0.04652076 -0.1739192 3.184068 -0.0272262 -0.2264056 3.191575 -0.003282189 -0.1122279 3.126142 -0.07702922 -0.1647143 3.13365 0.0338484 -0.751309 2.873355 0.06555277 -0.8433845 2.66335 0.0338484 -0.9324048 2.927209 0.06555277 -0.9700456 2.701017 -0.1230521 -0.7697812 2.811239 -0.05435812 -0.8473547 2.65 -0.1230521 -0.9508769 2.865093 -0.05435806 -0.974016 2.687666 -0.1869043 -0.8539651 3.248025 -0.3363355 -0.8929649 3.11688 -0.1869042 -0.641697 3.184901 -0.3363354 -0.6806969 3.053756 -0.3270553 -0.7880218 3.316606 -0.4101331 -0.8142918 3.228268 -0.3270552 -0.6594493 3.278371 -0.4101331 -0.6857192 3.190033 0.05430811 -0.5444718 2.857357 0.04507803 -0.6816877 2.70792 0.07821393 -0.6787554 2.951549 0.06179815 -0.7756078 2.773799 -0.09044641 -0.577804 2.846576 -0.05932617 -0.6888519 2.724204 -0.06654059 -0.7120876 2.940768 -0.04260605 -0.782772 2.790083 -0.04977589 -0.5206462 3.234545 -0.2007703 -0.5910201 3.172539 -0.07779669 -0.3632481 3.12414 -0.2287911 -0.4336221 3.062134 -0.1597007 -0.4461362 3.301261 -0.2464616 -0.4935395 3.255702 -0.1766731 -0.3507991 3.234388 -0.2634341 -0.3982022 3.188828 -0.03512972 -0.5242496 2.797942 -0.02220785 -0.4831824 2.730617 0.04455208 -0.4242396 2.730324 0.01448786 -0.5200926 2.865331 0.1077589 -0.502534 2.803839 -0.04871898 -0.4417982 2.791816 0.0926609 -0.4572674 2.920586 0.1176673 -0.3721557 2.828552 0.03760612 -0.5572741 2.800187 -0.02879911 -0.4229021 2.900435 -0.003792643 -0.3377905 2.808401 0.05052798 -0.5162068 2.732861 0.06861084 -0.3001971 3.136288 0.09731078 -0.1766052 3.054316 -0.07314532 -0.2837458 3.086765 -0.04444539 -0.1601541 3.004793 -0.06467032 -0.2901132 2.941095 0.05530506 -0.228416 2.903651 0.1340591 -0.325969 2.995249 0.0140838 -0.3876658 3.032694 0.01241064 -0.2031069 3.197022 0.02640753 -0.1357584 3.158779 -0.06019389 -0.1978579 3.1671 -0.04619699 -0.1305094 3.128856 -0.02363246 -0.2658343 3.181756 -0.09453755 -0.1780043 3.099287 0.08210527 -0.1930504 3.168361 0.01120018 -0.1052203 3.085891 -0.06774812 -0.9145179 2.655945 0.005597293 -0.8352966 2.639753 0.07501292 -0.8024674 2.734118 -0.07636803 -0.9744318 2.753091 0.07501292 -0.9656435 2.782644 -0.07636803 -0.8112556 2.704566 -0.04460179 -0.9755963 2.906249 0.06326729 -0.8383934 2.911929 0.005597352 -0.9897139 2.685673 -0.152471 -0.8637925 2.826519 -0.04460179 -0.7265896 2.832199 0.07894277 -0.9104925 2.669481 -0.2616199 -0.9132653 3.194288 -0.1588859 -0.7405185 3.241053 -0.3643538 -0.7941435 3.060728 -0.2616199 -0.6213966 3.107492 -0.2258407 -0.7200866 2.937687 -0.06821483 -0.6892067 3.041527 -0.06821483 -0.8925201 3.101989 -0.2258407 -0.9234 2.998148 -0.3739262 -0.8112665 3.280039 -0.325367 -0.7200742 3.309801 -0.4224854 -0.7511557 3.205283 -0.3739262 -0.6599634 3.235045 -0.3976655 -0.8547236 3.192004 -0.3976655 -0.6716736 3.137569 -0.2762058 -0.8182945 3.314504 -0.2762059 -0.6352444 3.260069 -0.06470352 -0.7427278 2.75077 -0.01129001 -0.6818453 2.699647 0.06461179 -0.6272612 2.751146 -0.04796874 -0.7641155 2.847449 0.08615207 -0.7482573 2.836018 -0.06950908 -0.6431194 2.762578 0.01031893 -0.7205996 2.963819 0.0934025 -0.6053638 2.906475 0.009093999 -0.7963466 2.779963 -0.105635 -0.6511956 2.89165 -0.02255147 -0.5359598 2.834306 0.06250751 -0.7354639 2.72884 -0.1200192 -0.5853452 3.224243 -0.03547483 -0.428752 3.190968 -0.2430921 -0.5255161 3.10571 -0.1585478 -0.368923 3.072436 -0.1556534 -0.4999402 2.956238 -0.002671122 -0.4442185 2.99685 0.02416747 -0.5949766 3.102598 -0.1288146 -0.6506984 3.061985 -0.2053449 -0.4759997 3.288578 -0.1645056 -0.391861 3.276309 -0.2661574 -0.4479463 3.222151 -0.225318 -0.3638077 3.209882 -0.2403562 -0.5375437 3.235292 -0.2645201 -0.4018111 3.140084 -0.1147251 -0.4718087 3.297122 -0.1388889 -0.336076 3.201914 -0.01944899 -0.2409735 2.905198 0.07261317 -0.526784 2.847949 -0.0349844 -0.4848185 2.839812 -7.00437e-4 -0.5361824 2.755632 0.09323519 -0.4610126 2.754925 -0.01436245 -0.4190471 2.746788 -0.07876873 -0.2351525 3.143352 0.08883786 -0.3751085 3.031146 -0.04778861 -0.3504577 2.993915 0.1171775 -0.2656243 2.942429 -0.02033269 -0.1615439 3.171503 0.04217761 -0.2454257 3.190701 -0.05493313 -0.1251345 3.077752 0.06601327 -0.1354075 3.1251 -0.1470278 -0.6665254 2.978271 -6.77541e-4 -1.001094 2.77573 -0.1048867 -0.8947823 2.72231 0.005597293 -0.9204906 2.635861 0.1035316 -0.8828672 2.762377 -6.77608e-4 -0.7765556 2.708957 -0.4205757 -0.769822 3.142514 -0.1470277 -0.9460813 3.061405 -0.2553956 -0.8275333 2.948448 -0.03865998 -0.7850735 3.091228 -0.3851161 -0.7329801 3.266402 -0.3374613 -0.8702119 3.26373 -0.3374614 -0.6195086 3.189176 -0.2543471 -0.7198985 3.310391 -0.08419454 -0.4438123 2.956716 0.0229116 -0.7796136 2.856785 -0.08417952 -0.7071155 2.806483 -0.005996048 -0.7535051 2.720506 0.1003623 -0.6856151 2.790298 -0.006728827 -0.613117 2.739997 -0.2759831 -0.4816289 3.176625 -0.04729133 -0.6511046 3.102119 -0.1709182 -0.5857671 3.001497 0.03943234 -0.5091497 3.057339 -0.2232307 -0.4151492 3.258013 -0.1734464 -0.5295355 3.284214 -0.206541 -0.3436375 3.153818 -0.1040043 -0.3915439 3.261406</float_array>
          <technique_common>
            <accessor source="#Cube_012-mesh-positions-array" count="2652" stride="3">
              <param name="X" type="float"/>
              <param name="Y" type="float"/>
              <param name="Z" type="float"/>
            </accessor>
          </technique_common>
        </source>
        <source id="Cube_012-mesh-normals">
          <float_array id="Cube_012-mesh-normals-array" count="7956">-0.8888452 -0.09742581 -0.4477303 -0.9937827 0.0499103 -0.09952396 -0.9500173 0.135532 -0.2812439 -0.9367527 -0.1943274 -0.2910867 -0.9887679 -0.06433784 0.1349025 -0.9506561 0.294831 0.09658002 -0.9236891 0.3728071 -0.08839386 -0.9316257 0.1907767 0.3093183 -0.6345805 -0.2292966 -0.7380588 -0.7602727 -0.02436256 -0.6491472 -0.6932996 -0.3464502 -0.6319082 -0.7364107 -0.455985 -0.4997768 -0.9469913 -0.3117174 -0.07771599 -0.7314012 -0.6809518 -0.03683835 -0.7594434 -0.5683268 -0.3166236 -0.8439196 -0.2379022 0.4808349 -0.7805513 0.04498457 0.6234711 -0.6709306 0.2878063 0.6833884 -0.7407483 0.4569784 0.4924051 -0.7610495 0.5699034 0.3098609 -0.749614 0.649229 0.1287655 -0.7033922 0.7068982 -0.07439357 -0.8142085 0.5056031 -0.2853597 -0.8379627 0.2350119 -0.4925321 -0.4005284 0.8809273 0.2520797 -6.5168e-7 0.8582565 0.5132209 0 0.9601983 0.2793193 -0.4071741 0.7858899 0.4653885 2.0094e-7 0.6757386 0.7371414 0.4005286 0.8809273 0.2520794 0.4071746 0.7858899 0.4653882 -0.4313465 0.9002414 -0.05920755 -0.3970654 0.62652 0.6706802 -0.3797171 0.3312746 0.8637546 0.3797169 0.3312751 0.8637546 0.3970657 0.6265196 0.6706802 0.6709296 0.2878062 0.6833895 0.7407483 0.4569787 0.4924049 0.76105 0.569903 0.3098605 0.7496141 0.6492291 0.1287655 0.7033924 0.7068981 -0.07439309 0.4313467 0.9002414 -0.05920767 0 0.9984742 -0.05522096 0.950656 0.2948312 0.09658008 0.9500175 0.1355318 -0.2812439 0.9236891 0.3728071 -0.08839386 0.9316257 0.190777 0.3093183 0.9937827 0.04991042 -0.09952402 0.8888451 -0.09742629 -0.4477305 0.9887679 -0.06433808 0.1349029 0.9367527 -0.1943272 -0.2910868 0.8142087 0.5056028 -0.2853596 0.7805508 0.04498511 0.6234717 0.8439196 -0.2379022 0.480835 0.9469913 -0.3117172 -0.07771617 0.7314016 -0.6809513 -0.03683853 0.7594439 -0.5683261 -0.3166233 0.736411 -0.455985 -0.4997764 0.6932995 -0.3464502 -0.6319083 0.6345799 -0.2292978 -0.7380589 0.7602725 -0.02436304 -0.6491473 0.837963 0.2350121 -0.4925318 0.3897115 -0.6436516 -0.6586635 0 -0.5384957 -0.8426283 0.3566479 -0.5003606 -0.7889497 0.4160388 -0.7949613 -0.4415296 -4.83052e-7 -0.7022995 -0.7118816 -0.3897113 -0.6436519 -0.6586633 -0.3566476 -0.500361 -0.7889496 -0.4160388 -0.7949613 -0.4415296 0.3647812 -0.2953369 -0.8830124 0.435945 -0.8998888 0.01233583 -7.72437e-7 -0.8825877 -0.470148 -0.4359453 -0.8998888 0.01233547 -0.3647816 -0.2953359 -0.8830125 -2.20951e-7 -0.3280106 -0.9446741 -0.524532 0.7334889 -0.4322733 -4.06546e-7 0.4560763 -0.8899408 -0.5467113 0.3718683 -0.7502138 0.524532 0.7334885 -0.432274 -4.60675e-7 0.8581916 -0.5133296 -8.796e-7 -9.03979e-4 -0.9999996 -0.4739789 -0.009720802 -0.8804826 0.5467113 0.3718683 -0.7502138 0.4739779 -0.009720385 -0.880483 0 -0.06288051 0.9980211 0.4728269 -0.3934015 0.7884607 0.4301376 -0.03932315 0.9019065 -0.472827 -0.3934014 0.7884606 0 -0.4461767 0.894945 0.478187 -0.7145745 0.510608 -0.4781875 -0.7145743 0.5106079 0 -0.8049565 0.5933338 6.63496e-7 0.3492017 0.9370477 -0.4301376 -0.03932362 0.9019065 -0.8324829 -0.4916712 0.2554051 0 -0.99923 0.039236 0.8324829 -0.491671 0.2554054 0.8888452 -0.09742581 -0.4477304 0.9937827 0.04991036 -0.0995239 0.9367527 -0.1943272 -0.2910867 0.9887679 -0.06433761 0.1349026 0.9469913 -0.3117175 -0.07771593 0.9500173 0.135532 -0.2812439 0.9506562 0.294831 0.09658014 0.9316257 0.1907767 0.3093181 0.6345796 -0.2292972 -0.7380594 0.6932989 -0.3464506 -0.6319086 0.7364104 -0.4559851 -0.4997771 0.759443 -0.5683274 -0.3166233 0.7314014 -0.6809515 -0.03683763 0.8439195 -0.2379028 0.4808349 0.8324827 -0.4916715 0.2554054 0.7805514 0.04498463 0.623471 0.6709307 0.2878065 0.6833883 0.7407484 0.4569786 0.4924048 0.9236891 0.372807 -0.08839392 0.7610495 0.5699034 0.3098609 0.7033925 0.7068979 -0.07439363 0.8142084 0.5056031 -0.2853598 0.8379627 0.2350121 -0.4925321 0.7602726 -0.0243628 -0.6491472 0.4005284 0.8809272 0.2520798 7.53273e-7 0.8582565 0.513221 0.4071742 0.7858899 0.4653885 -2.98899e-7 0.6757387 0.7371413 0.3970655 0.6265202 0.6706799 -0.4005286 0.8809273 0.2520795 0 0.9601983 0.2793194 -0.4071744 0.7858898 0.4653885 0.7496141 0.6492289 0.1287655 0.3797171 0.3312748 0.8637547 -0.3797171 0.3312754 0.8637545 -5.89205e-7 0.349202 0.9370476 -0.3970659 0.6265197 0.6706801 -0.6709297 0.2878064 0.6833893 -0.7610499 0.569903 0.3098605 -0.7496137 0.6492294 0.1287655 -0.7033922 0.7068982 -0.07439315 -0.4313465 0.9002414 -0.05920779 0 0.9984742 -0.05522102 0.4313467 0.9002415 -0.05920767 -0.9500175 0.1355317 -0.281244 -0.9506561 0.294831 0.0965802 -0.923689 0.3728073 -0.08839386 -0.9937827 0.0499103 -0.09952402 -0.9316258 0.1907769 0.309318 -0.888845 -0.09742641 -0.4477307 -0.9367526 -0.1943272 -0.2910869 -0.9887679 -0.06433808 0.1349029 -0.7407482 0.4569788 0.4924048 -0.7805508 0.04498529 0.6234715 -0.9469913 -0.3117173 -0.07771629 -0.8439197 -0.2379022 0.480835 -0.7314013 -0.6809516 -0.03683835 -0.8324826 -0.4916718 0.2554048 -0.7364112 -0.4559845 -0.4997767 -0.6932995 -0.3464503 -0.6319083 -0.6345794 -0.2292975 -0.7380595 -0.7602725 -0.02436298 -0.6491473 -0.8379629 0.2350119 -0.4925318 -0.8142086 0.5056029 -0.2853596 6.04556e-7 -0.5384957 -0.8426283 -0.3897112 -0.6436517 -0.6586636 -0.3566479 -0.5003606 -0.7889498 7.71404e-7 -0.7022994 -0.7118818 -0.4160384 -0.7949616 -0.4415293 0.389711 -0.6436516 -0.6586638 0.4160383 -0.7949616 -0.4415296 3.16113e-7 -0.8825876 -0.4701482 -0.7594438 -0.5683268 -0.3166228 -0.4359459 -0.8998884 0.01233589 0.4359459 -0.8998884 0.01233571 0 -0.99923 0.03923588 0.3566477 -0.500361 -0.7889495 0.364781 -0.2953364 -0.8830126 0 -0.3280109 -0.944674 -0.3647809 -0.295337 -0.8830124 0.5245318 0.7334892 -0.4322731 3.11871e-7 0.456076 -0.8899409 2.88616e-7 0.8581914 -0.51333 -0.5245322 0.7334886 -0.4322736 0.5467109 0.3718687 -0.7502139 1.00972e-6 -9.04099e-4 -0.9999996 -0.5467112 0.3718684 -0.7502138 -0.4739775 -0.009720623 -0.8804834 0.4739786 -0.009720981 -0.8804828 -0.4728266 -0.393402 0.7884605 0 -0.06288033 0.9980211 -0.4301375 -0.03932279 0.9019067 0.4728269 -0.3934016 0.7884606 0.4301375 -0.03932386 0.9019065 -0.4781872 -0.7145745 0.5106078 1.53886e-7 -0.4461767 0.8949449 0.4781877 -0.7145738 0.5106083 -1.31268e-7 -0.8049561 0.5933344 0.2154943 0.01324027 0.9764153 0 -0.2181488 0.9759156 0.2334367 -0.2248055 0.9460285 -0.2154945 0.01324033 0.9764153 4.08844e-7 0.02327525 0.9997292 0.2378184 -0.4674155 0.851449 -0.2378184 -0.4674153 0.851449 -3.25638e-7 -0.468608 0.8834064 0.4541378 0.2721387 0.848351 0.5173122 0.03400886 0.8551208 0.2199151 0.3154003 0.9231252 -0.219915 0.3154013 0.9231249 0 0.3298436 0.9440356 -0.4541379 0.2721385 0.848351 -0.5173121 0.0340088 0.8551209 -0.2334369 -0.2248063 0.9460282 -0.5465378 -0.2243496 0.8068233 -0.4608067 -0.6700111 0.5820158 -0.2341255 -0.7350147 0.6363478 0 -0.7561862 0.6543565 0.2341256 -0.735015 0.6363475 0.4608066 -0.6700113 0.5820156 0.5295875 -0.4622231 0.7112572 0.5465378 -0.2243494 0.8068233 0.3514192 -0.811684 -0.4665554 -1.42124e-7 -0.9954363 -0.09542942 -3.471e-7 -0.8747881 -0.484506 0.2820862 -0.9147517 0.2892346 0.3278505 -0.9408604 -0.08541566 -0.3514194 -0.8116836 -0.4665556 -0.2820862 -0.9147518 0.2892345 -0.3278504 -0.9408604 -0.08541625 0.6666582 -0.3408722 -0.6628521 0.3434969 -0.5264225 -0.7777463 0.6939639 -0.6057463 -0.3892115 0.6688999 -0.7424457 -0.03670912 0.5852374 -0.752371 0.3023825 0 -0.9558485 0.2938602 -0.5852377 -0.7523708 0.3023825 -0.6688997 -0.7424457 -0.03670918 -0.6939635 -0.6057464 -0.3892121 -0.6666582 -0.3408721 -0.6628523 -0.3434973 -0.5264223 -0.7777463 0 -0.5834372 -0.8121583 -0.9059015 -0.4193745 0.05888587 -0.9939197 0.04162031 -0.1019395 -0.9269068 -0.2807474 -0.2490481 -0.7829425 -0.4707525 0.4066858 -0.9830332 -0.07972258 0.165197 -0.9357625 0.3450013 0.07295715 -0.8414312 -0.1759333 0.510922 -0.9213584 0.2616142 0.2875009 -0.8791152 -0.0662167 -0.4719873 -0.5295874 -0.4622232 0.7112573 -0.7911644 0.1445196 0.5942837 -0.6058584 0.455203 0.6524767 -0.6921677 0.5812061 0.4279059 -0.723456 0.6195763 0.3045271 -0.9165836 0.3997395 -0.009103357 -0.7419241 0.5603407 0.3681941 -0.9468066 0.1816299 -0.2656463 0 0.2271297 0.9738646 -0.4062216 0.2862295 0.8677885 -0.3735913 0.3128128 0.873257 0.4062213 0.2862297 0.8677884 0 0.2016116 0.9794657 -0.4332308 0.4844017 0.7600436 0.4332306 0.4844025 0.7600432 0 0.4714311 0.8819029 -0.3823423 0.5673527 0.7293321 -0.7465963 0.4534659 0.4867883 -1.78804e-7 0.5339852 0.8454939 0.3735913 0.3128131 0.8732569 0.3823423 0.5673522 0.7293325 0.7465965 0.4534657 0.486788 0.7596781 0.434033 0.4842567 0.7583646 0.5281031 0.382087 0.6897552 0.6895582 0.2207879 0.4219244 0.8099628 0.4073575 2.38039e-7 0.8656111 0.5007169 -0.4219241 0.809963 0.4073573 -0.6897559 0.689558 0.2207866 -0.7583652 0.5281026 0.3820864 -0.7596778 0.4340335 0.4842567 0.9357624 0.3450014 0.07295763 0.9830332 -0.07972258 0.165197 0.9939196 0.04162049 -0.1019395 0.9213585 0.261614 0.287501 0.8414312 -0.1759331 0.510922 0.9059016 -0.4193745 0.05888551 0.9269067 -0.2807472 -0.2490482 0.7829422 -0.470753 0.4066859 0.723456 0.6195759 0.3045278 0.9165837 0.3997396 -0.009103536 0.7419243 0.5603407 0.3681938 0.6921679 0.5812056 0.4279062 0.7911647 0.1445198 0.5942832 0.6058585 0.4552034 0.6524764 0.8791153 -0.06621664 -0.4719871 0.9468066 0.18163 -0.2656465 -0.3699692 0.7738407 0.5140947 0 0.8354525 0.5495627 -1.71096e-7 0.8083844 0.588655 -0.2914667 0.6217457 0.726966 -0.3447266 0.7785281 0.5244594 0.3699697 0.7738398 0.5140958 0.291467 0.6217451 0.7269663 0.3447272 0.7785277 0.5244596 0 0.6589955 0.7521471 -0.4255907 0.9006257 -0.08801168 -2.18103e-7 0.9094287 -0.4158599 -0.4208716 0.8133265 -0.4017052 0.4255903 0.9006259 -0.08801084 0 0.9989559 -0.0456863 -1.35573e-7 0.7377445 -0.6750801 -0.3826921 0.6737793 -0.6321142 0.4208714 0.8133264 -0.4017058 -0.7129336 0.691154 -0.1184565 0.712933 0.6911548 -0.1184561 0.6824133 0.6334298 -0.3647997 0.3826924 0.673779 -0.6321142 0.6220713 0.5506968 -0.5565613 0.3140603 0.4944113 -0.8105083 9.35947e-7 0.5098273 -0.8602768 -0.3140597 0.4944114 -0.8105084 -0.6220716 0.5506967 -0.5565609 -0.5368651 0.4613798 -0.7063318 -0.6824133 0.6334303 -0.3647989 0.3153921 -0.1822471 -0.9312968 0 0.0417661 -0.9991275 0.3019708 0.07354789 -0.9504759 -0.3153923 -0.182247 -0.9312968 -2.14435e-7 -0.2278782 -0.9736897 -3.87094e-7 0.2728387 -0.9620598 0.2993116 0.284343 -0.9108028 -0.3019708 0.07354789 -0.9504759 0.6187071 -0.04282796 -0.7844536 -0.618707 -0.04282802 -0.7844536 -0.5890689 0.1705141 -0.7898879 -0.299312 0.2843424 -0.9108029 0.5368644 0.4613802 -0.7063322 0.5700181 0.3336896 -0.7508201 0.589069 0.1705139 -0.7898879 -0.8977637 0.3017607 -0.3208752 -0.7729848 0.2930574 -0.5626829 -0.8160543 0.1406735 -0.5605947 -0.9038488 0.4278447 0.002525985 -0.8576844 0.3950989 -0.3290506 -0.7329911 0.4161612 -0.5380837 -0.8868709 0.4619982 -0.004215538 -0.8024979 0.4926306 -0.3366192 -0.8387869 0.5418379 -0.05337202 -0.5700179 0.3336893 -0.7508202 0.9038488 0.4278446 0.002525269 0.8576847 0.3950986 -0.3290504 0.8868713 0.4619974 -0.004215657 0.8977637 0.3017606 -0.3208752 0.772985 0.2930574 -0.5626826 0.8024981 0.4926302 -0.3366193 0.8387868 0.5418378 -0.05337244 0.732991 0.4161613 -0.5380837 0.8160544 0.1406735 -0.5605945 -0.9843161 0.127799 0.1216118 -0.9958963 0.08457726 -0.03220689 -0.998528 0.04181033 0.03455334 -0.9822854 0.1759412 0.06449908 -0.9870794 0.1327843 -0.08968025 -0.9906499 -0.006305992 -0.1362832 -0.9962351 -0.05075258 -0.07028496 -0.9813431 0.03742617 -0.1885873 -0.910426 0.194181 0.3652647 -0.95125 0.09797227 0.2924465 -0.9228674 0.2469266 0.2955384 -0.9193348 0.3183383 0.2312667 -0.9713322 0.2374105 0.01225841 -0.9037706 0.3934724 0.1684581 -0.9329949 0.3526972 -0.07159131 -0.9555834 0.2092739 -0.2075208 -0.9394481 0.07371431 -0.3346692 -0.8986864 -0.04696452 -0.43607 -0.9197962 -0.09533351 -0.3806397 -0.9341887 -0.1470382 -0.3250713 -0.9514447 -0.1893879 -0.2426632 -0.9915605 -0.1155166 0.0588544 -0.9641601 -0.2331789 -0.1265826 -0.9817946 -0.00940448 0.1897126 0.9562093 -0.004912078 0.2926427 0.9959093 -0.08460974 0.03171604 0.9845381 -0.004492342 0.1751132 0.9835049 -0.08272427 0.1608566 0.9799317 -0.1609786 -0.1175571 0.9922267 -0.08171403 -0.09385693 0.9984546 0.003008425 0.0554943 0.9582807 -0.1600267 -0.2368327 0.8153794 0.09133332 0.571677 0.8706097 0.1113015 0.479219 0.8761227 0.004431188 0.4820679 0.9312923 -0.08650392 0.3538527 0.9870312 -0.160153 0.01097202 0.9653062 -0.1799405 0.1892229 0.9402855 -0.2769237 -0.1979306 0.9014765 -0.2746595 -0.3345181 0.8574687 -0.2647126 -0.4412194 0.8149852 -0.232249 -0.5309047 0.8934646 -0.1529912 -0.4222733 0.9603773 -0.05334854 -0.2735495 0.993375 0.06234872 -0.09653443 0.9572191 0.147696 0.2488325 0.9768837 0.1849586 0.1071854 0.920013 0.1297762 0.3697758 -0.7351727 -0.4466771 -0.5099027 -0.028732 -0.5507501 -0.8341757 -0.03011476 -0.7367694 -0.6754732 -0.6783269 -0.3710876 -0.6341662 -0.02577227 -0.4183065 -0.9079402 0.7069009 -0.5117763 -0.4882378 0.6267088 -0.4462296 -0.638839 -0.8353687 -0.5195529 -0.1795108 -0.6451232 -0.2872776 -0.7080168 -0.6475743 -0.1405222 -0.7489333 0.565242 -0.2661501 -0.7808109 0.5670666 -0.3811093 -0.7301995 0.9548237 -0.2944684 -0.04000133 0.804277 -0.5846616 -0.1063455 -0.03263288 -0.9960929 -0.08206099 -0.7687917 0.3440747 -0.5390473 -0.01431536 0.03355908 -0.9993342 -0.7287701 0.06758397 -0.6814152 -0.7427042 0.6297286 -0.2276674 0.03724169 0.4523026 -0.8910867 0.8022295 0.09474742 -0.5894496 0.6814537 -0.1212952 -0.7217398 0.8822744 0.3805119 -0.2771327 -0.6677227 0.7282161 0.1544274 0.1290065 0.9761632 0.1745358 0.1232515 0.8826487 -0.4535862 0.8329864 0.5241271 0.1772692 -0.0235942 -0.2401729 -0.9704434 -0.6423114 0.647074 0.4107694 0.01935875 0.6341389 0.7729768 0.06398177 0.8038343 0.5914024 -0.65701 0.5341349 0.5320129 -0.01334547 0.4701923 0.8824632 0.7389403 0.4638677 0.4886656 0.6741785 0.3779754 0.6345219 -0.8774247 0.4746851 0.06928193 -0.6670511 0.4106737 0.6216027 -0.6644668 0.2606808 0.7003781 -0.0397762 0.2725242 0.9613264 0.612282 0.2902793 0.7354242 0.5609107 0.1773084 0.8086663 -0.8176703 -0.09442245 0.5678906 -0.06223744 0.0466904 0.9969688 -0.7424864 0.08922344 0.6638925 -0.8795646 -0.3393821 0.3334456 -0.07921051 -0.2455037 0.966154 0.7164256 -0.1357064 0.6843378 0.6272441 0.02812081 0.778315 0.8049626 -0.3811491 0.4547095 -0.07170051 -0.7477577 0.660089 0.9843161 0.1277992 0.1216117 0.9958963 0.08457756 -0.03220635 0.9822854 0.1759412 0.06449913 0.9870795 0.1327841 -0.08968043 0.9713323 0.2374097 0.01225835 0.9985278 0.0418114 0.03455418 0.9906498 -0.006306052 -0.1362835 0.981343 0.03742676 -0.1885873 0.9104267 0.1941801 0.3652634 0.9228676 0.2469267 0.2955381 0.9193348 0.3183382 0.231267 0.9037708 0.3934722 0.1684581 0.9329947 0.3526977 -0.07159119 0.8774242 0.474686 0.06928229 0.9555832 0.2092741 -0.2075213 0.939448 0.07371395 -0.3346698 0.8986858 -0.04696565 -0.4360711 0.9197964 -0.09533274 -0.3806394 0.9962351 -0.0507524 -0.07028514 0.9341882 -0.1470389 -0.3250725 0.9915605 -0.1155167 0.05885416 0.9514444 -0.1893888 -0.2426636 0.9817947 -0.009404301 0.1897124 0.95125 0.09797281 0.2924464 -0.9562095 -0.004912674 0.2926416 -0.9959093 -0.0846095 0.03171652 -0.983505 -0.08272433 0.160856 -0.979932 -0.1609778 -0.1175566 -0.9870314 -0.1601524 0.0109722 -0.9845382 -0.004492759 0.1751129 -0.9922267 -0.08171421 -0.09385728 -0.9582808 -0.1600261 -0.2368323 -0.8153789 0.09133362 0.5716779 -0.8761221 0.004431903 0.4820689 -0.9312924 -0.08650404 0.3538525 -0.9653064 -0.1799403 0.1892227 -0.9402857 -0.2769234 -0.1979306 -0.9548235 -0.2944692 -0.04000198 -0.9014773 -0.2746586 -0.3345166 -0.8574697 -0.2647117 -0.4412181 -0.8149851 -0.2322478 -0.5309052 -0.8934646 -0.1529912 -0.4222732 -0.9984546 0.003007292 0.05549407 -0.9603772 -0.05334949 -0.2735499 -0.9572193 0.147696 0.2488319 -0.993375 0.06234872 -0.09653401 -0.9200133 0.1297757 0.3697754 -0.8706101 0.1113006 0.4792184 0.7351723 -0.4466778 -0.5099028 0.02873253 -0.5507501 -0.8341755 0.6783266 -0.3710872 -0.6341667 0.02577376 -0.4183064 -0.9079402 0.6451237 -0.2872773 -0.7080163 -0.7069003 -0.5117771 -0.488238 0.03011405 -0.7367693 -0.6754733 -0.6267086 -0.4462299 -0.638839 0.9641599 -0.233179 -0.1265828 0.6475729 -0.1405233 -0.7489342 -0.5652438 -0.266149 -0.7808099 0.02359062 -0.2401736 -0.9704433 -0.5670661 -0.3811091 -0.7302 -0.8042774 -0.5846611 -0.1063461 0.03263282 -0.996093 -0.08206087 0.8353684 -0.5195534 -0.1795107 0.01431494 0.03355956 -0.9993342 0.7687914 0.3440746 -0.5390479 0.7287696 0.0675835 -0.6814158 -0.03724157 0.4523023 -0.8910868 0.7427046 0.6297283 -0.2276668 -0.8022292 0.09474736 -0.5894501 -0.8822739 0.3805133 -0.2771331 -0.1232516 0.8826492 -0.4535853 0.6677232 0.7282157 0.1544272 -0.1290043 0.9761634 0.1745361 -0.8329858 0.5241283 0.1772691 -0.6814542 -0.1212959 -0.7217393 0.6423124 0.6470734 0.4107686 -0.01936024 0.6341385 0.7729771 0.657011 0.5341343 0.5320125 0.01334524 0.4701924 0.882463 0.6670513 0.4106737 0.6216026 -0.7389404 0.4638684 0.4886646 -0.0639792 0.8038347 0.5914021 -0.6741803 0.3779733 0.6345211 0.664468 0.260681 0.7003768 0.03977555 0.2725254 0.9613262 -0.6122825 0.2902791 0.7354239 -0.5609107 0.1773075 0.8086664 -0.9768837 0.1849571 0.1071878 0.06223684 0.04669016 0.9969688 0.8176699 -0.09442281 0.5678912 0.7424861 0.08922404 0.6638927 0.07920992 -0.2455039 0.966154 0.8795645 -0.3393827 0.3334454 -0.7164251 -0.1357064 0.6843383 -0.8049629 -0.3811486 0.4547092 0.07169908 -0.7477575 0.6600893 -0.6272431 0.02812075 0.7783157 0.338091 0.3143016 0.8870789 -2.42992e-7 -1.28935e-7 1 0.3541783 0 0.9351779 -0.338092 0.3143014 0.8870787 -1.92262e-7 0.3332782 0.9428286 0.3380914 -0.3143012 0.8870789 -0.3380914 -0.3143015 0.8870788 2.82151e-7 -0.333278 0.9428287 0.5902493 0.5480082 0.5926998 0.6768078 0.2834343 0.6794089 0.3132148 0.6470004 0.6951885 -0.3132148 0.6470003 0.6951886 1.21756e-7 0.6822673 0.7311029 -0.5902493 0.5480077 0.5927001 -0.676808 0.2834337 0.6794089 -0.3541791 -2.88143e-7 0.9351777 -0.6768077 -0.2834339 0.679409 -0.5902493 -0.5480074 0.5927004 -0.3132153 -0.6470001 0.6951885 -3.90635e-7 -0.6822671 0.731103 0.3132156 -0.6470003 0.6951883 0.5902497 -0.5480073 0.5927 0.6768075 -0.2834339 0.6794093 0.7057929 2.9764e-7 0.7084184 0.3543635 -0.8647723 -0.3558025 -3.23665e-7 -1 0 0 -0.9258111 -0.3779866 0.3543644 -0.8647722 0.355802 0.376743 -0.9263179 1.2108e-7 -0.3543639 -0.8647725 -0.3558016 -0.354364 -0.8647725 0.3558017 -0.3767432 -0.9263178 1.56395e-7 0.5902491 -0.5480075 -0.5927006 0.3132156 -0.6469998 -0.6951888 0.6935166 -0.6479259 -0.3150029 0.6935173 -0.6479254 0.3150023 0.7298371 -0.6836211 2.63909e-7 0 -0.9258111 0.3779864 -0.6935169 -0.6479256 0.3150029 -0.7298369 -0.6836214 -2.53759e-7 -0.6935166 -0.6479261 -0.3150027 -0.5902494 -0.5480074 -0.5927003 -0.3132156 -0.6469997 -0.6951888 0 -0.6822671 -0.731103 -0.8859222 -0.3151229 -0.340352 -1 0 0 -0.9342648 0 -0.3565803 -0.8859222 -0.3151231 0.3403519 -0.9424199 -0.334432 0 -0.8859222 0.3151231 -0.3403519 -0.8859221 0.3151232 0.3403519 -0.9424198 0.3344321 0 -0.6768075 -0.2834338 -0.6794093 -0.9342647 0 0.3565804 -0.6935174 0.6479253 0.3150023 -0.7298367 0.6836216 3.24812e-7 -0.6935166 0.647926 -0.3150026 -0.5902494 0.5480076 -0.5927001 -0.6768074 0.2834339 -0.6794093 -0.705793 3.10252e-7 -0.7084181 -0.3380909 0.3143012 -0.8870791 0 0 -1 -0.354179 0 -0.9351778 0.3380908 0.314301 -0.8870792 -1.99753e-7 0.3332783 -0.9428285 -0.3380908 -0.314301 -0.8870792 0.338091 -0.3143014 -0.8870791 0 -0.3332782 -0.9428285 -0.3132161 0.6469997 -0.6951885 0.3132159 0.6469998 -0.6951886 -5.52977e-7 0.6822672 -0.7311029 0.5902495 0.5480076 -0.5927001 0.6768074 0.2834339 -0.6794093 0.3541792 0 -0.9351776 0.6768075 -0.2834337 -0.6794094 0.8859221 0.3151233 -0.3403519 1 0 0 0.9342648 0 -0.35658 0.8859223 0.3151232 0.3403515 0.9424199 0.3344321 0 0.8859222 -0.3151229 -0.3403521 0.8859223 -0.3151231 0.3403519 0.94242 -0.3344318 0 0.6935166 0.6479261 -0.3150025 0.6935173 0.6479254 0.3150023 0.7298368 0.6836214 2.8421e-7 0.9342647 -1.39775e-7 0.3565804 0.7057928 0 -0.7084183 -0.3543638 0.8647724 -0.3558021 0 1 0 0 0.925811 -0.3779868 -0.3543648 0.864772 0.355802 -0.3767438 0.9263176 1.4126e-7 0.354364 0.8647724 -0.3558017 0.3543649 0.8647719 0.355802 0.376744 0.9263175 1.56395e-7 0 0.9258109 0.3779872 0 0.9961961 -0.08714002 0.6048871 0.5462709 0.579396 0.6715874 0.7394545 -0.04666334 -0.6715879 0.7394541 -0.04666239 -0.7492429 -0.06904107 0.6586869 -0.6048871 0.546271 0.579396 0.988797 0.1447868 -0.0362963 0.7013126 -0.3422043 0.6253455 0.9834831 -0.1800866 -0.01815944 0.9314246 -0.3623083 -0.03436768 0.5270603 -0.7219226 0.4483694 0.6504034 -0.7571764 -0.0604943 -0.9314238 -0.3623101 -0.0343697 -0.5270603 -0.7219225 0.4483697 -0.6557135 -0.4710653 0.5900317 0 -0.498673 0.8667902 0.6557136 -0.4710653 0.5900315 -0.7013125 -0.3422043 0.6253455 0 -0.407851 0.9130486 0 -0.8385446 0.5448331 -0.9887971 0.1447861 -0.03629469 -0.6504046 -0.7571755 -0.06049066 -1.21832e-6 -0.9942885 -0.1067263 0.7492429 -0.06904107 0.6586869 0 0.6572327 0.7536877 -0.983483 -0.1800875 -0.01816117 0 -0.169358 0.9855547 0.6375209 0.7026363 -0.3160211 -0.6663455 -0.6731625 -0.3206804 -0.9557535 -0.1421821 -0.2575261 0.6663424 -0.6731628 -0.3206862 0.9510525 0.1394692 -0.275767 0.9557545 -0.1421805 -0.2575229 -0.6375231 0.7026351 -0.3160195 -0.951053 0.1394688 -0.2757657 0.8797422 -0.3361952 -0.3361941 1 0 -1.34403e-7 0.934751 -0.3553037 -2.85525e-7 0.8797423 -0.3361949 0.3361945 0.8797425 0.336194 -0.3361944 0.9347507 0 -0.3553043 0.8797422 0.3361949 0.3361946 0.9347506 1.75323e-7 0.3553048 0.5773491 -0.5773515 -0.5773504 0.6736811 -0.6736808 -0.3038226 0.7071063 -0.7071074 3.39333e-7 0.6736821 -0.6736801 0.3038219 0.5773494 -0.5773512 0.5773503 0.6736795 -0.3038229 0.6736822 0.6736805 0.3038223 0.6736814 0.7071069 0 0.7071067 0.57735 0.5773512 0.5773497 0.9347511 0.3553034 0 0.6736818 0.6736804 0.3038218 0.6736814 0.6736808 -0.3038219 0.57735 0.5773508 -0.5773501 0.6736803 0.3038225 -0.6736816 0.7071071 0 -0.7071065 0.67368 -0.3038229 -0.6736817 0.3361944 0.8797425 -0.3361943 -2.41427e-7 1 -1.29425e-7 0.355304 0.9347509 3.33113e-7 0.3361955 0.8797421 0.3361941 -0.3361946 0.8797423 -0.3361945 -8.6409e-7 0.9347507 -0.3553043 -0.3361946 0.8797425 0.3361943 1.23728e-6 0.9347506 0.3553046 0.7071063 0.7071073 6.58406e-7 0.3038212 0.673681 0.6736814 -0.3038229 0.6736803 0.6736813 -6.68535e-7 0.707106 0.7071076 -0.57735 0.5773501 0.5773507 -0.3553043 0.9347507 -8.24017e-7 -0.6736808 0.6736809 0.3038228 -0.6736807 0.6736808 -0.3038232 -0.5773501 0.5773506 -0.5773501 -0.3038232 0.6736807 -0.6736809 -1.04332e-6 0.7071061 -0.7071076 0.3038218 0.6736806 -0.6736816 -0.8797422 0.3361949 -0.3361945 -1 -2.53872e-7 0 -0.934751 0.3553035 -1.27735e-7 -0.879742 0.336195 0.336195 -0.879742 -0.3361954 -0.3361945 -0.934751 4.25784e-7 -0.3553038 -0.879742 -0.3361949 0.3361949 -0.9347506 -1.9536e-7 0.3553045 -0.7071058 0.7071078 0 -0.67368 0.3038225 0.6736817 -0.67368 -0.3038229 0.6736816 -0.7071065 -1.4181e-7 0.7071071 -0.5773496 -0.5773507 0.5773506 -0.9347512 -0.355303 -3.80701e-7 -0.6736814 -0.6736807 0.3038219 -0.6736808 -0.673681 -0.3038228 -0.5773492 -0.5773512 -0.5773504 -0.67368 -0.3038228 -0.6736817 -0.7071067 0 -0.707107 -0.6736802 0.3038229 -0.6736816 -0.3361942 -0.8797424 -0.3361948 0 -1 0 -0.3553038 -0.9347509 2.07883e-7 -0.3361935 -0.8797425 0.336195 0.3361943 -0.8797423 -0.3361948 0 -0.9347506 -0.3553047 0.3361945 -0.8797423 0.3361949 0 -0.9347507 0.3553046 -0.7071065 -0.7071071 -1.01293e-6 -0.3038206 -0.6736806 0.673682 0.3038205 -0.6736807 0.673682 4.50755e-7 -0.7071062 0.7071075 0.3553043 -0.9347507 -2.05378e-7 0.3038209 -0.6736809 -0.6736817 -3.19074e-7 -0.7071063 -0.7071074 -0.3038215 -0.6736807 -0.6736816 0.3361942 0.3361943 -0.8797426 -2.24005e-7 -2.06582e-7 -1 1.45267e-7 0.3553035 -0.934751 -0.3361939 0.3361946 -0.8797425 0.3361921 -0.3361948 -0.8797431 0.3553043 2.32928e-7 -0.9347507 -0.3361933 -0.3361945 -0.8797428 -0.3553045 1.97864e-7 -0.9347506 -3.90719e-7 -0.3553038 -0.9347509 -0.336195 0.3361942 0.8797423 0 0 1 0 0.3553048 0.9347505 0.3361939 0.3361949 0.8797424 -0.3361948 -0.3361949 0.8797421 -0.3553051 2.00369e-7 0.9347504 0.3361933 -0.336195 0.8797426 0.3553048 2.85525e-7 0.9347505 -7.51383e-7 -0.3553051 0.9347504 -0.6510736 -0.006848037 0.7589839 3.57807e-7 0.6435306 0.7654204 -0.5719726 0.5652629 0.5944117 -3.57562e-7 -0.656547 0.7542851 -1.62245e-6 -0.008850693 0.9999608 0.6510729 -0.006848037 0.7589843 0.5719719 0.5652636 0.5944117 -0.8438974 0.4146389 0.3404583 -0.4196381 0.8398483 0.3443239 -0.6859025 0.6816246 0.254805 -0.9233099 -0.003536522 0.3840396 -0.5716053 -0.5754652 0.5848994 -0.8436011 -0.4206507 0.3337517 -0.4192992 -0.8453743 0.3309541 -3.26029e-7 -0.9259281 0.3776999 0.5716043 -0.5754663 0.5848993 0.4193007 -0.8453748 0.3309512 0.8435992 -0.4206558 0.3337503 0.9233099 -0.00353825 0.3840397 0.8438953 0.4146413 0.3404605 0.4196364 0.8398492 0.3443238 0.6858997 0.6816278 0.2548044 2.7806e-7 0.9197596 0.3924823 0 0.656548 -0.7542843 -0.6510739 0.006846606 -0.7589835 -0.5716046 0.5754663 -0.584899 0.6510749 0.00684762 -0.7589827 -3.40193e-7 0.008843719 -0.999961 1.64705e-6 -0.6435357 -0.7654162 -0.5719721 -0.5652627 -0.5944122 -0.4192999 0.8453744 -0.3309528 -0.8436006 0.4206528 -0.3337504 -0.6856256 0.6858355 -0.2440228 3.74807e-6 0.9259284 -0.3776992 0.5716058 0.5754673 -0.5848968 0.4193021 0.8453739 -0.3309512 0.8436003 0.4206537 -0.3337503 0.9233101 0.003536283 -0.384039 0.5719739 -0.565263 -0.5944103 0.8438969 -0.414639 -0.3404594 0.4196382 -0.8398475 -0.3443253 3.0536e-6 -0.9197592 -0.3924833 -0.4196376 -0.8398486 -0.3443236 -0.8438978 -0.4146382 -0.3404581 -0.6859061 -0.6816233 -0.254799 -0.9233099 0.003537893 -0.3840397 0.3603588 -0.9246065 0.1234681 -4.46853e-7 -0.9999698 -0.007769763 0.3568761 -0.9341236 -0.007258832 -0.3603581 -0.924607 0.1234661 -4.9836e-7 -0.9903424 0.1386431 0.3604789 -0.922522 -0.1378707 -0.3604816 -0.9225211 -0.1378687 -2.66778e-6 -0.9880568 -0.1540902 0.6856239 -0.6858372 0.2440232 0.7035089 -0.702483 0.1076706 -0.6856215 -0.6858384 0.2440265 -0.7035097 -0.7024826 0.1076678 -0.3568766 -0.9341234 -0.007260739 -0.7036577 -0.7005709 -0.118602 0.6859045 -0.6816234 -0.2548034 0.7036584 -0.7005701 -0.1186026 0.7081182 -0.7060727 -0.005489051 -0.3604781 0.9225223 0.1378709 0 0.9999698 0.007770717 -0.3568763 0.9341235 0.007258951 0.3604776 0.9225223 0.1378713 -3.56681e-7 0.9880567 0.154091 -0.3603607 0.924606 -0.1234664 0.3603603 0.9246059 -0.1234679 5.5577e-7 0.9903426 -0.1386427 -0.7036592 0.7005692 0.1186026 0.7036556 0.7005729 0.1186026 0.356878 0.9341228 0.007259249 0.7035115 0.7024804 -0.1076704 0.6856223 0.6858381 -0.2440254 -0.7035124 0.7024796 -0.1076693 -0.7081201 0.7060707 0.005487203 0.924413 0.3573845 0.1331802 1 4.78296e-7 -1.22609e-7 0.9348534 0.3550235 0.0027588 0.9242945 -0.3597287 0.1275727 0.9892987 -0.00135082 0.1458981 0.9242952 0.3597273 -0.1275722 0.9244129 -0.3573849 -0.1331803 0.9892988 0.001348912 -0.1458972 0.9348551 -0.355019 -0.002760052 0.7081201 0.7060708 0.005488395 -0.9242957 -0.3597264 0.1275714 -1 7.55076e-7 -2.73139e-7 -0.9348542 -0.3550212 -0.002760589 -0.9244144 0.3573811 0.1331795 -0.9892989 -0.001347422 0.1458975 -0.9244131 -0.3573846 -0.1331798 -0.9242955 0.359727 -0.1275715 -0.9892989 0.001350045 -0.1458973 -0.9348542 0.3550214 0.002758979 -0.7081171 -0.7060737 -0.005489766 -0.3153865 -0.3058589 0.8983217 0.1548477 -0.4091876 0.8992151 0.07082456 -0.1860432 0.9799857 -0.1931183 -0.502844 0.8425279 0.238975 -0.6338129 0.7356441 0.4486139 -0.03280431 0.8931235 0.487464 -0.262794 0.8326573 -0.7188015 -0.2693133 0.6409328 -0.3890211 -0.1558935 0.9079427 -0.6604089 -0.3767252 0.6495678 -0.5408796 -0.5423384 0.6428984 -0.03635227 -0.7002838 0.7129384 -0.3506153 -0.7259555 0.5916566 0.09467911 -0.8401142 0.5340823 0.2988414 -0.7921088 0.5322196 0.497158 -0.514213 0.6988698 0.4868225 -0.704321 0.5166583 0.7588353 -0.3412885 0.5546994 0.7858671 -0.07884097 0.613349 0.7650932 0.1278696 0.6310959 0.7333704 0.2514337 0.6316241 0.4025012 0.1301491 0.9061203 0.006318628 -0.01452308 0.9998747 -0.3936596 -0.1497225 -0.9069815 0.04600566 -0.1291923 -0.9905518 -0.3469192 -0.247743 -0.904583 0.007810652 -0.0233398 -0.9996971 0.4286367 -0.003767967 -0.9034691 0.1441736 -0.3981307 -0.9059282 -0.2256422 -0.4902008 -0.8418959 0.4844186 -0.2580944 -0.8358983 -0.7380629 -0.2520409 -0.6258902 -0.7339085 -0.2584084 -0.6281747 -0.4031598 -0.1364758 -0.9048959 2.50673e-4 7.43656e-4 -0.9999997 0.4035243 0.1070955 -0.9086796 0.4008228 0.1364984 -0.9059301 0.734017 0.2197555 -0.6425937 0.7538077 0.1089224 -0.6480047 0.7869761 -0.1179706 -0.6056003 0.7752707 -0.4188911 -0.4727429 0.5547437 -0.61295 -0.5626294 0.2764743 -0.7534992 -0.5964905 -0.03774732 -0.8252912 -0.5634446 -0.3666564 -0.8111754 -0.4555848 -0.5799883 -0.5606819 -0.5909733 -0.6916942 -0.3516779 -0.6307788 -0.9316417 -0.1429367 0.3340852 -0.9609927 -0.2740128 -0.03754991 -0.9131884 -0.2433889 0.3268772 -0.9320218 0.06169444 0.3571125 -0.985568 -0.1660786 -0.0327689 -0.8872824 -0.2507278 -0.3871247 -0.997785 0.06357198 0.01958978 -0.9113829 -0.14334 -0.3857914 -0.7058529 -0.1427611 0.6938235 -0.9044777 -0.2736064 0.3272001 -0.7103908 -0.1588262 0.6856523 -0.716499 -0.05964076 0.695034 -0.7203863 0.1000814 0.6863144 -0.6871557 0.331956 0.646237 -0.8198313 0.3825031 0.4261081 -0.9016453 0.4124223 0.1301679 -0.9415613 0.0686804 -0.3297656 -0.8933184 0.3993432 -0.2061732 -0.7450695 0.09736979 -0.6598414 -0.6937999 -0.07661396 -0.7160811 -0.6691625 -0.1770898 -0.7217069 -0.6722921 -0.2256652 -0.7050521 -0.8820841 -0.2990574 -0.3639948 -0.9488427 -0.3149495 -0.02246481 0.3321189 -0.8793066 0.3413459 0.5915171 -0.7992111 0.1066265 0.5397445 -0.7808696 0.3145135 0.1034584 -0.9355935 0.3375815 0.3488621 -0.9279701 0.1310226 0.603948 -0.7785135 -0.1707736 0.04150348 -0.9875289 -0.1518694 0.3443044 -0.9236497 -0.1683026 0.678102 -0.564505 0.4706506 0.7813718 -0.5603083 0.274796 -0.1437065 -0.8512048 0.5047761 -0.3180034 -0.9417889 0.109122 0.0710262 -0.9886037 0.1327339 -0.370279 -0.9141405 -0.1650475 0.8491803 -0.487361 -0.2034021 0.8433832 -0.5340822 0.05883115 -0.2852091 0.7514652 0.594942 -0.6524855 0.7172021 0.2447119 -0.5681631 0.6246415 0.5357367 0.02472609 0.8067519 0.5903728 -0.3354707 0.8889119 0.311922 -0.6667363 0.7309105 -0.1457138 0.0480597 0.9464267 0.3193227 -0.3435781 0.9308617 -0.1243011 -0.4616246 0.4604883 0.7581909 -0.2098022 0.5507742 0.8078558 0.05121475 0.6009765 0.7976243 0.3104102 0.6086086 0.7302336 0.4738503 0.8425018 0.2562358 0.5111941 0.8532055 -0.1035423 0.0670607 0.9934778 -0.09222126 0.4730768 0.7398469 -0.4783566 0.1147289 0.7855421 -0.6080797 -0.255594 0.7132981 -0.652593 -0.5646011 0.5458654 -0.6190772 -0.7793942 0.3389676 -0.5269211 0.9528496 0.07177478 0.2948324 0.9593541 0.2819981 -0.01080608 0.9269111 0.238453 0.2897862 0.9346142 -0.2131624 0.2847075 0.9889518 0.1480345 -0.007772803 0.9100426 0.2779859 -0.3074839 0.9888025 -0.1485645 0.01408398 0.9355997 0.1622914 -0.3135521 0.9045829 0.3133859 0.2889968 0.9527508 -0.1086012 -0.2836757 0.732148 0.2492884 -0.6338885 0.9031193 0.3090026 -0.2981493 0.9453454 0.3260159 -0.005986571 0.8736049 0.3504065 0.3376829 0.9422342 0.3349372 0.003482162 0.9435341 0.3310948 0.01093989 0.8822218 0.3512991 0.3134863 0.9425943 0.3339373 -0.001381099 0.9023987 0.3021116 -0.3072543 0.901021 0.2938704 -0.3190636 0.9036772 0.306937 -0.2985921 0.6342754 0.3170452 0.7051079 0.8657377 0.3405444 0.3667801 0.6541341 0.3343442 0.6784708 0.6786838 0.3341261 0.6540246 0.8919801 0.3411132 0.2966706 0.7050114 0.3113943 0.6371755 0.7291779 0.2443708 -0.6392046 0.7179381 0.2344006 -0.6554549 0.7055878 0.2198466 -0.6736567 0.9008184 0.2860873 -0.3266196 0.6932139 0.2123981 -0.6887245 0.9455633 0.324548 0.02406072 -0.5861432 -0.7343829 0.3422248 -0.8789465 -0.4749032 0.04382061 -0.6947433 -0.7154284 0.07412135 -0.7808356 -0.5219994 0.3432384 -0.9323133 -0.3608194 0.02452409 -0.8642047 -0.4226811 -0.2729306 -0.7136252 -0.6585384 -0.2388857 -0.9041196 -0.3246043 -0.2778487 -0.2354271 -0.9168367 0.3224662 -0.8651308 -0.3847681 0.3217175 -0.8949379 -0.3245987 0.3061404 -0.942635 -0.3335546 0.01343911 -0.9066979 -0.3141801 -0.2814071 -0.3580875 -0.1294592 -0.9246695 0.002586364 -0.003549039 -0.9999904 -0.3770229 -0.1390093 -0.9157129 0.002642869 -0.004165053 -0.9999879 0.3843277 0.1247346 -0.9147314 0.0014835 -9.72619e-4 -0.9999985 -0.3937612 -0.1411381 -0.9083128 0.3966853 0.1338745 -0.9081401 -0.6894711 -0.2498866 -0.6798429 -0.3429936 -0.1121541 -0.9326183 8.22617e-4 -3.16545e-4 -0.9999997 0.3669465 0.1115332 -0.9235316 0.3490176 0.1064406 -0.9310517 -0.7266202 -0.2620644 -0.6350948 -0.7093001 -0.261632 -0.654555 -0.4214984 -0.01470899 0.9067099 -0.05603486 0.1482983 0.987354 -0.407777 0.003558099 0.9130746 -0.4202965 -0.06164711 0.9052903 -0.0512461 0.1363971 0.989328 0.3306943 0.2571158 0.908038 0.3058978 0.2608951 0.9156202 0.3625884 0.2206979 0.9054403 -0.7254178 -0.1598764 0.6694839 -0.3876285 -0.002260446 0.921813 -0.7378896 -0.1753156 0.6517542 -0.739623 -0.2074736 0.6402442 -0.03314924 0.08980208 0.9954079 0.2910544 0.2406166 0.9259542 -0.05096155 0.1334207 0.9897485 -0.4125768 0.2189024 0.8842298 -0.06785929 0.1727245 0.9826298 -0.1247972 0.3235824 0.9379341 -0.3760136 -0.001543402 0.9266129 -0.3874047 0.06187444 0.9198312 0.2433335 0.2717886 0.9310852 0.1637507 0.4022108 0.9007842 0.2777731 0.2272902 0.933371 -0.04800289 0.1230759 0.9912356 0.6111729 0.3102914 0.7281394 0.5617698 0.3584827 0.7455903 0.4614779 0.4692777 0.7528722 -0.4410357 0.2112604 -0.8722711 -0.04028409 0.1114367 -0.9929548 -0.3725584 0.01740986 -0.9278454 -0.1196301 0.3323724 -0.9355304 0.30903 0.2118626 -0.9271542 -0.008648872 0.02561378 -0.9996346 -0.3425555 -0.07376939 -0.9365969 0.3343477 0.1256099 -0.9340417 0.2419673 0.4187614 -0.8752661 0.6043456 0.4984334 -0.6215551 0.6591411 0.3176026 -0.681661 0.6818079 0.2298341 -0.6944885 0.6817731 0.553046 0.4788795 0.90565 0.4149722 0.08715617 0.7833903 0.6010268 0.1583241 0.801494 0.4076769 0.4375008 0.9400153 0.3378365 0.04730397 0.8727848 0.3887002 -0.2952269 0.7795003 0.5848197 -0.2244222 0.8972876 0.3028377 -0.3211922 0.3985568 0.7493454 0.5288045 0.8492859 0.3455979 0.3990934 -0.9061746 -0.2869147 0.310689 -0.9433411 -0.3317652 0.006280481 -0.9047448 -0.299055 0.3033202 -0.9048379 -0.2794297 0.3212282 -0.9434486 -0.3315186 4.74647e-4 -0.8999791 -0.3236041 -0.2920925 -0.9448916 -0.3272839 -0.008083224 -0.8929851 -0.3262882 -0.3100225 -0.8864862 -0.3192774 -0.3349691 -0.4547684 -0.07257324 0.8876479 -0.1341251 -0.4398252 0.8880114 -0.06301331 -0.2053734 0.976653 -0.4753301 -0.3118157 0.8226982 -0.2010345 -0.6615625 0.7224405 0.3365619 -0.3003228 0.8924866 0.2207674 -0.5095375 0.831645 -0.7544757 0.2061274 0.6231195 -0.4178861 0.1060336 0.9022906 -0.7783688 0.07281547 0.6235703 -0.7824236 -0.1402975 0.6067372 -0.462225 -0.5585381 0.6887549 -0.7330527 -0.3992382 0.5506747 -0.4353437 -0.7375698 0.5162042 -0.2468942 -0.8113819 0.5298138 0.07436645 -0.7091634 0.7011112 -0.04527544 -0.8459039 0.5314101 0.3898 -0.7125115 0.5834238 0.572083 -0.5210945 0.6333889 0.6864647 -0.344426 0.6404194 0.741653 -0.2258031 0.6316358 0.4060791 -0.1339414 0.9039688 -0.005593419 -0.01565963 0.9998617 -0.005784153 -0.02263629 -0.9997271 -0.4333595 -0.02321475 -0.9009221 -0.4168804 0.08629983 -0.9048554 0.4094978 -0.126717 -0.9034681 -0.03629481 -0.1282679 -0.9910753 -0.4726247 -0.2787898 -0.8360037 0.3694672 -0.2242252 -0.9017854 -0.1164603 -0.4014086 -0.9084647 -0.4170504 0.114104 -0.9016926 -0.7532982 0.1789511 -0.6328654 -0.7539512 0.2059895 -0.6237996 -2.41014e-4 7.42891e-4 -0.9999997 0.4189034 -0.1130352 -0.9009678 0.7554262 -0.2140249 -0.6192938 0.7192146 -0.3062 -0.6236762 0.6233522 -0.5184423 -0.5853628 0.2651758 -0.4712033 -0.841219 0.428395 -0.7832691 -0.4505191 0.09960263 -0.8219456 -0.5607897 -0.2270674 -0.770411 -0.595741 -0.522082 -0.6430356 -0.5602996 -0.7568986 -0.4573726 -0.4668135 -0.7854145 -0.1546962 -0.5993275 -0.7653905 0.07077312 -0.6396631 -0.8256966 0.3588153 0.4352892 -0.9587981 0.2807037 0.04372447 -0.8695132 0.2957264 0.3955918 -0.715999 0.5058157 0.4811403 -0.9294869 0.3591278 0.08415079 -0.9132682 0.2480161 -0.3231552 -0.8210675 0.5476372 0.1610645 -0.8941921 0.3346477 -0.2973743 -0.6290159 0.2783426 0.7258542 -0.8855925 0.2899856 0.3628144 -0.6529358 0.2861601 0.7012755 -0.5827347 0.325636 0.744568 -0.4901244 0.4364526 0.7545114 -0.3504569 0.5772652 0.7375262 -0.4485962 0.7111629 0.5413029 -0.5324957 0.8015642 0.2719249 -0.8167719 0.5324877 -0.2221279 -0.5733235 0.8143922 -0.08980917 -0.6374655 0.4574507 -0.6199812 -0.6771436 0.2763834 -0.6819743 -0.694381 0.1883931 -0.6945092 -0.7069506 0.1694926 -0.6866536 -0.9170164 0.2297936 -0.3259997 -0.9636947 0.2661077 0.02189099 -0.0432859 -0.9371827 0.3461431 -0.2870069 -0.9464184 0.1480516 -0.003772497 -0.9891662 0.1467518 -0.2730093 -0.895246 0.3521374 -0.5399432 -0.8326241 0.1232826 0.0287376 -0.9897732 -0.139726 -0.558876 -0.8141894 -0.1573325 -0.2840374 -0.9461773 -0.1551495 0.1921088 -0.8431342 0.5022141 0.2916111 -0.899186 0.3262321 -0.4848619 -0.811701 0.3256537 -0.6352356 -0.6111152 0.4722436 -0.8102377 -0.5816744 0.07190161 -0.8246117 -0.5322383 -0.1916719 0.4366784 -0.8859375 -0.1562913 0.3810665 -0.9170842 0.1172394 -0.08213603 0.7862256 0.6124565 0.2735771 0.8961663 0.3493446 -0.1171021 0.9298084 0.3489177 0.2296163 0.7484356 0.6221902 0.6065042 0.7435832 0.2814902 0.283765 0.9540528 -0.09623348 -0.1407051 0.9877001 -0.06819528 0.6291937 0.7682842 -0.1177063 -0.09225666 0.5823774 0.8076667 0.168203 0.5471081 0.8199881 0.5201559 0.6407142 0.5647329 0.422499 0.473511 0.7728403 0.7884188 0.4176289 0.4516439 0.8769064 0.4537718 0.1585132 0.8775703 0.4426239 -0.1842676 0.7679585 0.3762294 -0.5183544 0.5390188 0.5772045 -0.613428 0.2102839 0.7320033 -0.648037 -0.1741842 0.7789753 -0.6023766 -0.5272133 0.7058296 -0.4731287 0.8110886 -0.4779819 0.3371481 0.9528157 -0.3026647 0.02316182 0.8886889 -0.3337363 0.3144079 0.6286912 -0.6995853 0.3395994 0.90672 -0.4195493 0.04286295 0.9241591 -0.267796 -0.2724249 0.7395393 -0.6687785 0.0762698 0.8911096 -0.3660916 -0.2681429 0.9158222 -0.2684032 0.2987133 0.758871 -0.6080057 -0.2333325 0.7598546 -0.2074475 -0.6161059 0.9262421 -0.2577539 -0.2750245 0.9616506 -0.2739849 0.01266962 0.9225813 -0.2185368 0.3179395 0.9624627 -0.2714131 7.96817e-4 0.963531 -0.2675052 -0.007005155 0.9249729 -0.2264154 0.3052234 0.96235 -0.2717461 0.006065487 0.9131594 -0.2715406 -0.303983 0.9058735 -0.2656332 -0.3298975 0.9201384 -0.2680033 -0.2855162 0.722387 -0.1054595 0.6833999 0.9206603 -0.2134311 0.3268516 0.7401388 -0.1050817 0.6641931 0.7553191 -0.1213571 0.644023 0.9244008 -0.2399498 0.2964918 0.7596799 -0.1567618 0.63112 0.7482874 -0.219298 -0.6260786 0.7299689 -0.2202249 -0.6470289 0.7078905 -0.2099925 -0.6743844 0.8998139 -0.2467968 -0.3597587 0.6875683 -0.1873348 -0.701538 0.9664605 -0.256026 -0.02011853 -0.9175023 -0.2738922 0.2883965 -0.9960532 0.08870369 -0.003104567 -0.978435 -0.2053279 0.02247953 -0.9558102 0.008096694 0.2938731 -0.9749046 0.2224702 -0.008250772 -0.9459973 0.110772 -0.3046616 -0.9486769 -0.1577467 -0.2740956 -0.9275661 0.2242053 -0.29892 -0.7411146 -0.6083554 0.2839948 -0.9416746 0.1776772 0.2857969 -0.9241609 0.2562173 0.2833362 -0.963882 0.2662897 -0.004623949 -0.9229086 0.2531206 -0.2901207 -0.002826929 -0.00518608 -0.9999827 -0.3972387 0.0983802 -0.9124268 -0.3754264 0.09046208 -0.9224271 0.3695164 -0.1097193 -0.9227238 -0.002773642 -0.004536569 -0.9999859 -0.4125308 0.1104754 -0.9042198 0.3910454 -0.1182968 -0.9127373 -0.001670539 -0.001626074 -0.9999974 -0.7230187 0.1780155 -0.6674988 -0.001226425 -0.001124143 -0.9999986 -0.3571465 0.08494549 -0.9301779 0.3514049 -0.09328609 -0.9315645 0.4094481 -0.1194154 -0.9044846 -0.7505087 0.1993581 -0.6300739 -0.7393583 0.1871829 -0.6467705 -0.3481837 0.2511007 0.9031703 0.0513944 0.1688026 0.984309 -0.3211782 0.2572262 0.9114161 -0.3806796 0.2085667 0.900879 0.04701507 0.1553142 0.9867457 0.4312564 0.0241692 0.9019057 0.4144738 0.04352962 0.9090196 0.4335662 -0.02788984 0.9006901 -0.6751672 0.3031958 0.6724742 -0.3036406 0.2358269 0.9231404 -0.7015432 0.3005672 0.6461398 -0.7282798 0.2735188 0.628328 0.03041225 0.1024603 0.9942722 0.3920283 0.03538042 0.9192726 0.04666471 0.1516444 0.987333 -0.2586995 0.259994 0.9303105 0.1012935 0.3256607 0.9400452 -0.1893622 0.3867982 0.9025127 -0.2894494 0.2191072 0.9317785 0.0573492 0.1809296 0.9818226 0.392422 0.2389889 0.8881945 0.3772982 0.03155636 0.925554 0.3811386 0.08953088 0.9201726 0.04290097 0.1365457 0.9897045 0.7134935 -0.09239107 0.6945437 0.7149742 -0.01362985 0.699018 0.7051988 0.1388661 0.6952776 0.6560062 0.3609809 0.6628338 -0.2720651 0.3986014 -0.8758411 0.03180855 0.1111261 -0.9932972 -0.3220948 0.1916246 -0.9271112 0.4297448 0.2297593 -0.8732296 0.09599262 0.3336387 -0.9378011 -0.3421158 0.1050851 -0.9337634 0.3713724 0.03482377 -0.9278307 0.006528019 0.02495437 -0.9996674 0.7436258 0.132357 -0.6553643 0.6996858 -0.04116797 -0.7132637 0.3473095 -0.05571806 -0.9360939 0.6805592 -0.1403241 -0.7191303 0.9213995 0.1106606 0.3725282 0.9935837 -0.1105572 -0.0238465 0.9927707 0.1143812 0.03637868 0.9355844 -0.08727836 0.3421468 0.9757545 -0.2163845 -0.03287976 0.9205431 -0.09447735 -0.3790442 0.9411556 0.1151164 -0.3177651 0.9020029 -0.2000526 -0.3825831 0.9256793 -0.1847856 0.3301094 -0.9033789 0.2986508 0.3077569 -0.9616766 0.2741855 -7.63381e-4 -0.9129041 0.2867073 0.2905257 -0.8942901 0.2990734 0.332867 -0.9613617 0.2752662 0.003500819 -0.9234747 0.2495033 -0.2914491 -0.9622953 0.2718181 0.0101338 -0.9216342 0.2443363 -0.3014799 -0.9190002 0.2364129 -0.3155115 -0.4020495 -0.2131876 0.8904535 0.02163368 -0.4579499 0.8887147 0.01016777 -0.2140752 0.9767643 -0.3409909 -0.4440054 0.828604 0.03240877 -0.6883031 0.724699 0.4211465 -0.1764454 0.8896644 0.3820623 -0.4121376 0.8271463 -0.7771543 -0.04600179 0.6276266 -0.4279621 -0.03409665 0.9031534 -0.7536475 -0.17623 0.6332128 -0.6860148 -0.3759378 0.6229402 -0.2470471 -0.6718819 0.6982424 -0.5548047 -0.6041359 0.5720241 -0.1636519 -0.8322271 0.5297322 0.03970116 -0.8439838 0.5348976 0.3095794 -0.647617 0.6962419 0.2411993 -0.8146811 0.5273687 0.6101443 -0.553656 0.5667355 0.7199552 -0.3145804 0.6186305 0.7685172 -0.1089642 0.6304825 0.7792635 0.02366805 0.6262494 0.4299141 0.004565954 0.9028583 8.3286e-4 -0.01611775 0.9998698 0.001063942 -0.02281463 -0.9997392 -0.4092704 -0.143212 -0.9011038 -0.4264937 -0.03725069 -0.9037232 0.4193122 -0.1108443 -0.9010499 0.006038546 -0.1325758 -0.9911546 -0.3659142 -0.4025009 -0.8391066 0.3990204 -0.3714438 -0.838339 0.01893758 -0.4159941 -0.9091702 -0.4340038 -0.01685059 -0.9007534 -0.7792844 -0.04822647 -0.6248122 -0.7847726 -0.03189027 -0.6189628 3.38126e-4 0.001069724 -0.9999994 0.4274892 -0.003043353 -0.9040153 0.433209 0.0198633 -0.9010747 0.7788804 0.01494902 -0.6269945 0.7692016 -0.08876562 -0.632811 0.7409345 -0.3149489 -0.593147 0.6429079 -0.6130314 -0.4591972 0.3596528 -0.7465575 -0.5597337 0.03681975 -0.8027664 -0.595156 -0.2916163 -0.7757017 -0.5596846 -0.5902165 -0.6657315 -0.456559 -0.7150847 -0.3734955 -0.5908934 -0.7619052 -0.1493354 -0.6302376 -0.9163434 0.1061328 0.3860708 -0.9999771 -0.006730854 -6.90182e-4 -0.9332553 0.02153813 0.3585677 -0.8568736 0.281837 0.4316661 -0.9958188 0.08787655 0.02495598 -0.9335302 -0.01376271 -0.3582347 -0.9492637 0.2973718 0.1023156 -0.9355776 0.08267772 -0.3433061 -0.7019895 0.0698527 0.7087534 -0.9397516 8.33133e-4 0.3418571 -0.7198932 0.06422418 0.6911071 -0.6785468 0.1367669 0.7217126 -0.6304479 0.268836 0.7281915 -0.5332205 0.4646856 0.7069253 -0.6585501 0.5437573 0.5202305 -0.7602183 0.6044049 0.2382499 -0.919395 0.2870432 -0.2689222 -0.7878775 0.6041728 -0.1192653 -0.7238755 0.2646128 -0.637169 -0.7089911 0.08843547 -0.6996505 -0.705 -0.004539608 -0.7091928 -0.7175217 -0.03889179 -0.6954495 -0.9370033 -0.04786962 -0.346025 -0.9993338 -0.03638368 -0.002903223 0.04385501 -0.9329716 0.3572685 0.3241192 -0.9356746 0.1394987 0.2724798 -0.9002889 0.3394623 -0.2362066 -0.9610565 0.1434472 0.04624515 -0.9867228 0.1556907 0.3514968 -0.924743 -0.1459466 -0.2658867 -0.9533278 -0.1430752 0.04595011 -0.9874921 -0.1508248 0.4652704 -0.7378942 0.4889128 0.5733587 -0.7599489 0.3061657 -0.3938391 -0.7753136 0.4937404 -0.1870285 -0.920629 0.3427281 -0.5858445 -0.8039479 0.1022455 -0.6259723 -0.7614346 -0.1684522 0.6883111 -0.7041964 -0.1741702 0.6549239 -0.7497113 0.09490925 -0.03588986 0.7492281 0.6613389 -0.4178453 0.8345943 0.3589676 -0.3432152 0.7026861 0.623246 0.3402562 0.8640861 0.3709193 -0.04279893 0.913168 0.4053302 -0.4534389 0.8895027 -0.05637586 0.3752364 0.9257471 -0.04679828 -0.04538822 0.9976992 -0.05036228 -0.2837824 0.523506 0.8033736 -0.02607172 0.5452149 0.8378909 0.2377794 0.5355835 0.8103157 0.6041726 0.5888249 0.5368993 0.2757465 0.7247227 0.6314594 0.7064008 0.6588862 0.2585866 0.7411715 0.6635579 -0.1017633 0.6649714 0.5707622 -0.481709 0.3567738 0.7182209 -0.597387 -0.03374081 0.7678875 -0.6396955 -0.4144861 0.6844164 -0.599813 -0.7011332 0.5177842 -0.4902161 0.9273932 -0.2053548 0.3126841 0.9999873 8.77865e-4 0.004979789 0.9537873 -0.04068976 0.2977151 0.8251094 -0.4709225 0.3121323 0.9914357 -0.1295336 0.01662898 0.9575626 0.0181477 -0.2876538 0.9092693 -0.4135712 0.0467776 0.9529306 -0.09139561 -0.2890852 0.9565342 0.0353111 0.2894744 0.8986706 -0.3561487 -0.256026 0.7836824 0.03428983 -0.6202147 0.9580107 0.03980249 -0.2839565 0.9992157 0.03951066 0.002614319 0.9414151 0.08386224 0.3266571 0.9989417 0.04593342 0.002410471 0.9989621 0.04544365 0.003130733 0.9485417 0.0797494 0.3064453 0.9989756 0.04520487 0.002091586 0.9528563 0.0272966 -0.3021917 0.9466888 0.02452737 -0.3212146 0.9567818 0.03180378 -0.2890629 0.7082997 0.1270751 0.6943799 0.9337871 0.0813744 0.3484538 0.7306193 0.1364898 0.6690037 0.753602 0.1271656 0.6449133 0.9538998 0.06637996 0.2926925 0.7715513 0.09492439 0.6290453 0.7785595 0.02169662 -0.6271956 0.7633408 0.01690036 -0.6457749 0.7421769 0.01381981 -0.6700617 0.9400559 0.02766555 -0.3398965 0.7209495 0.01745045 -0.6927679 0.9988945 0.04676568 0.004776298 -0.7786347 -0.539519 0.3203865 -0.977124 -0.2113087 0.02402842 -0.8709478 -0.4882366 0.05545204 -0.9040877 -0.2836309 0.3196549 -0.9964455 -0.08364039 0.0100317 -0.9442185 -0.1680583 -0.2832099 -0.8683468 -0.4286489 -0.2494673 -0.9570633 -0.06098157 -0.2833926 -0.5009183 -0.8069152 0.3129995 -0.9452262 -0.1230711 0.3023259 -0.955165 -0.04923808 0.2919512 -0.9988566 -0.04750418 0.005395114 -0.958577 -0.04224008 -0.281684 -0.3857792 -0.02586126 -0.9222287 9.5966e-4 -0.006091475 -0.9999811 -0.4082522 -0.02691942 -0.9124722 0.3869987 0.006093621 -0.9220602 1.95722e-4 -0.00555253 -0.9999846 0.00113964 -0.001934528 -0.9999976 -0.4266665 -0.02490544 -0.9040661 0.4261654 0.01234292 -0.9045611 -0.7396226 -0.04804068 -0.6713052 -0.3651242 -0.01859289 -0.9307732 0.3663389 0.009576737 -0.9304323 -1.80429e-5 -0.001063764 -0.9999995 0.4085378 0.007187068 -0.9127131 -0.7778683 -0.04576164 -0.6267591 -0.7617328 -0.0488187 -0.6460496 -0.4125641 0.1249889 0.9023129 -0.008304357 0.1758649 0.9843793 -0.390339 0.1396034 0.9100254 -0.4280369 0.07455158 0.9006811 -0.00759828 0.1618023 0.9867939 0.3991472 0.1616077 0.9025323 0.3752186 0.1740433 0.9104505 0.4195682 0.1127663 0.9006921 -0.741252 0.07077252 0.6674855 -0.3685886 0.1256953 0.9210555 -0.762297 0.0591529 0.6445187 -0.7766003 0.02553224 0.6294761 -0.004943609 0.1061874 0.9943339 0.3541643 0.1579149 0.9217541 -0.007545888 0.1579792 0.9874137 -0.3387946 0.1671821 0.9258879 -0.01555478 0.3282292 0.9444701 -0.3116132 0.3033099 0.9005001 -0.3523918 0.1162359 0.9286061 -0.009151756 0.1857843 0.982548 0.3189281 0.1941128 0.927688 0.2813698 0.3296633 0.9011955 0.3379665 0.146214 0.9297313 -0.006937921 0.1418977 0.989857 0.6876897 0.1289852 0.7144548 0.656558 0.1902731 0.7298821 0.5912076 0.3197926 0.7404096 0.4778473 0.493124 0.7269737 -0.3785633 0.301253 -0.875178 -0.004923045 0.1111112 -0.9937959 -0.3600754 0.09942936 -0.9276096 0.3546314 0.3281375 -0.8755355 -0.01504123 0.3386492 -0.9407926 -0.001129865 0.02525639 -0.9996804 -0.3542509 0.01138705 -0.9350811 0.3529017 0.1238752 -0.9274241 0.708965 0.3157874 -0.6305927 0.7066503 0.1379659 -0.6939819 0.3537923 0.03654998 -0.9346096 0.7079039 0.04685372 -0.7047531 0.8238709 0.3433645 0.4509299 0.9858572 0.1615954 0.04441457 0.9225834 0.3650907 0.1246955 0.8981236 0.1763507 0.4028332 0.9973291 0.07183653 0.01320195 0.9325204 0.149791 -0.3285855 0.9013444 0.3525684 -0.2515431 0.9359636 0.0566399 -0.3475111 0.9236609 0.09790158 0.3704939 -0.952044 -0.0047701 0.3059238 -0.9990833 -0.04269206 0.00317502 -0.9557398 -0.01847767 0.2936325 -0.9460911 7.19135e-4 0.3238998 -0.9991187 -0.04193532 0.001850843 -0.9561513 -0.05165779 -0.2882815 -0.9991616 -0.0409438 -2.98968e-5 -0.9514655 -0.05551069 -0.3027078 -0.9444693 -0.0556702 -0.3238499 3.86205e-7 0.6435312 0.7654199 0.6510738 -0.006847739 0.7589836 0.5719726 0.5652624 0.5944122 7.71882e-7 -0.6565471 0.754285 0.5716065 -0.5754644 0.584899 -0.6510735 -0.006847023 0.7589839 1.13833e-6 -0.008846044 0.999961 0.4196369 0.8398491 0.3443235 0.8438972 0.4146384 0.3404595 0.6859012 0.6816258 0.2548053 0.9233097 -0.003539204 0.3840402 0.8435994 -0.420655 0.3337507 0.4192994 -0.8453749 0.3309523 0.6856228 -0.6858382 0.2440236 0 -0.9259282 0.3776997 -0.5716063 -0.5754652 0.5848984 -0.843599 -0.4206566 0.3337499 -0.419301 -0.8453745 0.3309513 -0.9233101 -0.003540158 0.3840393 -0.5719723 0.5652633 0.5944117 -0.4196355 0.8398489 0.3443253 -0.8438974 0.4146372 0.3404605 2.72499e-6 0.9197597 0.392482 0.6510732 0.00684303 -0.7589841 3.06482e-7 0.6565479 -0.7542844 0.5716049 0.5754659 -0.584899 -0.6510743 0.006846249 -0.7589831 -0.571606 0.5754669 -0.5848969 -3.11802e-6 -0.6435348 -0.7654169 -3.27109e-7 0.008843243 -0.999961 0.8436003 0.4206535 -0.3337502 0.4193009 0.8453745 -0.3309515 0.685624 0.6858362 -0.2440255 -1.29654e-6 0.9259296 -0.3776962 -0.4193009 0.845375 -0.3309503 -0.8436003 0.4206539 -0.3337498 -0.6856232 0.6858369 -0.2440258 -0.9233103 0.003537595 -0.3840386 -0.5719724 -0.5652645 -0.5944103 -0.4196387 -0.8398476 -0.3443247 -0.843896 -0.4146404 -0.3404601 -3.0258e-6 -0.9197596 -0.3924823 0.5719699 -0.5652644 -0.5944129 0.843896 -0.4146409 -0.3404595 0.4196361 -0.8398491 -0.3443244 0.9233097 0.003539204 -0.3840399 -0.3603582 -0.9246069 0.1234673 4.9178e-7 -0.9999699 -0.007769644 1.29476e-7 -0.9903426 0.1386418 0.36036 -0.9246063 0.1234661 -0.3604778 -0.9225223 -0.1378712 -0.3568733 -0.9341247 -0.007259011 0.3604782 -0.9225224 -0.1378691 0.3568734 -0.9341246 -0.007259607 -0.6856245 -0.6858363 0.2440241 0.7035118 -0.7024803 0.1076692 0.7036572 -0.7005714 -0.1186019 0.7081173 -0.7060736 -0.00548768 0.6859011 -0.6816277 -0.254801 2.4247e-6 -0.9880567 -0.1540905 -0.6859008 -0.6816263 -0.2548052 -0.7036582 -0.7005702 -0.1186025 -0.7081184 -0.7060724 -0.005489289 -0.7035102 -0.7024817 0.1076706 0.360475 0.9225233 0.1378725 -2.33626e-6 0.9999699 0.007769823 3.41534e-6 0.9880566 0.1540918 -0.360475 0.9225234 0.1378709 0.3603545 0.9246081 -0.1234692 0.356877 0.9341232 0.00725907 -0.3603547 0.9246081 -0.123469 -0.3568764 0.9341234 0.007258236 -0.6859039 0.6816232 0.2548054 -0.7036575 0.7005711 0.1186016 -0.7035115 0.7024804 -0.10767 -0.70812 0.7060708 0.005487799 -1.86885e-7 0.9903423 -0.1386448 0.7035123 0.7024796 -0.1076703 0.7081223 0.7060686 0.00548762 0.7036578 0.7005706 0.1186034 -0.9244131 0.3573846 0.1331796 -1 -5.47491e-7 -4.92863e-7 -0.9892988 -0.001351296 0.1458976 -0.9242956 -0.3597265 0.1275725 -0.9242952 0.3597275 -0.1275717 -0.9348545 0.3550205 0.002758085 -0.9244126 -0.3573856 -0.1331803 -0.9348548 -0.3550198 -0.002760231 -0.9892989 0.001348853 -0.145897 0.9242951 -0.3597278 0.1275718 1 0 1.96963e-7 0.9892988 -0.00135082 0.1458973 0.9244138 0.3573827 0.1331803 0.9244137 -0.3573831 -0.1331795 0.9348545 -0.3550205 -0.002759456 0.9242953 0.3597273 -0.1275724 0.9348537 0.3550227 0.002759337 0.9892988 0.001350045 -0.1458973 0.3153865 -0.3058593 0.8983215 -0.1548489 -0.409188 0.8992147 0.1931189 -0.5028436 0.8425281 -0.2389739 -0.6338101 0.7356469 0.03635418 -0.7002844 0.7129377 -0.4486147 -0.03280425 0.8931231 -0.07082641 -0.186042 0.9799857 -0.4874623 -0.262793 0.8326586 0.718802 -0.2693124 0.6409326 0.6604108 -0.3767263 0.6495653 0.5408806 -0.5423385 0.6428975 0.3506166 -0.7259567 0.5916545 -0.09467607 -0.8401174 0.534078 0.1437057 -0.8512043 0.504777 -0.2988409 -0.7921115 0.5322156 -0.4971588 -0.5142142 0.6988684 -0.7588379 -0.3412894 0.5546952 -0.4868285 -0.7043198 0.5166543 -0.7858676 -0.07884216 0.6133483 -0.7650921 0.1278687 0.6310973 -0.733371 0.2514328 0.6316238 -0.4025009 0.1301486 0.9061205 -0.006317436 -0.01452332 0.9998747 0.3890212 -0.1558931 0.9079427 0.393658 -0.149722 -0.9069822 -0.04600614 -0.129192 -0.9905518 -0.00781089 -0.02333974 -0.9996972 -0.4286368 -0.003766596 -0.903469 -0.4035243 0.1070957 -0.9086796 0.346921 -0.2477425 -0.9045825 -0.1441728 -0.3981276 -0.9059298 -0.4844201 -0.2580899 -0.8358988 0.7380627 -0.2520402 -0.6258907 0.4031586 -0.1364751 -0.9048966 -2.49537e-4 7.42906e-4 -0.9999997 -0.4008243 0.136499 -0.9059295 -0.7340161 0.2197548 -0.6425949 -0.7321494 0.2492901 -0.6338863 -0.753807 0.1089224 -0.6480054 -0.7869762 -0.1179693 -0.6056004 -0.7752724 -0.4188905 -0.4727405 -0.5547479 -0.6129507 -0.5626245 0.2256427 -0.4902009 -0.8418958 -0.2764685 -0.7535036 -0.5964878 0.3666515 -0.8111736 -0.4555922 0.5799883 -0.5606805 -0.5909746 0.6916944 -0.3516775 -0.6307788 0.7339076 -0.2584095 -0.6281753 0.9609931 -0.2740117 -0.03755199 0.9316408 -0.1429376 0.3340873 0.9131883 -0.2433889 0.3268778 0.9855677 -0.1660796 -0.03276914 0.9320216 0.06169372 0.3571129 0.8872828 -0.2507255 -0.3871253 0.9113844 -0.1433402 -0.3857876 0.997785 0.06357097 0.01959049 0.9044772 -0.2736061 0.3272015 0.7058517 -0.1427621 0.6938245 0.7103911 -0.1588253 0.6856523 0.7164971 -0.05964386 0.6950356 0.7203863 0.1000778 0.6863148 0.6871563 0.3319531 0.6462379 0.8198314 0.3825027 0.4261081 0.9415616 0.06868225 -0.3297644 0.9016456 0.4124218 0.1301679 0.7450683 0.09737294 -0.6598423 0.8933155 0.3993478 -0.206177 0.6938003 -0.07661044 -0.716081 0.669164 -0.1770898 -0.7217056 0.6722919 -0.2256636 -0.7050528 0.8820849 -0.2990579 -0.3639929 0.9488424 -0.3149501 -0.02246338 -0.5915157 -0.7992124 0.1066249 -0.3321185 -0.8793077 0.3413435 -0.539745 -0.780869 0.3145139 -0.3488625 -0.92797 0.1310219 -0.1034582 -0.9355937 0.337581 -0.6039513 -0.7785121 -0.1707686 -0.041507 -0.9875283 -0.1518715 -0.07102781 -0.9886033 0.1327356 -0.6781026 -0.5645048 0.4706499 0.3180055 -0.9417876 0.1091265 0.2354259 -0.9168369 0.3224668 0.3702791 -0.9141402 -0.1650492 -0.3443058 -0.9236504 -0.1682961 0.03775054 -0.825292 -0.5634431 -0.8491805 -0.4873598 -0.2034037 -0.843384 -0.5340808 0.05883294 -0.7813724 -0.5603069 0.2747975 0.6524803 0.7172085 0.2447071 0.2852087 0.7514633 0.5949445 0.5681576 0.6246455 0.5357378 0.3354719 0.888911 0.311923 -0.02472192 0.8067518 0.590373 0.6667386 0.7309081 -0.1457158 0.3435837 0.9308599 -0.1242987 -0.04805809 0.9464269 0.3193222 0.4616184 0.4604911 0.7581928 0.2097985 0.5507739 0.8078569 -0.05121123 0.6009741 0.7976263 -0.3104085 0.6086074 0.7302354 -0.4738481 0.8425043 0.2562316 -0.3985576 0.7493441 0.5288055 -0.5111922 0.8532065 -0.1035439 -0.06706583 0.9934775 -0.0922203 -0.4730756 0.7398478 -0.4783563 0.2555934 0.7132969 -0.6525945 0.5646044 0.545867 -0.6190729 0.779392 0.338971 -0.5269221 -0.9593539 0.2819988 -0.0108065 -0.9528497 0.07177454 0.2948321 -0.9269106 0.2384525 0.2897881 -0.9889521 0.1480321 -0.00777179 -0.9346138 -0.2131626 0.2847082 -0.9100413 0.277988 -0.3074859 -0.9355996 0.162289 -0.3135533 -0.9888021 -0.1485664 0.01408481 -0.9045825 0.313387 0.2889967 -0.9527506 -0.1086001 -0.2836765 -0.9031182 0.3090047 -0.2981505 -0.9453448 0.3260174 -0.005989193 -0.873605 0.3504065 0.3376829 -0.942234 0.3349372 0.00348252 -0.8822218 0.3512979 0.313488 -0.9425946 0.3339365 -0.001380026 -0.8919806 0.3411143 0.2966679 -0.9435341 0.3310946 0.01093935 -0.9023978 0.3021121 -0.3072564 -0.9036777 0.3069352 -0.2985926 -0.6342763 0.3170459 0.7051068 -0.6541338 0.334343 0.6784717 -0.6786844 0.3341267 0.6540236 -0.705012 0.3113963 0.6371738 -0.7291781 0.2443702 -0.6392046 -0.9010203 0.29387 -0.3190655 -0.7179383 0.2344008 -0.6554548 -0.9008186 0.2860869 -0.3266194 -0.7055874 0.2198463 -0.6736572 -0.9455628 0.3245492 0.02405864 -0.8657376 0.3405446 0.3667804 0.5861442 -0.7343817 0.3422259 0.8789467 -0.4749029 0.04381871 0.7808363 -0.5219976 0.3432396 0.9323127 -0.3608209 0.02452385 0.8651308 -0.384768 0.321718 0.6947448 -0.7154271 0.07412064 0.8642045 -0.4226813 -0.2729308 0.9041191 -0.3246059 -0.2778484 0.8949378 -0.3245991 0.3061404 0.9426349 -0.3335549 0.01344078 0.9066984 -0.3141801 -0.2814052 0.7136284 -0.6585347 -0.2388863 0.3580875 -0.1294593 -0.9246696 -0.002585887 -0.003549158 -0.9999904 -0.00264281 -0.004164874 -0.9999879 -0.384328 0.1247349 -0.9147313 -0.3669465 0.1115329 -0.9235317 0.3770233 -0.1390099 -0.9157127 -0.001482546 -9.73027e-4 -0.9999985 -0.396686 0.1338751 -0.9081397 0.3429931 -0.1121533 -0.9326186 -8.21991e-4 -3.1688e-4 -0.9999997 -0.3490175 0.1064403 -0.9310517 -0.693216 0.2123973 -0.6887228 0.3937616 -0.1411386 -0.9083126 0.7266202 -0.2620636 -0.6350951 0.7093002 -0.2616325 -0.6545546 0.6894719 -0.2498881 -0.6798415 0.05603414 0.1482981 0.987354 0.4214965 -0.01470857 0.9067108 0.4077764 0.003558337 0.9130749 0.05124652 0.1363969 0.989328 0.4202978 -0.06164729 0.9052897 -0.3306944 0.2571166 0.9080376 -0.3625869 0.2206972 0.9054411 0.03315013 0.08980119 0.9954079 0.3876299 -0.002260148 0.9218124 0.7254191 -0.1598757 0.6694826 0.7378904 -0.1753163 0.6517531 0.739622 -0.2074745 0.640245 -0.3058972 0.2608944 0.9156206 -0.2910549 0.2406162 0.9259541 0.05096095 0.1334209 0.9897484 0.4125744 0.2189025 0.8842309 0.06785768 0.1727257 0.9826298 0.3874093 0.06186926 0.9198295 0.3760141 -0.001545011 0.9266127 0.1247915 0.3235889 0.9379325 -0.2433369 0.2717912 0.9310836 -0.2777744 0.2272901 0.9333707 0.04800152 0.1230733 0.991236 -0.6111731 0.3102921 0.7281389 -0.1637489 0.4022102 0.9007849 -0.5617705 0.3584822 0.74559 -0.461477 0.4692734 0.7528755 0.4410367 0.2112622 -0.8722701 0.04028511 0.1114394 -0.9929544 0.1196306 0.3323748 -0.9355295 -0.3090287 0.2118651 -0.927154 -0.2419661 0.4187638 -0.8752653 0.3725567 0.01741385 -0.9278461 0.008650481 0.02561664 -0.9996345 -0.3343475 0.1256127 -0.9340413 -0.1147296 0.7855399 -0.6080825 -0.6043443 0.4984358 -0.6215543 -0.6591392 0.3176041 -0.6816621 -0.6818055 0.2298349 -0.6944907 0.3425565 -0.07376754 -0.9365968 -0.6817734 0.5530456 0.4788795 -0.9056501 0.4149714 0.08715885 -0.8014958 0.4076725 0.4375018 -0.9400157 0.3378356 0.04730534 -0.8492864 0.3456 0.3990905 -0.7833924 0.6010249 0.1583211 -0.8727831 0.3887019 -0.2952296 -0.8972887 0.3028366 -0.3211903 -0.7794994 0.5848215 -0.2244205 0.9433416 -0.331764 0.00627911 0.906176 -0.2869141 0.3106852 0.904744 -0.299056 0.3033212 0.9434486 -0.3315187 4.74544e-4 0.9048378 -0.2794294 0.3212286 0.8999794 -0.3236021 -0.292094 0.8929846 -0.3262887 -0.3100227 0.9448917 -0.3272835 -0.00808382 0.8864861 -0.319278 -0.334969 0.4547699 -0.07257264 0.8876472 0.1341243 -0.439824 0.8880121 0.4753328 -0.3118153 0.8226968 0.2010349 -0.6615645 0.7224385 0.4622286 -0.5585375 0.688753 -0.3365634 -0.3003235 0.8924858 0.06301343 -0.2053734 0.9766531 -0.2207681 -0.5095373 0.831645 0.754477 0.2061269 0.6231181 0.7783693 0.07281613 0.6235697 0.7824234 -0.1402975 0.6067374 0.7330515 -0.3992358 0.550678 0.4353397 -0.7375695 0.5162079 0.6352339 -0.611114 0.4722474 0.2468925 -0.8113819 0.5298147 -0.07436567 -0.7091656 0.7011091 -0.3897957 -0.7125114 0.5834267 0.04527944 -0.8459024 0.5314123 -0.5720809 -0.5210929 0.6333922 -0.6864656 -0.3444238 0.6404196 -0.7416545 -0.2258024 0.6316342 -0.4060811 -0.1339417 0.9039678 0.005593001 -0.01565963 0.9998618 0.4178879 0.1060338 0.9022896 0.433363 -0.02321529 -0.9009205 0.00578469 -0.0226342 -0.9997271 0.4168801 0.08629661 -0.9048557 0.03630012 -0.1282712 -0.9910746 -0.4094989 -0.1267153 -0.9034677 0.4726225 -0.2787906 -0.8360047 0.1164655 -0.4014106 -0.9084632 -0.3694697 -0.2242277 -0.9017838 0.7532981 0.1789501 -0.6328657 0.4170495 0.1141054 -0.9016927 0.7539519 0.2059922 -0.6237979 2.36801e-4 7.41404e-4 -0.9999997 -0.4189038 -0.1130347 -0.9009678 -0.7554253 -0.2140251 -0.6192947 -0.759855 -0.2074478 -0.6161053 -0.7192153 -0.3062011 -0.6236749 -0.6233564 -0.5184392 -0.5853611 -0.2651739 -0.4712021 -0.8412203 -0.4283971 -0.7832674 -0.45052 0.2270715 -0.7704105 -0.5957401 0.5220783 -0.6430368 -0.5603016 0.7568948 -0.4573758 -0.4668168 0.7854132 -0.1546936 -0.5993297 0.7653905 0.07077175 -0.6396631 0.9587981 0.2807037 0.04372328 0.825698 0.3588153 0.4352868 0.8695127 0.2957259 0.3955932 0.9294874 0.359127 0.08415019 0.7159996 0.5058127 0.4811426 0.9132672 0.2480167 -0.3231575 0.8941918 0.3346478 -0.2973752 0.8210675 0.5476372 0.1610649 0.8855924 0.2899858 0.3628148 0.6290182 0.2783409 0.725853 0.6529387 0.286161 0.7012724 0.5827362 0.3256369 0.7445664 0.4901261 0.4364531 0.7545099 0.35045 0.5772601 0.7375335 0.4485926 0.7111647 0.5413035 0.8167716 0.5324896 -0.2221244 0.5324941 0.8015649 0.2719262 0.6374667 0.4574509 -0.6199799 0.5733237 0.8143922 -0.08980625 0.677141 0.276382 -0.6819774 0.6943797 0.1883934 -0.6945105 0.7069497 0.1694927 -0.6866546 0.9170169 0.2297927 -0.3259992 0.9636948 0.2661073 0.02189284 0.04328525 -0.9371829 0.3461427 0.2870075 -0.9464183 0.1480511 0.2730077 -0.8952462 0.3521381 0.5399435 -0.8326241 0.1232814 0.484861 -0.8117021 0.3256527 -0.02873653 -0.9897736 -0.1397234 0.00377357 -0.989166 0.146753 0.5588741 -0.8141901 -0.1573348 -0.1921038 -0.8431344 0.5022156 0.8102374 -0.5816751 0.07189959 0.7411144 -0.6083557 0.2839942 0.8246122 -0.5322374 -0.191672 0.2840373 -0.9461774 -0.1551485 -0.09959864 -0.8219461 -0.5607896 -0.4366785 -0.885937 -0.1562933 -0.3810659 -0.9170842 0.1172403 -0.2916108 -0.899187 0.3262302 0.08213585 0.7862266 0.6124553 -0.2735761 0.8961665 0.3493451 -0.2296138 0.7484346 0.6221922 -0.6065059 0.743583 0.2814872 -0.5201561 0.6407139 0.5647331 0.117102 0.9298087 0.3489168 -0.283764 0.9540528 -0.09623545 -0.6291927 0.7682845 -0.1177096 0.09225386 0.5823782 0.8076664 -0.1681994 0.5471111 0.8199869 -0.4224969 0.4735113 0.7728413 -0.78842 0.4176295 0.4516412 -0.6560058 0.3609811 0.6628342 -0.8769062 0.4537717 0.1585149 -0.8775714 0.442623 -0.1842646 -0.7679606 0.3762248 -0.5183549 -0.5390164 0.5772071 -0.6134276 0.1407047 0.9877004 -0.0681917 -0.2102871 0.7319992 -0.6480405 0.5272148 0.7058302 -0.4731261 -0.9528157 -0.302665 0.02316075 -0.811088 -0.477983 0.3371475 -0.8886883 -0.3337361 0.3144094 -0.9067196 -0.4195502 0.0428617 -0.62869 -0.6995869 0.3395984 -0.924159 -0.2677963 -0.2724252 -0.8911088 -0.3660926 -0.2681444 -0.7395392 -0.6687785 0.07627075 -0.9158221 -0.2684026 0.2987139 -0.758871 -0.6080048 -0.2333346 -0.9262423 -0.257754 -0.2750239 -0.9616507 -0.2739844 0.01267033 -0.9225807 -0.2185359 0.3179419 -0.9624626 -0.2714133 7.96865e-4 -0.9249736 -0.2264155 0.3052213 -0.9623501 -0.2717454 0.006065249 -0.9244008 -0.2399504 0.2964916 -0.9635312 -0.2675045 -0.007005512 -0.9131588 -0.27154 -0.3039852 -0.9201381 -0.2680045 -0.2855165 -0.7223895 -0.1054592 0.6833973 -0.7401385 -0.1050816 0.6641934 -0.7553189 -0.1213573 0.6440232 -0.7596806 -0.1567633 0.6311186 -0.7482867 -0.2192983 -0.6260793 -0.9058734 -0.2656325 -0.3298982 -0.7299706 -0.2202239 -0.6470273 -0.8998148 -0.2467969 -0.3597564 -0.7078934 -0.2099948 -0.6743806 -0.9664606 -0.2560262 -0.02011752 -0.92066 -0.2134306 0.3268525 0.9175019 -0.2738919 0.288398 0.9960532 0.08870452 -0.003105521 0.9558096 0.008096337 0.2938749 0.9749045 0.2224706 -0.008251488 0.941674 0.1776764 0.2857992 0.978435 -0.2053281 0.0224803 0.945997 0.1107693 -0.3046636 0.9275659 0.2242058 -0.2989204 0.924161 0.2562165 0.2833365 0.9638819 0.2662904 -0.004622697 0.922908 0.2531209 -0.2901223 0.9486773 -0.1577467 -0.274094 0.3972343 0.09837728 -0.9124292 0.002831339 -0.005183994 -0.9999827 0.3754219 0.09046208 -0.9224289 0.002774894 -0.004535675 -0.9999859 -0.3695146 -0.1097199 -0.9227245 0.4125349 0.1104781 -0.9042178 0.001674771 -0.001624047 -0.9999974 -0.3910453 -0.118296 -0.9127374 0.3571421 0.08494383 -0.9301796 0.001226246 -0.001124083 -0.9999986 -0.3513996 -0.09328311 -0.9315668 -0.6875704 -0.1873359 -0.7015357 -0.409448 -0.119417 -0.9044845 0.7505092 0.1993573 -0.6300737 0.7393597 0.1871817 -0.6467691 0.7230159 0.1780155 -0.6675018 -0.05139505 0.1688055 0.9843086 0.3481854 0.251102 0.9031693 0.3211826 0.2572272 0.9114143 -0.04701489 0.1553132 0.986746 0.3806786 0.2085657 0.9008797 -0.4312557 0.02416908 0.9019061 -0.4335678 -0.0278902 0.9006893 -0.03041207 0.1024602 0.9942721 0.3036407 0.2358245 0.923141 0.6751664 0.3031946 0.6724756 0.7015429 0.3005685 0.6461396 0.7282787 0.2735177 0.6283298 -0.414477 0.04352951 0.9090182 -0.3920285 0.03537976 0.9192726 -0.04666346 0.1516405 0.9873337 -0.1012971 0.3256616 0.9400444 0.2587011 0.2599933 0.9303104 0.1893634 0.3868041 0.9025099 -0.05735141 0.1809288 0.9818226 0.2894544 0.2191081 0.9317767 -0.3924257 0.238986 0.8881936 -0.3773034 0.03155469 0.925552 -0.04290568 0.1365446 0.9897044 -0.3811379 0.08953088 0.9201729 -0.7134935 -0.09239339 0.6945433 -0.7149752 -0.01362913 0.699017 0.2720617 0.3985992 -0.8758431 -0.03180438 0.1111252 -0.9932974 -0.0959953 0.3336411 -0.9377998 -0.4297441 0.2297641 -0.8732288 0.3421158 0.1050856 -0.9337633 0.322097 0.1916219 -0.9271109 -0.006528079 0.02495211 -0.9996674 -0.3713729 0.03482145 -0.9278306 0.1741828 0.7789752 -0.6023769 -0.7436295 0.1323549 -0.6553605 -0.347305 -0.0557174 -0.9360955 -0.6996867 -0.04116696 -0.7132629 -0.680559 -0.1403233 -0.7191306 -0.9213982 0.1106597 0.3725316 -0.9935835 -0.1105589 -0.02384561 -0.9355849 -0.08727955 0.3421452 -0.9757546 -0.2163844 -0.03287899 -0.9256791 -0.1847859 0.3301097 -0.9927704 0.1143828 0.03637897 -0.9205446 -0.09447729 -0.3790406 -0.9020041 -0.2000534 -0.3825801 -0.705198 0.1388626 0.6952791 -0.9411553 0.1151195 -0.3177647 0.9616764 0.2741858 -7.64729e-4 0.9033783 0.2986509 0.3077589 0.912904 0.2867073 0.290526 0.9613618 0.2752662 0.003501057 0.8942893 0.2990739 0.3328688 0.9234745 0.2495037 -0.2914494 0.9216351 0.2443355 -0.3014779 0.9622953 0.2718185 0.01013278 0.9190004 0.2364129 -0.3155114 0.4020485 -0.2131875 0.8904539 -0.02163809 -0.4579504 0.8887144 0.3409921 -0.4440058 0.8286032 -0.03241032 -0.6883046 0.7246975 0.2470471 -0.6718842 0.6982403 -0.4211464 -0.1764479 0.889664 -0.01016795 -0.2140731 0.9767647 -0.3820655 -0.4121342 0.8271467 0.7771547 -0.04599994 0.6276262 0.7536475 -0.176231 0.6332126 0.686016 -0.3759363 0.6229398 0.5548022 -0.6041362 0.5720262 0.163646 -0.8322293 0.5297305 0.3938309 -0.7753155 0.493744 -0.03970116 -0.8439866 0.534893 -0.3095784 -0.647616 0.6962434 -0.6101441 -0.5536573 0.5667343 -0.2411977 -0.8146839 0.527365 -0.7199543 -0.3145784 0.6186326 -0.7685168 -0.1089646 0.6304829 -0.7792635 0.02366834 0.6262495 -0.4299142 0.004565954 0.9028583 -8.33068e-4 -0.01611834 0.9998698 0.4279618 -0.03409558 0.9031535 0.4092696 -0.1432148 -0.9011039 -0.001064181 -0.02281451 -0.9997392 0.4264938 -0.03725081 -0.9037232 -0.4193119 -0.1108449 -0.9010499 -0.427489 -0.003042995 -0.9040155 0.3659133 -0.4024989 -0.8391081 -0.006038129 -0.1325763 -0.9911545 -0.3990184 -0.371448 -0.8383382 0.7792845 -0.04822653 -0.624812 0.4340041 -0.0168507 -0.9007533 0.7847723 -0.03189027 -0.6189634 -3.38205e-4 0.001069724 -0.9999994 -0.4332078 0.01986283 -0.9010752 -0.77888 0.01494896 -0.626995 -0.7836817 0.03428959 -0.6202156 -0.7692014 -0.08876764 -0.6328108 -0.740935 -0.3149499 -0.5931458 -0.6429082 -0.6130318 -0.4591962 -0.01893454 -0.4159946 -0.90917 -0.359653 -0.746558 -0.559733 0.2916188 -0.775698 -0.5596885 0.5902144 -0.6657331 -0.4565593 0.715083 -0.3735001 -0.5908926 0.7619055 -0.1493356 -0.6302371 0.9999771 -0.006732106 -6.89701e-4 0.9163444 0.1061335 0.3860683 0.933256 0.02153623 0.3585662 0.9958189 0.08787596 0.02495557 0.8568751 0.2818325 0.4316661 0.9335304 -0.01376289 -0.3582341 0.9355779 0.08267539 -0.3433057 0.9492647 0.297369 0.1023154 0.9397518 8.32223e-4 0.3418566 0.7019903 0.06985116 0.7087529 0.7198934 0.06422299 0.6911071 0.6785473 0.1367681 0.7217119 0.630451 0.2688339 0.7281895 0.5332235 0.4646834 0.7069243 0.6585513 0.5437557 0.5202307 0.9193955 0.2870401 -0.268924 0.7602187 0.6044048 0.238249 0.7238765 0.2646101 -0.6371691 0.7878778 0.6041725 -0.1192653 0.708992 0.0884363 -0.6996495 0.7049996 -0.00453943 -0.7091931 0.7175216 -0.0388928 -0.6954495 0.9370037 -0.04787063 -0.3460239 0.9993337 -0.03638458 -0.002902805 -0.3241193 -0.9356744 0.1394994 -0.04385793 -0.9329715 0.3572685 -0.2724751 -0.9002918 0.3394588 0.2362066 -0.9610565 0.1434461 0.1870253 -0.9206289 0.3427305 -0.3515011 -0.9247422 -0.1459411 -0.04625409 -0.9867219 0.1556939 0.2658904 -0.9533264 -0.1430776 -0.4652676 -0.7378962 0.4889125 0.5858485 -0.8039452 0.1022432 0.5009135 -0.8069202 0.3129946 0.6259728 -0.7614343 -0.1684514 -0.04594957 -0.9874925 -0.1508222 -0.6883099 -0.7041982 -0.1741679 -0.6549203 -0.749715 0.09490513 -0.573355 -0.7599515 0.3061665 0.4178366 0.8345987 0.3589673 0.03588604 0.7492305 0.6613365 0.3432101 0.7026877 0.623247 -0.3402483 0.8640898 0.3709179 -0.2757426 0.7247263 0.631457 0.4534289 0.8895074 -0.05638384 0.04279321 0.9131678 0.4053313 -0.3752345 0.9257479 -0.04679661 0.2837783 0.5235069 0.8033744 0.02607226 0.5452145 0.8378912 -0.2377763 0.5355852 0.8103153 -0.6041713 0.5888268 0.5368986 -0.4778484 0.4931221 0.7269743 -0.7063966 0.6588912 0.2585852 -0.7411704 0.6635591 -0.1017646 -0.6649689 0.5707653 -0.4817088 0.04538571 0.9976994 -0.05035936 -0.356774 0.7182213 -0.5973864 0.4144792 0.6844146 -0.5998198 0.7011307 0.5177866 -0.4902171 -0.9999873 8.77636e-4 0.004979729 -0.9273934 -0.2053547 0.3126833 -0.953787 -0.04069143 0.2977155 -0.9914357 -0.1295336 0.01662927 -0.8251111 -0.4709197 0.3121318 -0.9575626 0.01814782 -0.2876539 -0.9529306 -0.0913971 -0.2890849 -0.9092698 -0.4135706 0.04677629 -0.9565342 0.03531062 0.2894745 -0.8986706 -0.356149 -0.2560257 -0.9580106 0.03980243 -0.2839568 -0.9992159 0.03951036 0.002614259 -0.9414151 0.08386224 0.326657 -0.9989417 0.04593342 0.002410411 -0.9485418 0.07974964 0.3064452 -0.9989756 0.04520559 0.002091348 -0.9538998 0.0663796 0.2926927 -0.9989621 0.04544389 0.003130733 -0.9528563 0.02729642 -0.3021917 -0.9567818 0.03180384 -0.289063 -0.7082989 0.1270768 0.6943805 -0.7306186 0.1364894 0.6690046 -0.7536013 0.1271656 0.644914 -0.7715511 0.09492415 0.6290456 -0.7785595 0.0216968 -0.6271957 -0.9466888 0.02452659 -0.3212145 -0.763341 0.01690042 -0.6457749 -0.9400559 0.0276671 -0.3398966 -0.7421764 0.01381969 -0.6700622 -0.9988945 0.04676759 0.004776954 -0.9337868 0.08137685 0.3484541 0.7786344 -0.5395202 0.3203851 0.9771237 -0.21131 0.02402764 0.9040873 -0.2836308 0.3196558 0.9964455 -0.08364039 0.01003164 0.9452261 -0.1230711 0.3023263 0.8709482 -0.4882364 0.05544763 0.9442182 -0.1680603 -0.2832101 0.9570631 -0.06098222 -0.2833929 0.955165 -0.04923754 0.2919511 0.9988566 -0.04750382 0.005396127 0.9585769 -0.0422399 -0.2816846 0.8683469 -0.4286496 -0.249466 0.385779 -0.0258615 -0.9222288 -9.59251e-4 -0.006091415 -0.9999811 -1.95905e-4 -0.005552649 -0.9999846 -0.3869981 0.006094098 -0.9220605 0.4082518 -0.02691918 -0.9124725 -0.001139819 -0.001934587 -0.9999976 -0.4261653 0.01234281 -0.9045611 -0.4085376 0.007187128 -0.9127133 0.365124 -0.01859325 -0.9307733 1.82007e-5 -0.001063704 -0.9999995 -0.3663389 0.009576857 -0.9304323 -0.7209491 0.01745164 -0.6927683 0.4266667 -0.02490538 -0.904066 0.7778685 -0.045762 -0.6267588 0.7617328 -0.04881876 -0.6460494 0.7396228 -0.04804074 -0.6713049 0.008304357 0.1758642 0.9843794 0.4125624 0.1249887 0.9023138 0.3903394 0.1396034 0.9100254 0.00759828 0.1618018 0.9867941 0.4280368 0.07455229 0.9006812 -0.3991459 0.1616073 0.9025329 -0.4195681 0.1127668 0.9006922 0.00494349 0.1061878 0.9943339 0.3685885 0.1256948 0.9210556 0.741252 0.07077264 0.6674854 0.7622966 0.05915278 0.6445192 0.7766005 0.02553147 0.6294758 -0.3752177 0.1740426 0.9104509 -0.3541643 0.1579157 0.921754 0.007545173 0.1579795 0.9874137 0.01555454 0.3282283 0.9444704 0.3387939 0.1671816 0.9258882 0.3116119 0.3033093 0.9005008 0.009151816 0.185786 0.9825477 0.3523924 0.1162358 0.9286059 -0.3189287 0.1941128 0.9276878 -0.3379668 0.1462147 0.929731 0.006938159 0.1418979 0.989857 -0.6876893 0.1289871 0.7144549 -0.2813683 0.3296633 0.9011959 -0.6565579 0.1902729 0.7298821 -0.5912079 0.3197923 0.7404094 0.3785636 0.3012562 -0.8751767 0.004922866 0.1111113 -0.9937958 0.01504051 0.3386524 -0.9407913 -0.3546311 0.328138 -0.8755354 0.3600755 0.09942924 -0.9276096 0.001129925 0.02525657 -0.9996804 -0.352902 0.1238756 -0.9274239 0.03374546 0.7678896 -0.6396927 -0.7089638 0.3157911 -0.630592 -0.3537923 0.03655046 -0.9346096 -0.7066515 0.1379641 -0.693981 -0.7079043 0.04685437 -0.7047525 0.354251 0.01138675 -0.9350811 -0.8238712 0.3433647 0.4509289 -0.9858573 0.1615946 0.04441368 -0.8981235 0.176351 0.4028335 -0.9973289 0.07183861 0.01320445 -0.9236597 0.0979039 0.3704964 -0.9225845 0.365088 0.1246944 -0.9325211 0.1497882 -0.3285849 -0.9359637 0.05664157 -0.3475108 -0.9013452 0.3525675 -0.2515411 0.9990833 -0.0426917 0.003175675 0.9520443 -0.004769742 0.3059232 0.9557397 -0.01847821 0.2936326 0.9991187 -0.0419349 0.001851141 0.9460909 7.19281e-4 0.3239002 0.9561514 -0.05165785 -0.2882811 0.9514659 -0.05551081 -0.3027067 0.9991614 -0.04094409 -3.00324e-5 0.9444694 -0.05567079 -0.3238495 -0.5222545 0.6725435 -0.524343 0 0.9999247 -0.01228135 0 0.7775647 -0.628803 0.5222544 0.6725435 -0.5243431 0.9774451 0.1570484 -0.1411988 0.6645177 0.227137 -0.7119165 0.6432983 -0.1932041 -0.7408371 0.6647245 -0.7392315 -0.1080656 0.5608102 -0.5077084 -0.6540063 -5.22971e-7 -0.9801787 -0.1981157 -0.5608097 -0.5077083 -0.6540068 2.14672e-7 -0.5789283 -0.8153785 0 0.03893572 -0.9992417 -0.6432983 -0.1932041 -0.7408371 -0.6624838 -0.03158587 -0.7484101 0 -0.08934861 -0.9960005 -0.6645177 0.2271369 -0.7119165 -0.9718076 -0.149636 -0.1822061 -0.9774455 0.1570483 -0.1411956 0.9718075 -0.1496349 -0.1822078 0.6624836 -0.03158587 -0.7484102 -0.6647273 -0.7392287 -0.1080673 -0.9243798 -0.3416902 -0.1696174 0.6589829 0.7520759 -0.01111608 0.9243783 -0.3416947 -0.1696162 0 0.2763411 -0.9610597 -1.97973e-7 0.9707317 0.2401666 -0.6589825 0.7520763 -0.01111567 -0.6556705 0.7227635 0.2184241 -2.3516e-6 -0.9874026 0.1582285 0.6850063 -0.715164 0.1389492 -0.6850099 -0.7151612 0.1389459 0.9284532 -0.3639981 0.07402944 0.9801346 -0.1880882 0.06292182 0.9875735 0.1168602 0.1050828 0.6556705 0.7227636 0.2184241 -0.9801341 -0.1880901 0.06292462 -0.9875725 0.1168614 0.1050903 -0.9284562 -0.3639907 0.07402622 -0.8797422 -0.3361951 -0.3361941 -1 0 0 -0.9347507 0 -0.3553043 -0.8797422 -0.3361948 0.3361947 -0.934751 -0.3553037 -2.20406e-7 -0.8797424 0.3361941 -0.3361946 -0.8797422 0.3361948 0.3361946 -0.934751 0.3553035 -1.37753e-7 -0.5773496 -0.577351 -0.5773503 -0.6736802 -0.3038228 -0.6736816 -0.6736813 -0.6736806 -0.3038224 -0.6736825 -0.6736798 0.3038213 -0.7071064 -0.7071073 0 -0.5773499 -0.577351 0.57735 -0.6736797 -0.3038229 0.673682 -0.9347505 0 0.3553049 -0.67368 0.3038226 0.6736817 -0.5773497 0.5773515 0.5773498 -0.6736814 0.6736806 0.303822 -0.7071059 0.7071077 6.43212e-7 -0.6736814 0.6736807 -0.3038221 -0.57735 0.5773506 -0.5773502 -0.6736803 0.3038224 -0.6736816 -0.7071074 0 -0.7071062 -0.3361943 0.8797425 -0.3361943 1.54314e-7 1 0 4.88399e-7 0.9347507 -0.3553043 -0.3361949 0.8797422 0.3361944 -0.3553037 0.934751 5.88583e-7 0.3361948 0.8797422 -0.3361945 0.3361945 0.8797425 0.3361943 0.3553044 0.9347507 -6.48694e-7 -0.3038218 0.6736806 -0.6736815 -0.3038217 0.6736809 0.6736813 -1.07698e-6 0.9347506 0.3553045 0.3038229 0.6736803 0.6736813 0.57735 0.5773502 0.5773507 0.6736807 0.6736809 0.3038231 0.7071062 0.7071074 -1.62069e-7 0.673681 0.6736805 -0.3038231 0.5773503 0.5773503 -0.5773502 0.3038234 0.6736806 -0.6736809 4.20367e-7 0.7071062 -0.7071075 0.8797424 0.3361946 -0.3361943 1 0 0 0.9347508 5.435e-7 -0.3553043 0.8797419 0.3361952 0.3361952 0.934751 0.3553035 -2.00369e-7 0.8797421 -0.3361949 -0.3361948 0.8797421 -0.3361949 0.3361949 0.9347512 -0.355303 -2.17901e-7 0.6736798 0.3038228 -0.6736819 0.6736802 0.3038226 0.6736816 0.9347506 -1.47772e-7 0.3553048 0.6736794 -0.3038229 0.6736822 0.5773491 -0.577351 0.5773507 0.6736812 -0.6736806 0.3038225 0.7071062 -0.7071074 -8.96446e-7 0.6736811 -0.6736811 -0.3038218 0.5773494 -0.5773515 -0.57735 0.6736798 -0.3038226 -0.673682 0.7071068 0 -0.7071068 0.3361942 -0.8797424 -0.3361946 0 -1 1.61781e-7 2.80516e-7 -0.9347507 -0.3553045 0.3361937 -0.8797426 0.3361949 0.3553038 -0.934751 4.15765e-7 -0.3361943 -0.8797422 -0.3361949 -0.3361944 -0.8797422 0.3361949 -0.3553044 -0.9347507 -2.60479e-7 0.3038213 -0.6736806 -0.6736818 0.3038206 -0.6736812 0.6736816 1.5779e-7 -0.9347507 0.3553045 -0.3038205 -0.6736807 0.673682 -0.3038216 -0.6736806 -0.6736817 2.78557e-7 -0.7071065 -0.7071071 -0.3361943 0.3361943 -0.8797425 0 -2.53872e-7 -1 -0.3553052 2.8803e-7 -0.9347504 0.3361937 0.3361946 -0.8797426 -6.18638e-7 0.3553037 -0.934751 -0.3361932 -0.3361946 -0.8797428 0.3361933 -0.3361946 -0.8797428 0 -0.3553038 -0.9347509 0.355305 0 -0.9347504 0.3361951 0.336194 0.8797423 0 -1.54315e-7 1 0.3553058 1.60295e-7 0.9347501 -0.3361937 0.336195 0.8797425 0 0.3553048 0.9347505 0.3361933 -0.3361948 0.8797426 -0.3361934 -0.3361951 0.8797426 0 -0.3553051 0.9347504 0 0.7071062 0.7071074 -0.355305 2.5547e-7 0.9347505 -1.72199e-7 -0.7071062 0.7071074 0.7071068 0 0.7071068 -0.4859695 0.5734696 -0.6595198 0.2917823 0.7267268 -0.6218773 0.2968323 0.6137927 -0.731539 -0.9694786 0.1259744 -0.2103378 -0.4894536 0.5934085 -0.6389848 -0.956117 0.05265694 -0.2882145 -0.5162831 0.6735455 -0.5289501 0.2495979 0.845715 -0.4716644 0.5528175 -0.7522536 -0.3584794 0.4549359 -0.7801573 0.4294043 0.1067095 -0.9942727 0.00590378 0.9730688 -0.2238606 0.05498749 0.89254 -0.4364534 -0.1134936 0.5242308 -0.6778667 0.5154406 -0.2827021 -0.713322 0.6412888 -0.3815281 -0.8595061 0.340126 -0.8603835 -0.3295548 0.3887598 -0.7968982 -0.6025499 0.04343897 -0.8606169 -0.4054714 0.3081097 -0.9756332 0.145012 -0.1646558 -0.9365545 -0.1719948 -0.3054236 -0.3418617 -0.7750232 -0.531479 0.003474354 -0.07178413 -0.9974142 -0.5854052 -0.1369507 -0.7990903 0.767217 0.01735347 -0.6411529 0.3218108 -0.4969265 -0.8059168 0.2230714 0.3928182 -0.8921508 0.8556606 0.285389 -0.4317383 -0.5333183 0.4439941 -0.7200285 -0.8489713 -0.4820227 0.2165687 -0.9633694 0.2632795 0.0510227 -0.9681477 0.09935998 -0.2298212 -0.3304403 -0.52073 0.7871782 -0.8520023 -0.2624868 0.452982 -0.374606 -0.04799741 0.9259409 -0.6430637 0.1798179 0.7444022 -0.7665641 0.4375224 0.470057 -0.2645099 -0.7472695 0.6096088 0.5229602 -0.6606667 0.5385465 -0.2581459 -0.8119193 0.5235912 0.9769685 -0.1220124 0.1750589 0.9424319 -0.01249819 0.3341645 0.4951592 -0.5793295 0.6474525 -0.2691666 -0.7664686 0.5831597 -0.84134 -0.5093235 0.1809329 0.8588867 0.4249784 -0.2858445 0.8249402 0.5520433 -0.121335 -0.08333951 0.9199375 0.3831051 -0.2931755 0.5179003 0.8036339 0.1566115 0.7403029 0.6537771 -0.4939778 0.7543377 0.4323894 -0.01781862 0.1645146 0.9862137 0.3165778 0.4245553 0.8482519 0.3425168 -0.3234084 0.8820937 -0.5676972 0.8040777 -0.176576 0.1259804 0.9838556 -0.1271107 0.7642648 0.193211 0.6152795 0.6490604 0.7287953 0.2181237 0.06147104 0.9354134 -0.3481709 0.6266767 0.7582103 0.1799826 0.7019997 0.7104067 0.05018711 -0.5979982 0.552308 -0.580822 0.04544454 0.9443065 -0.3259142 -0.5370945 0.5204212 -0.6638459 -0.04663622 0.9729708 -0.2261702 0.496762 0.8072944 0.3185957 0.6528918 -0.6700289 -0.3532614 0.0650174 -0.9953828 0.07061034 0.07706487 -0.8612084 -0.5023755 0.7019996 -0.5675423 0.4302237 0.7507779 -0.6405739 0.1612383 0.06147199 -0.9736626 0.2195504 -0.6324473 -0.7588594 -0.1553795 -0.5110449 -0.7134059 -0.4794635 -0.9058511 -0.1207427 -0.4060233 -0.6325836 -0.2207635 -0.7423621 -0.8534486 -0.1485583 -0.4995559 -0.6324465 0.5506404 -0.5447997 -0.5110445 0.3354811 -0.7913824 0.08726644 -0.2839558 -0.954858 0.6528908 0.3681154 -0.6619855 0.07706242 0.446749 -0.8913344 0.9997512 0.006358206 0.02138 0.7694275 -0.1820665 -0.6122363 0.750778 0.6245871 -0.2149963 0.9302894 0.1045616 0.3516087 0.0650168 0.8722179 -0.4847773 -0.7849386 -0.1766055 -0.5938702 -0.7637583 0.5508896 -0.3364432 -0.5842878 0.5382577 -0.6073603 -0.7637575 -0.645216 0.01925635 -0.9413654 -0.09616976 -0.3233925 -0.887711 -0.2990031 0.3500948 -0.9729227 0.06588226 0.2215422 -0.887712 0.4417182 0.1298173 -0.5979973 -0.7799413 -0.1846374 0.04544347 -0.9689488 0.2430497 -0.5370954 -0.7986019 -0.2715946 0.6266764 -0.5366531 0.565049 0.496762 -0.5020176 0.707959 -0.04663676 -0.9384513 0.3422489 -0.5842862 -0.782676 -0.2145417 -0.7559197 -0.1866078 -0.6275053 0.8376208 0.1557052 0.5235908 0.7046306 0.2022596 0.6801374 -0.3129589 0.6241829 0.7158579 -0.7462289 0.18975 0.6380733 -0.3074675 0.271237 0.9120824 -0.6564607 0.6182526 0.4322302 -0.6564622 -0.2816019 0.699827 -0.312959 -0.1315829 0.9406077 -0.3153505 -0.7720079 0.5518675 -0.3153512 0.9481175 0.04033619 0.1783933 0.8187446 0.5457409 0.1783939 -0.3874871 0.9044499 0.3499587 0.2670193 0.8979029 -0.09741008 0.7674234 -0.6336976 0.5874561 0.775042 -0.2328202 0.6342276 0.6869685 -0.3547249 -0.7594227 0.3289042 -0.5613369 -0.108504 0.7831826 -0.6122516 -0.7170672 0.2713316 -0.6420232 -0.1769365 0.8432487 -0.507568 0.4897117 0.8672445 -0.08983027 0.6053873 -0.7491925 -0.2687321 0.1604661 -0.9158912 0.3679593 0.0282098 -0.9789543 -0.2021209 0.8265118 -0.39313 0.4028986 0.8172972 -0.5510869 0.1683112 0.1898351 -0.8460927 0.4980863 -0.5872845 -0.7675114 0.2569498 -0.5485433 -0.8319008 -0.08391374 -0.9624323 -0.2483404 -0.1097784 -0.7674916 -0.4540588 -0.4525344 -0.9310871 -0.305548 -0.1992919 -0.7843165 0.3392538 -0.5193789 -0.7063621 0.05460065 -0.7057417 -0.1139413 -0.5840285 -0.8036966 0.4491838 0.1282278 -0.8841899 -0.1685873 0.1265065 -0.9775349 0.973474 0.01307672 -0.228424 0.6184911 -0.3744659 -0.6908286 0.6269365 0.5182058 -0.5817331 0.9748059 0.2150582 0.05919033 -0.1205418 0.66257 -0.7392366 -0.8842917 -0.3632354 -0.2934082 -0.8632461 0.408461 -0.2965905 -0.7511506 0.3068604 -0.5844738 -0.6832765 -0.6024661 0.412514 -0.9796749 -0.1978 -0.03335005 -0.7548161 -0.1662555 0.634517 -0.896962 0.1355038 0.42083 -0.866268 0.459788 0.1953837 -0.5589699 -0.7970882 0.2284799 0.1793693 -0.8338658 0.5220101 -0.5186039 -0.8434828 0.1399528 0.7822849 -0.319352 0.5348315 0.686715 -0.2393626 0.6863878 0.1106626 -0.7722504 0.6256062 -0.5523974 -0.8095687 0.1986345 -0.8631577 -0.3838072 -0.3281019 0.920743 0.3202486 0.2228751 0.8243873 0.4159997 0.3838357 -0.1879964 0.8259598 0.5314582 -0.590632 0.3902696 0.7062886 -0.1083866 0.5578646 0.8228242 -0.5862997 0.7264754 0.3584498 -0.4509016 -0.03406447 0.8919234 -0.07428163 0.1872001 0.9795093 -0.114688 -0.5458018 0.8300284 -0.3735032 0.9080172 -0.1897377 0.2329235 0.9532391 0.1925666 0.4144147 -0.06624555 0.907674 0.5258918 0.5491931 0.6494804 -0.7057929 0 0.7084183 0 0.9459414 -0.3243377 -2.20907e-6 -0.9051014 -0.4251957 -0.9075237 -0.3241863 -0.2670283 0.9075261 -0.3241831 -0.2670237 -0.03681898 -0.8027628 -0.5951608 -0.707107 0 0.7071066</float_array>
          <technique_common>
            <accessor source="#Cube_012-mesh-normals-array" count="2652" stride="3">
              <param name="X" type="float"/>
              <param name="Y" type="float"/>
              <param name="Z" type="float"/>
            </accessor>
          </technique_common>
        </source>
        <source id="Cube_012-mesh-map-0">
          <float_array id="Cube_012-mesh-map-0-array" count="31200">0.4375 0.0625 0.5000001 0.125 0.4375 0.125 0.5000001 0.0625 0.5625001 0.125 0.5000001 0.125 0.4375 0.125 0.5000001 0.1875 0.4375 0.1875 0.5000001 0.125 0.5625001 0.1875 0.5000001 0.1875 0.3750001 0 0.4375 0.0625 0.375 0.0625 0.4375 0 0.5000001 0.0625 0.4375 0.0625 0.5000001 0 0.5625001 0.0625 0.5000001 0.0625 0.6250001 0 0.5625001 0.0625 0.5625001 0 0.5625001 0.0625 0.6250001 0.125 0.5625001 0.125 0.5625001 0.125 0.6250001 0.1875 0.5625001 0.1875 0.5625001 0.1875 0.625 0.25 0.5625001 0.25 0.5000001 0.1875 0.5625001 0.25 0.5000001 0.25 0.4375 0.1875 0.5000001 0.25 0.4375 0.25 0.4375 0.1875 0.375 0.25 0.375 0.1875 0.375 0.125 0.4375 0.1875 0.375 0.1875 0.375 0.0625 0.4375 0.125 0.375 0.125 0.4375 0.3125 0.5000001 0.3750001 0.4375 0.3750001 0.5000001 0.3125 0.5625001 0.3750001 0.5000001 0.3750001 0.5000001 0.3750001 0.4375 0.4375 0.4375 0.3750001 0.5625001 0.3750001 0.5000001 0.4375 0.5000001 0.3750001 0.375 0.25 0.4375 0.3125 0.375 0.3125 0.4375 0.25 0.5000001 0.3125 0.4375 0.3125 0.5000001 0.25 0.5625001 0.3125 0.5000001 0.3125 0.625 0.25 0.5625001 0.3125 0.5625001 0.25 0.6250001 0.3125 0.5625001 0.3750001 0.5625001 0.3125 0.5625001 0.3750001 0.6250001 0.4375 0.5625001 0.4375 0.5625001 0.4375 0.625 0.5 0.5625001 0.5 0.5625001 0.4375 0.5000001 0.5000001 0.5000001 0.4375 0.5000001 0.4375 0.4375 0.5000001 0.4375 0.4375 0.4375 0.4375 0.375 0.5 0.375 0.4375 0.4375 0.3750001 0.375 0.4375 0.375 0.3750001 0.375 0.3125 0.4375 0.3750001 0.375 0.3750001 0.5000001 0.5625001 0.4375 0.625 0.4375 0.5625001 0.5625001 0.5625001 0.5000001 0.625 0.5000001 0.5625001 0.5000001 0.625 0.4375 0.6875001 0.4375 0.625 0.5625001 0.625 0.5000001 0.6875001 0.5000001 0.625 0.375 0.5 0.4375 0.5625001 0.3750001 0.5625001 0.5000001 0.5000001 0.4375 0.5625001 0.4375 0.5000001 0.5625001 0.5 0.5000001 0.5625001 0.5000001 0.5000001 0.625 0.5 0.5625001 0.5625001 0.5625001 0.5 0.625 0.5625001 0.5625001 0.625 0.5625001 0.5625001 0.625 0.625 0.5625001 0.6875001 0.5625001 0.625 0.5625001 0.6875001 0.625 0.75 0.5625001 0.7500001 0.5625001 0.6875001 0.5000001 0.75 0.5000001 0.6875001 0.5000001 0.6875001 0.4375 0.75 0.4375 0.6875001 0.4375 0.6875001 0.375 0.75 0.375 0.6875001 0.4375 0.625 0.375 0.6875001 0.3750001 0.625 0.4375 0.5625001 0.3750001 0.625 0.3750001 0.5625001 0.5000001 0.8125001 0.4375 0.8750001 0.4375 0.8125001 0.5625001 0.8125001 0.5000001 0.8750001 0.5000001 0.8125001 0.4375 0.8750001 0.5000001 0.9375001 0.4375 0.9375001 0.5000001 0.8750001 0.5625001 0.9375001 0.5000001 0.9375001 0.375 0.75 0.4375 0.8125001 0.375 0.8125001 0.5000001 0.75 0.4375 0.8125001 0.4375 0.75 0.5625001 0.7500001 0.5000001 0.8125001 0.5000001 0.75 0.625 0.75 0.5625001 0.8125001 0.5625001 0.7500001 0.6250001 0.8125001 0.5625001 0.8750001 0.5625001 0.8125001 0.5625001 0.8750001 0.6250001 0.9375001 0.5625001 0.9375001 0.5625001 0.9375001 0.6250001 1 0.5625001 1 0.5000001 0.9375001 0.5625001 1 0.5000001 1 0.4375 0.9375001 0.5000001 1 0.4375 1 0.4375 0.9375001 0.3750001 1 0.375 0.9375001 0.4375 0.8750001 0.375 0.9375001 0.375 0.8750001 0.375 0.8125001 0.4375 0.8750001 0.375 0.8750001 0.1875 0.5625001 0.25 0.625 0.1875 0.625 0.3125 0.5625001 0.25 0.625 0.25 0.5625001 0.1875 0.625 0.25 0.6875001 0.1875 0.6875001 0.3125 0.625 0.25 0.6875001 0.25 0.625 0.1875 0.5000001 0.125 0.5625001 0.125 0.5000001 0.25 0.5000001 0.1875 0.5625001 0.1875 0.5000001 0.25 0.5000001 0.3125 0.5625001 0.25 0.5625001 0.3125001 0.5000001 0.3750001 0.5625001 0.3125 0.5625001 0.3750001 0.5625001 0.3125 0.625 0.3125 0.5625001 0.3750001 0.625 0.3125 0.6875001 0.3125 0.625 0.375 0.6875001 0.3125001 0.7500001 0.3125 0.6875001 0.3125 0.6875001 0.25 0.7500001 0.25 0.6875001 0.1875 0.6875001 0.25 0.7500001 0.1875 0.7500001 0.125 0.6875001 0.1875 0.7500001 0.125 0.7500001 0.125 0.6250001 0.1875 0.6875001 0.125 0.6875001 0.125 0.5625001 0.1875 0.625 0.125 0.6250001 0.75 0.5625001 0.6875001 0.625 0.6875001 0.5625001 0.75 0.5625001 0.8125001 0.625 0.75 0.625 0.75 0.625 0.6875001 0.6875001 0.6875001 0.625 0.75 0.625 0.8125001 0.6875001 0.75 0.6875001 0.6875001 0.5000001 0.625 0.5625001 0.625 0.5 0.7500001 0.5000001 0.6875001 0.5625001 0.6875001 0.5000001 0.7500001 0.5000001 0.8125001 0.5625001 0.75 0.5625001 0.8125001 0.5000001 0.8750001 0.5625001 0.8125001 0.5625001 0.8125001 0.5625001 0.8750001 0.6250001 0.8125001 0.625 0.8125001 0.625 0.8750001 0.6875001 0.8125001 0.6875001 0.8125001 0.6875001 0.8750001 0.7500001 0.8125001 0.7500001 0.75 0.6875001 0.8125001 0.7500001 0.7500001 0.7500001 0.75 0.6875001 0.6875001 0.7500001 0.6875001 0.6875001 0.6875001 0.6875001 0.625 0.75 0.6250001 0.6875001 0.6875001 0.625 0.6250001 0.6875001 0.625 0.625 0.6875001 0.5625001 0.625 0.625 0.625 0.5625001 0.4375 0.0625 0.5000001 0.125 0.5000001 0.0625 0.5000001 0.0625 0.5625001 0.125 0.5625001 0.0625 0.4375 0.125 0.5000001 0.1875 0.5000001 0.125 0.5000001 0.125 0.5625001 0.1875 0.5625001 0.125 0.3750001 0 0.4375 0.0625 0.4375 0 0.4375 0 0.5000001 0.0625 0.5000001 0 0.5000001 0 0.5625001 0.0625 0.5625001 0 0.5625001 0.0625 0.6250001 0 0.5625001 0 0.5625001 0.0625 0.6250001 0.125 0.6250001 0.0625 0.5625001 0.125 0.6250001 0.1875 0.6250001 0.125 0.5625001 0.1875 0.625 0.25 0.6250001 0.1875 0.5000001 0.1875 0.5625001 0.25 0.5625001 0.1875 0.4375 0.1875 0.5000001 0.25 0.5000001 0.1875 0.375 0.25 0.4375 0.1875 0.375 0.1875 0.375 0.125 0.4375 0.1875 0.4375 0.125 0.375 0.0625 0.4375 0.125 0.4375 0.0625 0.4375 0.3125 0.5000001 0.3750001 0.5000001 0.3125 0.5000001 0.3125 0.5625001 0.3750001 0.5625001 0.3125 0.4375 0.4375 0.5000001 0.3750001 0.4375 0.3750001 0.5000001 0.4375 0.5625001 0.3750001 0.5000001 0.3750001 0.375 0.25 0.4375 0.3125 0.4375 0.25 0.4375 0.25 0.5000001 0.3125 0.5000001 0.25 0.5000001 0.25 0.5625001 0.3125 0.5625001 0.25 0.5625001 0.3125 0.625 0.25 0.5625001 0.25 0.5625001 0.3750001 0.6250001 0.3125 0.5625001 0.3125 0.5625001 0.3750001 0.6250001 0.4375 0.6250001 0.3750001 0.5625001 0.4375 0.625 0.5 0.6250001 0.4375 0.5000001 0.5000001 0.5625001 0.4375 0.5000001 0.4375 0.4375 0.5000001 0.5000001 0.4375 0.4375 0.4375 0.375 0.5 0.4375 0.4375 0.375 0.4375 0.375 0.4375 0.4375 0.3750001 0.375 0.3750001 0.375 0.3125 0.4375 0.3750001 0.4375 0.3125 0.4375 0.625 0.5000001 0.5625001 0.4375 0.5625001 0.5000001 0.625 0.5625001 0.5625001 0.5000001 0.5625001 0.4375 0.6875001 0.5000001 0.625 0.4375 0.625 0.5000001 0.6875001 0.5625001 0.625 0.5000001 0.625 0.375 0.5 0.4375 0.5625001 0.4375 0.5000001 0.4375 0.5625001 0.5000001 0.5000001 0.4375 0.5000001 0.5000001 0.5625001 0.5625001 0.5 0.5000001 0.5000001 0.5625001 0.5625001 0.625 0.5 0.5625001 0.5 0.5625001 0.625 0.625 0.5625001 0.5625001 0.5625001 0.5625001 0.6875001 0.625 0.625 0.5625001 0.625 0.5625001 0.6875001 0.625 0.75 0.6250001 0.6875001 0.5000001 0.75 0.5625001 0.6875001 0.5000001 0.6875001 0.4375 0.75 0.5000001 0.6875001 0.4375 0.6875001 0.375 0.75 0.4375 0.6875001 0.375 0.6875001 0.375 0.6875001 0.4375 0.625 0.3750001 0.625 0.3750001 0.625 0.4375 0.5625001 0.3750001 0.5625001 0.4375 0.8750001 0.5000001 0.8125001 0.4375 0.8125001 0.5000001 0.8750001 0.5625001 0.8125001 0.5000001 0.8125001 0.4375 0.8750001 0.5000001 0.9375001 0.5000001 0.8750001 0.5000001 0.8750001 0.5625001 0.9375001 0.5625001 0.8750001 0.375 0.75 0.4375 0.8125001 0.4375 0.75 0.4375 0.8125001 0.5000001 0.75 0.4375 0.75 0.5000001 0.8125001 0.5625001 0.7500001 0.5000001 0.75 0.5625001 0.8125001 0.625 0.75 0.5625001 0.7500001 0.5625001 0.8750001 0.6250001 0.8125001 0.5625001 0.8125001 0.5625001 0.8750001 0.6250001 0.9375001 0.6250001 0.8750001 0.5625001 0.9375001 0.6250001 1 0.6250001 0.9375001 0.5000001 0.9375001 0.5625001 1 0.5625001 0.9375001 0.4375 0.9375001 0.5000001 1 0.5000001 0.9375001 0.3750001 1 0.4375 0.9375001 0.375 0.9375001 0.375 0.9375001 0.4375 0.8750001 0.375 0.8750001 0.375 0.8125001 0.4375 0.8750001 0.4375 0.8125001 0.1875 0.5625001 0.25 0.625 0.25 0.5625001 0.25 0.625 0.3125 0.5625001 0.25 0.5625001 0.1875 0.625 0.25 0.6875001 0.25 0.625 0.25 0.6875001 0.3125 0.625 0.25 0.625 0.125 0.5625001 0.1875 0.5000001 0.125 0.5000001 0.1875 0.5625001 0.25 0.5000001 0.1875 0.5000001 0.25 0.5000001 0.3125 0.5625001 0.3125001 0.5000001 0.3125001 0.5000001 0.3750001 0.5625001 0.375 0.5 0.3125 0.625 0.3750001 0.5625001 0.3125 0.5625001 0.3125 0.6875001 0.3750001 0.625 0.3125 0.625 0.3125001 0.7500001 0.375 0.6875001 0.3125 0.6875001 0.25 0.7500001 0.3125 0.6875001 0.25 0.6875001 0.1875 0.6875001 0.25 0.7500001 0.25 0.6875001 0.125 0.6875001 0.1875 0.7500001 0.1875 0.6875001 0.125 0.6250001 0.1875 0.6875001 0.1875 0.625 0.125 0.5625001 0.1875 0.625 0.1875 0.5625001 0.6875001 0.625 0.75 0.5625001 0.6875001 0.5625001 0.75 0.5625001 0.8125001 0.625 0.8125001 0.5625001 0.6875001 0.6875001 0.75 0.625 0.6875001 0.625 0.75 0.625 0.8125001 0.6875001 0.8125001 0.625 0.625 0.5625001 0.6875001 0.5000001 0.625 0.5 0.6875001 0.5625001 0.7500001 0.5000001 0.6875001 0.5000001 0.7500001 0.5000001 0.8125001 0.5625001 0.8125001 0.5000001 0.8125001 0.5000001 0.8750001 0.5625001 0.8750001 0.5000001 0.8125001 0.5625001 0.8750001 0.6250001 0.8750001 0.5625001 0.8125001 0.625 0.8750001 0.6875001 0.8750001 0.6250001 0.8125001 0.6875001 0.8750001 0.7500001 0.8750001 0.6875001 0.75 0.6875001 0.8125001 0.7500001 0.8125001 0.6875001 0.6875001 0.7500001 0.75 0.6875001 0.6875001 0.6875001 0.625 0.75 0.6875001 0.6875001 0.6250001 0.6875001 0.6250001 0.6875001 0.6875001 0.625 0.625 0.625 0.625 0.625 0.6875001 0.5625001 0.625 0.5625001 0.6875001 0.5625001 0.75 0.625 0.6875001 0.625 0.8125001 0.5625001 0.75 0.625 0.75 0.5625001 0.75 0.625 0.6875001 0.6875001 0.6875001 0.625 0.75 0.625 0.8125001 0.6875001 0.75 0.6875001 0.625 0.5 0.6875001 0.5625001 0.625 0.5625001 0.6875001 0.5000001 0.75 0.5625001 0.6875001 0.5625001 0.8125001 0.5000001 0.75 0.5625001 0.7500001 0.5000001 0.8750001 0.5000001 0.8125001 0.5625001 0.8125001 0.5000001 0.8750001 0.5625001 0.8125001 0.625 0.8125001 0.5625001 0.8750001 0.6250001 0.8125001 0.6875001 0.8125001 0.625 0.8125001 0.6875001 0.8750001 0.7500001 0.8125001 0.7500001 0.75 0.6875001 0.8125001 0.7500001 0.7500001 0.7500001 0.75 0.6875001 0.6875001 0.7500001 0.6875001 0.6875001 0.6875001 0.6875001 0.625 0.75 0.6250001 0.6875001 0.625 0.625 0.6875001 0.6875001 0.6250001 0.6875001 0.625 0.5625001 0.6875001 0.625 0.625 0.625 0.4547662 0.8125001 0.5043403 0.8750001 0.4525825 0.8750001 0.5631375 0.8125001 0.5043403 0.8750001 0.5050999 0.8125001 0.5043403 0.8750001 0.4468452 0.9375001 0.4525825 0.8750001 0.5043403 0.8750001 0.562812 0.9375001 0.5024957 0.9375001 0.4166667 0.7500001 0.4547662 0.8125001 0.4162327 0.8125001 0.4550782 0.75 0.5050999 0.8125001 0.4547662 0.8125001 0.5052084 0.75 0.5631375 0.8125001 0.5050999 0.8125001 0.625 0.75 0.5631375 0.8125001 0.5631511 0.7500001 0.6250001 0.8125001 0.5630426 0.8750001 0.5631375 0.8125001 0.5630426 0.8750001 0.6250001 0.9375001 0.562812 0.9375001 0.562812 0.9375001 0.6250001 1 0.5625001 1 0.562812 0.9375001 0.5000001 1 0.5024957 0.9375001 0.5024957 0.9375001 0.4375 1 0.4468452 0.9375001 0.4468452 0.9375001 0.375 1 0.4040799 0.9375001 0.4525825 0.8750001 0.4040799 0.9375001 0.4131944 0.8750001 0.4162327 0.8125001 0.4525825 0.8750001 0.4131944 0.8750001 0.5024957 0.0625 0.4525825 0.125 0.4468452 0.0625 0.562812 0.0625 0.5043403 0.125 0.5024957 0.0625 0.5043403 0.125 0.4547662 0.1875 0.4525825 0.125 0.5630426 0.125 0.5050998 0.1875 0.5043403 0.125 0.375 0 0.4468452 0.0625 0.4040799 0.0625 0.5000001 0 0.4468452 0.0625 0.4375 0 0.5625001 0 0.5024957 0.0625 0.5000001 0 0.6250001 0 0.562812 0.0625 0.5625001 0 0.6250001 0.0625 0.5630426 0.125 0.562812 0.0625 0.6250001 0.125 0.5631375 0.1875 0.5630426 0.125 0.6250001 0.1875 0.5631511 0.25 0.5631375 0.1875 0.5631375 0.1875 0.5052084 0.25 0.5050998 0.1875 0.5050998 0.1875 0.4550782 0.25 0.4547662 0.1875 0.4162327 0.1875 0.4550782 0.25 0.4166667 0.25 0.4131945 0.125 0.4547662 0.1875 0.4162327 0.1875 0.4040799 0.0625 0.4525825 0.125 0.4131945 0.125 0.3925782 0.375 0.3802083 0.3125 0.3925781 0.3125 0.3925782 0.375 0.3800998 0.4375 0.3802083 0.3750001 0.3802083 0.3750001 0.375651 0.3125 0.3802083 0.3125 0.3802083 0.3750001 0.3754205 0.4375 0.375651 0.3750001 0.4166667 0.3125 0.3925782 0.25 0.4166667 0.25 0.4166666 0.3750001 0.3925781 0.3125 0.4166667 0.3125 0.4166666 0.3750001 0.3925646 0.4375 0.3925782 0.375 0.4166667 0.4375 0.3924697 0.5000001 0.3925646 0.4375 0.3925646 0.4375 0.3793403 0.5000001 0.3800998 0.4375 0.3800998 0.4375 0.3730469 0.5000001 0.3754205 0.4375 0.3754205 0.4375 0.375 0.5 0.375 0.4375 0.375651 0.3750001 0.375 0.4375 0.375 0.3750001 0.375651 0.3750001 0.375 0.3125 0.375651 0.3125 0.375651 0.3125 0.375 0.25 0.375651 0.25 0.3802083 0.3125 0.375651 0.25 0.3802083 0.25 0.3925781 0.3125 0.3802083 0.25 0.3925782 0.25 0.4550781 0.5625001 0.5052084 0.625 0.4550782 0.6250001 0.5052084 0.5625001 0.5631511 0.625 0.5052084 0.625 0.4550782 0.6250001 0.5052084 0.6875001 0.4550781 0.6875001 0.5052084 0.625 0.5631511 0.6875001 0.5052084 0.6875001 0.4550782 0.5000001 0.4166667 0.5625001 0.4166666 0.5 0.4550782 0.5000001 0.5052084 0.5625001 0.4550781 0.5625001 0.5052084 0.5000001 0.5631511 0.5625001 0.5052084 0.5625001 0.5631511 0.5 0.625 0.5625001 0.5631511 0.5625001 0.5631511 0.5625001 0.625 0.625 0.5631511 0.625 0.5631511 0.625 0.6250001 0.6875001 0.5631511 0.6875001 0.5631511 0.6875001 0.625 0.75 0.5631511 0.7500001 0.5052084 0.6875001 0.5631511 0.7500001 0.5052084 0.75 0.4550781 0.6875001 0.5052084 0.75 0.4550782 0.75 0.4550781 0.6875001 0.4166667 0.7500001 0.4166667 0.6875 0.4550782 0.6250001 0.4166667 0.6875 0.4166667 0.625 0.4550781 0.5625001 0.4166667 0.625 0.4166667 0.5625001 0.4550781 0.3125 0.5052084 0.3750001 0.4550782 0.375 0.5631511 0.3125 0.5052084 0.3750001 0.5052084 0.3125 0.5052084 0.3750001 0.4550781 0.4375 0.4550782 0.375 0.5052084 0.3750001 0.5631511 0.4375 0.5052084 0.4375 0.4166667 0.25 0.4550781 0.3125 0.4166667 0.3125 0.5052084 0.25 0.4550781 0.3125 0.4550782 0.25 0.5631511 0.25 0.5052084 0.3125 0.5052084 0.25 0.625 0.25 0.5631511 0.3125 0.5631511 0.25 0.5631511 0.3125 0.6250001 0.3750001 0.5631511 0.3750001 0.6250001 0.3750001 0.5631511 0.4375 0.5631511 0.3750001 0.5631511 0.4375 0.625 0.5 0.5631511 0.5 0.5052084 0.4375 0.5631511 0.5 0.5052084 0.5000001 0.4550781 0.4375 0.5052084 0.5000001 0.4550782 0.5000001 0.4550781 0.4375 0.4166666 0.5 0.4166667 0.4375 0.4550782 0.375 0.4166667 0.4375 0.4166666 0.3750001 0.4166667 0.3125 0.4550782 0.375 0.4166666 0.3750001 0.1872016 0.5625001 0.2465278 0.625 0.187066 0.625 0.3034668 0.5625001 0.2465278 0.625 0.2476128 0.5625001 0.187066 0.625 0.2476128 0.6875001 0.1872016 0.6875001 0.2999132 0.625 0.2476128 0.6875001 0.2465278 0.625 0.125 0.5000001 0.1872016 0.5625001 0.125 0.5625001 0.1875 0.5000001 0.2476128 0.5625001 0.1872016 0.5625001 0.3125001 0.5000001 0.2476128 0.5625001 0.25 0.5000001 0.375 0.5 0.3034668 0.5625001 0.3125001 0.5000001 0.3462999 0.5625001 0.2999132 0.625 0.3034668 0.5625001 0.3402778 0.625 0.3034668 0.6875001 0.2999132 0.625 0.3462999 0.6875001 0.3125001 0.7500001 0.3034668 0.6875001 0.3034668 0.6875001 0.25 0.7500001 0.2476128 0.6875001 0.1872016 0.6875001 0.25 0.7500001 0.1875 0.7500001 0.125 0.6875001 0.1875 0.7500001 0.125 0.7500001 0.125 0.6250001 0.1872016 0.6875001 0.125 0.6875001 0.125 0.5625001 0.187066 0.625 0.125 0.6250001 0.3922526 0.8125001 0.3793402 0.8750001 0.3799913 0.8125001 0.3843452 0.9375001 0.3793402 0.8750001 0.3900825 0.8750001 0.3799913 0.8125001 0.3755425 0.8750001 0.3754069 0.8125001 0.3774957 0.9375001 0.3755425 0.8750001 0.3793402 0.8750001 0.4166667 0.7500001 0.3922526 0.8125001 0.3924697 0.7500001 0.4162327 0.8125001 0.3900825 0.8750001 0.3922526 0.8125001 0.4040799 0.9375001 0.3900825 0.8750001 0.4131944 0.8750001 0.375 1 0.3843452 0.9375001 0.4040799 0.9375001 0.375 1 0.3774957 0.9375001 0.3843452 0.9375001 0.375 1 0.3753119 0.9375001 0.3774957 0.9375001 0.3753119 0.9375001 0.3750001 1 0.375 0.9375001 0.3755425 0.8750001 0.375 0.9375001 0.375 0.8750001 0.3755425 0.8750001 0.375 0.8125001 0.3754069 0.8125001 0.3754069 0.8125001 0.375 0.75 0.3730469 0.7500002 0.3793403 0.75 0.3754069 0.8125001 0.3730469 0.7500002 0.3924697 0.7500001 0.3799913 0.8125001 0.3793403 0.75 0.3900825 0.125 0.3774957 0.0625 0.3843452 0.0625 0.3922662 0.1875 0.3793402 0.125 0.3900825 0.125 0.3793402 0.125 0.3753119 0.0625 0.3774957 0.0625 0.3800998 0.1875 0.3755425 0.125 0.3793402 0.125 0.4040799 0.0625 0.375 0 0.375 0 0.4131945 0.125 0.3843452 0.0625 0.4040799 0.0625 0.4162327 0.1875 0.3900825 0.125 0.4131945 0.125 0.4166667 0.25 0.3922662 0.1875 0.4162327 0.1875 0.3925782 0.25 0.3800998 0.1875 0.3922662 0.1875 0.3802083 0.25 0.3756375 0.1875 0.3800998 0.1875 0.375651 0.25 0.375 0.1875 0.3756375 0.1875 0.3756375 0.1875 0.375 0.125 0.3755425 0.125 0.3755425 0.125 0.375 0.0625 0.3753119 0.0625 0.3753119 0.0625 0.3750001 0 0.375 0 0.3774957 0.0625 0.375 0 0.375 0 0.3843452 0.0625 0.375 0 0.375 0 0.3922662 0.5625001 0.3767362 0.625 0.3777127 0.5625001 0.3921442 0.6250001 0.3777127 0.6875001 0.3767362 0.625 0.3777127 0.5625001 0.3630642 0.625 0.3663873 0.5625001 0.3767362 0.625 0.3663873 0.6875001 0.3630642 0.625 0.4166666 0.5 0.3922662 0.5625001 0.3924697 0.5000001 0.4166667 0.5625001 0.3921442 0.6250001 0.3922662 0.5625001 0.4166667 0.625 0.3922662 0.6875001 0.3921442 0.6250001 0.4166667 0.6875 0.3924697 0.7500001 0.3922662 0.6875001 0.3922662 0.6875001 0.3793403 0.75 0.3777127 0.6875001 0.3777127 0.6875001 0.3730469 0.7500002 0.3663873 0.6875001 0.3663873 0.6875001 0.375 0.75 0.3462999 0.6875001 0.3630642 0.625 0.3462999 0.6875001 0.3402778 0.625 0.3663873 0.5625001 0.3402778 0.625 0.3462999 0.5625001 0.3730469 0.5000001 0.3462999 0.5625001 0.375 0.5 0.3793403 0.5000001 0.3663873 0.5625001 0.3730469 0.5000001 0.3924697 0.5000001 0.3777127 0.5625001 0.3793403 0.5000001 0 0 0 0 0 0 0 0 0 0 0 0 0 0 0 0 0 0 0 0 0 0 0 0 0 0 0 0 0 0 0 0 0 0 0 0 0 0 0 0 0 0 0 0 0 0 0 0 0 0 0 0 0 0 0 0 0 0 0 0 0 0 0 0 0 0 0 0 0 0 0 0 0 0 0 0 0 0 0 0 0 0 0 0 0 0 0 0 0 0 0 0 0 0 0 0 0 0 0 0 0 0 0 0 0 0 0 0 0 0 0 0 0 0 0 0 0 0 0 0 0 0 0 0 0 0 0 0 0 0 0 0 0 0 0 0 0 0 0 0 0 0 0 0 0 0 0 0 0 0 0 0 0 0 0 0 0 0 0 0 0 0 0 0 0 0 0 0 0 0 0 0 0 0 0 0 0 0 0 0 0 0 0 0 0 0 0 0 0 0 0 0 0 0 0 0 0 0 0 0 0 0 0 0 0 0 0 0 0 0 0 0 0 0 0 0 0 0 0 0 0 0 0 0 0 0 0 0 0 0 0 0 0 0 0 0 0 0 0 0 0 0 0 0 0 0 0 0 0 0 0 0 0 0 0 0 0 0 0 0 0 0 0 0 0 0 0 0 0 0 0 0 0 0 0 0 0 0 0 0 0 0 0 0 0 0 0 0 0 0 0 0 0 0 0 0 0 0 0 0 0 0 0 0 0 0 0 0 0 0 0 0 0 0 0 0 0 0 0 0 0 0 0 0 0 0 0 0 0 0 0 0 0 0 0 0 0 0 0 0 0 0 0 0 0 0 0 0 0 0 0 0 0 0 0 0 0 0 0 0 0 0 0 0 0 0 0 0 0 0 0 0 0 0 0 0 0 0 0 0 0 0 0 0 0 0 0 0 0 0 0 0 0 0 0 0 0 0 0 0 0 0 0 0 0 0 0 0 0 0 0 0 0 0 0 0 0 0 0 0 0 0 0 0 0 0 0 0 0 0 0 0 0 0 0 0 0 0 0 0 0 0 0 0 0 0 0 0 0 0 0 0 0 0 0 0 0 0 0 0 0 0 0 0 0 0 0 0 0 0 0 0 0 0 0 0 0 0 0 0 0 0 0 0 0 0 0 0 0 0 0 0 0 0 0 0 0 0 0 0 0 0 0 0 0 0 0 0 0 0 0 0 0 0 0 0 0 0 0 0 0 0 0 0 0 0 0 0 0 0 0 0 0 0 0 0 0 0 0 0 0 0 0 0 0 0 0 0 0 0 0 0 0 0 0 0 0 0 0 0 0 0 0 0 0 0 0 0 0 0 0 0 0 0 0 0 0 0 0 0 0 0 0 0 0 0 0 0 0 0 0 0 0 0 0 0 0 0 0 0 0 0 0 0 0 0 0 0 0 0 0 0 0 0 0 0 0 0 0 0 0 0 0 0 0 0 0 0 0 0 0 0 0 0 0 0 0 0 0 0 0 0 0 0 0 0 0 0 0 0 0 0 0 0 0 0 0 0 0 0 0 0 0 0 0 0 0 0 0 0 0 0 0 0 0 0 0 0 0 0 0 0 0 0 0 0 0 0 0 0 0 0 0 0 0 0 0 0 0 0 0 0 0 0 0 0 0 0 0 0 0 0 0 0 0 0 0 0 0 0 0 0 0 0 0 0 0 0 0 0 0 0 0 0 0 0 0 0 0 0 0 0 0 0 0 0 0 0 0 0 0 0 0 0 0 0 0 0 0 0 0 0 0 0 0 0 0 0 0 0 0 0 0 0 0 0 0 0 0 0 0 0 0 0 0 0 0 0 0 0 0 0 0 0 0 0 0 0 0 0 0 0 0 0 0 0 0 0 0 0 0 0 0 0 0 0 0 0 0 0 0 0 0 0 0 0 0 0 0 0 0 0 0 0 0 0 0 0 0 0 0 0 0 0 0 0 0 0 0 0 0 0 0 0 0 0 0 0 0 0 0 0 0 0 0 0 0 0 0 0 0 0 0 0 0 0 0 0 0 0 0 0 0 0 0 0 0 0 0 0 0 0 0 0 0 0 0 0 0 0 0 0 0 0 0 0 0 0 0 0 0 0 0 0 0 0 0 0 0 0 0 0 0 0 0 0 0 0 0 0 0 0 0 0 0 0 0 0 0 0 0 0 0 0 0 0 0 0 0 0 0 0 0 0 0 0 0 0 0 0 0 0 0 0 0 0 0 0 0 0 0 0 0 0 0 0 0 0 0 0 0 0 0 0 0 0 0 0 0 0 0 0 0 0 0 0 0 0 0 0 0 0 0 0 0 0 0 0 0 0 0 0 0 0 0 0 0 0 0 0 0 0 0 0 0 0 0 0 0 0 0 0 0 0 0 0 0 0 0 0 0 0 0 0 0 0 0 0 0 0 0 0 0 0 0 0 0 0 0 0 0 0 0 0 0 0 0 0 0 0 0 0 0 0 0 0 0 0 0 0 0 0 0 0 0 0 0 0 0 0 0 0 0 0 0 0 0 0 0 0 0 0 0 0 0 0 0 0 0 0 0 0 0 0 0 0 0 0 0 0 0 0 0 0 0 0 0 0 0 0 0 0 0 0 0 0 0 0 0 0 0 0 0 0 0 0 0 0 0 0 0 0 0.6875001 0.5625001 0.75 0.625 0.6875001 0.625 0.8125001 0.5625001 0.75 0.625 0.75 0.5625001 0.75 0.625 0.6875001 0.6875001 0.6875001 0.625 0.75 0.625 0.8125001 0.6875001 0.75 0.6875001 0.625 0.5 0.6875001 0.5625001 0.625 0.5625001 0.6875001 0.5000001 0.75 0.5625001 0.6875001 0.5625001 0.8125001 0.5000001 0.75 0.5625001 0.7500001 0.5000001 0.8750001 0.5000001 0.8125001 0.5625001 0.8125001 0.5000001 0.8750001 0.5625001 0.8125001 0.625 0.8125001 0.5625001 0.8125001 0.625 0.8750001 0.6875001 0.8125001 0.6875001 0.8125001 0.6875001 0.8750001 0.7500001 0.8125001 0.7500001 0.75 0.6875001 0.8125001 0.7500001 0.7500001 0.7500001 0.75 0.6875001 0.6875001 0.7500001 0.6875001 0.6875001 0.6875001 0.6875001 0.625 0.75 0.6250001 0.6875001 0.6875001 0.625 0.6250001 0.6875001 0.625 0.625 0.625 0.5625001 0.6875001 0.625 0.625 0.625 0.4375 0.8125001 0.5000001 0.8750001 0.4375 0.8750001 0.5625001 0.8125001 0.5000001 0.8750001 0.5000001 0.8125001 0.5000001 0.8750001 0.4375 0.9375001 0.4375 0.8750001 0.5000001 0.8750001 0.5625001 0.9375001 0.5000001 0.9375001 0.375 0.75 0.4375 0.8125001 0.375 0.8125001 0.4375 0.75 0.5000001 0.8125001 0.4375 0.8125001 0.5625001 0.7500001 0.5000001 0.8125001 0.5000001 0.75 0.625 0.75 0.5625001 0.8125001 0.5625001 0.7500001 0.6250001 0.8125001 0.5625001 0.8750001 0.5625001 0.8125001 0.5625001 0.8750001 0.6250001 0.9375001 0.5625001 0.9375001 0.5625001 0.9375001 0.6250001 1 0.5625001 1 0.5000001 0.9375001 0.5625001 1 0.5000001 1 0.5000001 0.9375001 0.4375 1 0.4375 0.9375001 0.4375 0.9375001 0.3750001 1 0.375 0.9375001 0.4375 0.8750001 0.375 0.9375001 0.375 0.8750001 0.375 0.8125001 0.4375 0.8750001 0.375 0.8750001 0.4375 0.0625 0.5000001 0.125 0.4375 0.125 0.5625001 0.0625 0.5000001 0.125 0.5000001 0.0625 0.5000001 0.125 0.4375 0.1875 0.4375 0.125 0.5000001 0.125 0.5625001 0.1875 0.5000001 0.1875 0.3750001 0 0.4375 0.0625 0.375 0.0625 0.4375 0 0.5000001 0.0625 0.4375 0.0625 0.5625001 0 0.5000001 0.0625 0.5000001 0 0.6250001 0 0.5625001 0.0625 0.5625001 0 0.6250001 0.0625 0.5625001 0.125 0.5625001 0.0625 0.5625001 0.125 0.6250001 0.1875 0.5625001 0.1875 0.5625001 0.1875 0.625 0.25 0.5625001 0.25 0.5000001 0.1875 0.5625001 0.25 0.5000001 0.25 0.5000001 0.1875 0.4375 0.25 0.4375 0.1875 0.4375 0.1875 0.375 0.25 0.375 0.1875 0.4375 0.125 0.375 0.1875 0.375 0.125 0.375 0.0625 0.4375 0.125 0.375 0.125 0.1875 0.5625001 0.25 0.625 0.1875 0.625 0.3125 0.5625001 0.25 0.625 0.25 0.5625001 0.25 0.625 0.1875 0.6875001 0.1875 0.625 0.25 0.625 0.3125 0.6875001 0.25 0.6875001 0.125 0.5000001 0.1875 0.5625001 0.125 0.5625001 0.1875 0.5000001 0.25 0.5625001 0.1875 0.5625001 0.3125001 0.5000001 0.25 0.5625001 0.25 0.5000001 0.375 0.5 0.3125 0.5625001 0.3125001 0.5000001 0.3750001 0.5625001 0.3125 0.625 0.3125 0.5625001 0.3125 0.625 0.375 0.6875001 0.3125 0.6875001 0.3125 0.6875001 0.375 0.75 0.3125001 0.7500001 0.25 0.6875001 0.3125001 0.7500001 0.25 0.7500001 0.25 0.6875001 0.1875 0.7500001 0.1875 0.6875001 0.1875 0.6875001 0.125 0.7500001 0.125 0.6875001 0.1875 0.625 0.125 0.6875001 0.125 0.6250001 0.125 0.5625001 0.1875 0.625 0.125 0.6250001 0.4375 0.5625001 0.5000001 0.625 0.4375 0.625 0.5625001 0.5625001 0.5000001 0.625 0.5000001 0.5625001 0.5000001 0.625 0.4375 0.6875001 0.4375 0.625 0.5000001 0.625 0.5625001 0.6875001 0.5000001 0.6875001 0.375 0.5 0.4375 0.5625001 0.3750001 0.5625001 0.4375 0.5000001 0.5000001 0.5625001 0.4375 0.5625001 0.5625001 0.5 0.5000001 0.5625001 0.5000001 0.5000001 0.625 0.5 0.5625001 0.5625001 0.5625001 0.5 0.625 0.5625001 0.5625001 0.625 0.5625001 0.5625001 0.5625001 0.625 0.6250001 0.6875001 0.5625001 0.6875001 0.5625001 0.6875001 0.625 0.75 0.5625001 0.7500001 0.5000001 0.6875001 0.5625001 0.7500001 0.5000001 0.75 0.5000001 0.6875001 0.4375 0.75 0.4375 0.6875001 0.4375 0.6875001 0.375 0.75 0.375 0.6875001 0.4375 0.625 0.375 0.6875001 0.3750001 0.625 0.3750001 0.5625001 0.4375 0.625 0.3750001 0.625 0.4375 0.3125 0.5000001 0.3750001 0.4375 0.3750001 0.5625001 0.3125 0.5000001 0.3750001 0.5000001 0.3125 0.5000001 0.3750001 0.4375 0.4375 0.4375 0.3750001 0.5000001 0.3750001 0.5625001 0.4375 0.5000001 0.4375 0.375 0.25 0.4375 0.3125 0.375 0.3125 0.4375 0.25 0.5000001 0.3125 0.4375 0.3125 0.5625001 0.25 0.5000001 0.3125 0.5000001 0.25 0.625 0.25 0.5625001 0.3125 0.5625001 0.25 0.6250001 0.3125 0.5625001 0.3750001 0.5625001 0.3125 0.5625001 0.3750001 0.6250001 0.4375 0.5625001 0.4375 0.5625001 0.4375 0.625 0.5 0.5625001 0.5 0.5000001 0.4375 0.5625001 0.5 0.5000001 0.5000001 0.5000001 0.4375 0.4375 0.5000001 0.4375 0.4375 0.4375 0.4375 0.375 0.5 0.375 0.4375 0.4375 0.3750001 0.375 0.4375 0.375 0.3750001 0.375 0.3125 0.4375 0.3750001 0.375 0.3750001 0.4670032 0.8750001 0.6250001 0.7500001 0.4686955 0.7500001 0.4686955 1 0.5868056 0.9618057 0.6250001 1 0.4773935 0.769105 0.5833333 0.7916667 0.4792149 0.7716308 0.482086 0.7763857 0.5625001 0.8125001 0.4888784 0.8042214 0.482086 0.9736145 0.5625 0.9375001 0.5797647 0.9547647 0.5833333 0.7916667 0.6097609 0.8750001 0.5797648 0.7952355 0.5833334 0.9583334 0.6097609 0.8750001 0.6145834 0.875 0.6097609 0.8750001 0.5625 0.9375001 0.5761961 0.8750001 0.6097609 0.8750001 0.5625001 0.8125001 0.5797648 0.7952355 0.4773934 0.9808951 0.5833334 0.9583334 0.5868056 0.9618057 0.5761961 0.8750001 0.4888784 0.9457789 0.4845449 0.875 0.4888784 0.8042214 0.5761961 0.8750001 0.4845449 0.875 0.4792149 0.7716308 0.5797648 0.7952355 0.482086 0.7763857 0.4686955 0.7500001 0.5868055 0.7881945 0.4773935 0.769105 0.4670032 0.8750001 0.6250001 1 0.6250001 0.8750001 0.4792149 0.9783693 0.5797647 0.9547647 0.5833334 0.9583334 0.6250001 0.7500001 0.6163195 0.875 0.5868055 0.7881945 0.6250001 1 0.6163195 0.875 0.6250001 0.8750001 0.5868056 0.9618057 0.6145834 0.875 0.6163195 0.875 0.5868055 0.7881945 0.6145834 0.875 0.5833333 0.7916667 0.4598905 0.7500002 0.4670032 0.8750001 0.4686955 0.7500001 0.4798801 0.945297 0.4845449 0.875 0.4888784 0.9457789 0.4733788 0.9778906 0.482086 0.9736145 0.4792149 0.9783693 0.47988 0.8047031 0.482086 0.7763857 0.4888784 0.8042214 0.4722414 0.7694875 0.4792149 0.7716308 0.4733788 0.7721095 0.4598906 1 0.4773934 0.9808951 0.4686955 1 0.4792149 0.9783693 0.4722414 0.9805125 0.4733788 0.9778906 0.4773935 0.769105 0.4598905 0.7500002 0.4686955 0.7500001 0.482086 0.7763857 0.4733788 0.7721095 0.4792149 0.7716308 0.482086 0.9736145 0.4798801 0.945297 0.4888784 0.9457789 0.4845449 0.875 0.47988 0.8047031 0.4888784 0.8042214 0.4670032 0.8750001 0.4598906 1 0.4686955 1 0.4375 0.0625 0.5000001 0.125 0.5000001 0.0625 0.5000001 0.125 0.5625001 0.0625 0.5000001 0.0625 0.4375 0.1875 0.5000001 0.125 0.4375 0.125 0.5000001 0.125 0.5625001 0.1875 0.5625001 0.125 0.3750001 0 0.4375 0.0625 0.4375 0 0.4375 0 0.5000001 0.0625 0.5000001 0 0.5000001 0.0625 0.5625001 0 0.5000001 0 0.5625001 0.0625 0.6250001 0 0.5625001 0 0.5625001 0.125 0.6250001 0.0625 0.5625001 0.0625 0.5625001 0.125 0.6250001 0.1875 0.6250001 0.125 0.5625001 0.1875 0.625 0.25 0.6250001 0.1875 0.5000001 0.1875 0.5625001 0.25 0.5625001 0.1875 0.4375 0.25 0.5000001 0.1875 0.4375 0.1875 0.375 0.25 0.4375 0.1875 0.375 0.1875 0.375 0.1875 0.4375 0.125 0.375 0.125 0.375 0.0625 0.4375 0.125 0.4375 0.0625 0.4375 0.3125 0.5000001 0.3750001 0.5000001 0.3125 0.5000001 0.3750001 0.5625001 0.3125 0.5000001 0.3125 0.4375 0.4375 0.5000001 0.3750001 0.4375 0.3750001 0.5000001 0.3750001 0.5625001 0.4375 0.5625001 0.3750001 0.375 0.25 0.4375 0.3125 0.4375 0.25 0.4375 0.25 0.5000001 0.3125 0.5000001 0.25 0.5000001 0.3125 0.5625001 0.25 0.5000001 0.25 0.5625001 0.3125 0.625 0.25 0.5625001 0.25 0.5625001 0.3750001 0.6250001 0.3125 0.5625001 0.3125 0.5625001 0.3750001 0.6250001 0.4375 0.6250001 0.3750001 0.5625001 0.4375 0.625 0.5 0.6250001 0.4375 0.5000001 0.4375 0.5625001 0.5 0.5625001 0.4375 0.4375 0.5000001 0.5000001 0.4375 0.4375 0.4375 0.375 0.5 0.4375 0.4375 0.375 0.4375 0.375 0.4375 0.4375 0.3750001 0.375 0.3750001 0.375 0.3125 0.4375 0.3750001 0.4375 0.3125 0.4375 0.5625001 0.5000001 0.625 0.5000001 0.5625001 0.5000001 0.625 0.5625001 0.5625001 0.5000001 0.5625001 0.4375 0.6875001 0.5000001 0.625 0.4375 0.625 0.5000001 0.625 0.5625001 0.6875001 0.5625001 0.625 0.375 0.5 0.4375 0.5625001 0.4375 0.5000001 0.4375 0.5000001 0.5000001 0.5625001 0.5000001 0.5000001 0.5000001 0.5625001 0.5625001 0.5 0.5000001 0.5000001 0.5625001 0.5625001 0.625 0.5 0.5625001 0.5 0.5625001 0.625 0.625 0.5625001 0.5625001 0.5625001 0.5625001 0.625 0.6250001 0.6875001 0.625 0.625 0.5625001 0.6875001 0.625 0.75 0.6250001 0.6875001 0.5000001 0.6875001 0.5625001 0.7500001 0.5625001 0.6875001 0.4375 0.75 0.5000001 0.6875001 0.4375 0.6875001 0.375 0.75 0.4375 0.6875001 0.375 0.6875001 0.375 0.6875001 0.4375 0.625 0.3750001 0.625 0.3750001 0.5625001 0.4375 0.625 0.4375 0.5625001 0.4375 0.8125001 0.5000001 0.8750001 0.5000001 0.8125001 0.5000001 0.8750001 0.5625001 0.8125001 0.5000001 0.8125001 0.4375 0.9375001 0.5000001 0.8750001 0.4375 0.8750001 0.5000001 0.8750001 0.5625001 0.9375001 0.5625001 0.8750001 0.375 0.75 0.4375 0.8125001 0.4375 0.75 0.4375 0.75 0.5000001 0.8125001 0.5000001 0.75 0.5000001 0.8125001 0.5625001 0.7500001 0.5000001 0.75 0.5625001 0.8125001 0.625 0.75 0.5625001 0.7500001 0.5625001 0.8750001 0.6250001 0.8125001 0.5625001 0.8125001 0.5625001 0.8750001 0.6250001 0.9375001 0.6250001 0.8750001 0.5625001 0.9375001 0.6250001 1 0.6250001 0.9375001 0.5000001 0.9375001 0.5625001 1 0.5625001 0.9375001 0.4375 1 0.5000001 0.9375001 0.4375 0.9375001 0.3750001 1 0.4375 0.9375001 0.375 0.9375001 0.375 0.9375001 0.4375 0.8750001 0.375 0.8750001 0.375 0.8125001 0.4375 0.8750001 0.4375 0.8125001 0.1875 0.5625001 0.25 0.625 0.25 0.5625001 0.25 0.625 0.3125 0.5625001 0.25 0.5625001 0.1875 0.6875001 0.25 0.625 0.1875 0.625 0.25 0.625 0.3125 0.6875001 0.3125 0.625 0.125 0.5000001 0.1875 0.5625001 0.1875 0.5000001 0.1875 0.5000001 0.25 0.5625001 0.25 0.5000001 0.25 0.5625001 0.3125001 0.5000001 0.25 0.5000001 0.3125 0.5625001 0.375 0.5 0.3125001 0.5000001 0.3125 0.625 0.3750001 0.5625001 0.3125 0.5625001 0.3125 0.625 0.375 0.6875001 0.3750001 0.625 0.3125 0.6875001 0.375 0.75 0.375 0.6875001 0.25 0.6875001 0.3125001 0.7500001 0.3125 0.6875001 0.1875 0.7500001 0.25 0.6875001 0.1875 0.6875001 0.125 0.7500001 0.1875 0.6875001 0.125 0.6875001 0.125 0.6875001 0.1875 0.625 0.125 0.6250001 0.125 0.5625001 0.1875 0.625 0.1875 0.5625001 0.6875001 0.5625001 0.75 0.625 0.75 0.5625001 0.75 0.625 0.8125001 0.5625001 0.75 0.5625001 0.6875001 0.6875001 0.75 0.625 0.6875001 0.625 0.75 0.625 0.8125001 0.6875001 0.8125001 0.625 0.625 0.5 0.6875001 0.5625001 0.6875001 0.5000001 0.6875001 0.5000001 0.75 0.5625001 0.7500001 0.5000001 0.75 0.5625001 0.8125001 0.5000001 0.7500001 0.5000001 0.8125001 0.5625001 0.8750001 0.5000001 0.8125001 0.5000001 0.8125001 0.625 0.8750001 0.5625001 0.8125001 0.5625001 0.8125001 0.625 0.8750001 0.6875001 0.8750001 0.6250001 0.8125001 0.6875001 0.8750001 0.7500001 0.8750001 0.6875001 0.75 0.6875001 0.8125001 0.7500001 0.8125001 0.6875001 0.6875001 0.7500001 0.75 0.6875001 0.6875001 0.6875001 0.625 0.75 0.6875001 0.6875001 0.6250001 0.6875001 0.6250001 0.6875001 0.6875001 0.625 0.625 0.625 0.625 0.5625001 0.6875001 0.625 0.6875001 0.5625001 0.1875 0.625 0.25 0.5625001 0.1875 0.5625001 0.1875 0.625 0.25 0.6875001 0.25 0.625 0.25 0.5625001 0.3125 0.625 0.3125 0.5625001 0.25 0.6875001 0.3125 0.625 0.25 0.625 0.125 0.5625001 0.1875 0.5000001 0.125 0.5000001 0.125 0.6250001 0.1875 0.5625001 0.125 0.5625001 0.125 0.6250001 0.1875 0.6875001 0.1875 0.625 0.125 0.6875001 0.1875 0.7500001 0.1875 0.6875001 0.1875 0.6875001 0.25 0.7500001 0.25 0.6875001 0.25 0.7500001 0.3125 0.6875001 0.25 0.6875001 0.3125001 0.7500001 0.375 0.6875001 0.3125 0.6875001 0.3125 0.6875001 0.375 0.6250001 0.3125 0.625 0.3125 0.5625001 0.375 0.6250001 0.375 0.5625001 0.3125001 0.5000001 0.375 0.5625001 0.3750001 0.5000001 0.25 0.5000001 0.3125 0.5625001 0.3125001 0.5000001 0.1875 0.5625001 0.25 0.5000001 0.1875 0.5000001 0.25 0.5833574 0.2083575 0.6250001 0.2104803 0.5854804 0.25 0.5833574 0.2916426 0.6250001 0.25 0.625 0.2083575 0.6250001 0.25 0.6666427 0.2104803 0.6645197 0.2916426 0.6250001 0.25 0.6666427 0.25 0.625 0.2129188 0.5533835 0.1783834 0.5879188 0.1875 0.5625 0.25 0.5488041 0.2104803 0.5854804 0.2129188 0.5533835 0.25 0.5488041 0.2895197 0.5854804 0.25 0.5833574 0.2870813 0.5533835 0.3216166 0.5879188 0.2895197 0.5854804 0.2895197 0.5854804 0.326196 0.6250001 0.2916426 0.6250001 0.326196 0.6250001 0.2895197 0.6645198 0.2916426 0.6250001 0.3216167 0.6620814 0.2870813 0.6966167 0.2895197 0.6645198 0.2895197 0.6645198 0.25 0.701196 0.25 0.6666427 0.2104803 0.6645197 0.25 0.701196 0.2129188 0.6966166 0.1783834 0.6620814 0.2129188 0.6966166 0.1875 0.6875001 0.173804 0.6250001 0.2104803 0.6645197 0.1783834 0.6620814 0.2104803 0.5854804 0.173804 0.6250001 0.1783834 0.5879188 0.3032212 0.7397778 0.25 0.736497 0.2959949 0.7298539 0.1967788 0.7397779 0.25 0.736497 0.25 0.7444059 0.25 0.736497 0.2900637 0.7170144 0.2959949 0.7298539 0.25 0.736497 0.2099363 0.7170144 0.25 0.7235485 0.3750001 0.7500001 0.3032212 0.7397778 0.3454741 0.7204741 0.3125001 0.7500001 0.25 0.7444059 0.3032212 0.7397778 0.1875 0.7500001 0.25 0.7444059 0.25 0.7500001 0.125 0.7500001 0.1967788 0.7397779 0.1875 0.7500001 0.1545259 0.7204741 0.2040051 0.7298539 0.1967788 0.7397779 0.2040051 0.7298539 0.1775033 0.6974968 0.2099363 0.7170144 0.2099363 0.7170144 0.1875 0.6875001 0.2129188 0.6966166 0.25 0.7235485 0.2129188 0.6966166 0.25 0.701196 0.25 0.7235485 0.2870813 0.6966167 0.2900637 0.7170144 0.2900637 0.7170144 0.3125 0.6875001 0.3224967 0.6974968 0.2959949 0.7298539 0.3224967 0.6974968 0.3332369 0.7082369 0.3454741 0.7204741 0.2959949 0.7298539 0.3332369 0.7082369 0.1967788 0.5102223 0.25 0.5135031 0.2040051 0.5201462 0.3032212 0.5102223 0.25 0.5135031 0.25 0.5055941 0.25 0.5135031 0.2099363 0.5329856 0.2040051 0.5201462 0.25 0.5135031 0.2900637 0.5329857 0.25 0.5264517 0.125 0.5000001 0.1967788 0.5102223 0.1545259 0.529526 0.1875 0.5000001 0.25 0.5055941 0.1967788 0.5102223 0.3125001 0.5000001 0.25 0.5055941 0.25 0.5000001 0.3750001 0.5000001 0.3032212 0.5102223 0.3125001 0.5000001 0.3454741 0.529526 0.2959949 0.5201461 0.3032212 0.5102223 0.2959949 0.5201461 0.3224967 0.5525034 0.2900637 0.5329857 0.2900637 0.5329857 0.3125 0.5625001 0.2870813 0.5533835 0.25 0.5264517 0.2870813 0.5533835 0.25 0.5488041 0.25 0.5264517 0.2129188 0.5533835 0.2099363 0.5329856 0.2099363 0.5329856 0.1875 0.5625 0.1775033 0.5525034 0.2040051 0.5201462 0.1775033 0.5525034 0.1667631 0.5417631 0.1545259 0.529526 0.2040051 0.5201462 0.1667631 0.5417631 0.3647778 0.5717789 0.3614969 0.6250001 0.3548539 0.5790051 0.3647778 0.6782212 0.3614969 0.6250001 0.3694059 0.6250001 0.3614969 0.6250001 0.3420144 0.5849364 0.3548539 0.5790051 0.3614969 0.6250001 0.3420144 0.6650638 0.3485485 0.6250001 0.3750001 0.5000001 0.3647778 0.5717789 0.3454741 0.529526 0.375 0.5625001 0.3694059 0.6250001 0.3647778 0.5717789 0.375 0.6875001 0.3694059 0.6250001 0.375 0.6250001 0.3750001 0.7500001 0.3647778 0.6782212 0.375 0.6875001 0.3454741 0.7204741 0.3548539 0.6709949 0.3647778 0.6782212 0.3548539 0.6709949 0.3224967 0.6974968 0.3420144 0.6650638 0.3420144 0.6650638 0.3125 0.6875001 0.3216167 0.6620814 0.3485485 0.6250001 0.3216167 0.6620814 0.326196 0.6250001 0.3485485 0.6250001 0.3216166 0.5879188 0.3420144 0.5849364 0.3420144 0.5849364 0.3125 0.5625001 0.3224967 0.5525034 0.3548539 0.5790051 0.3224967 0.5525034 0.3332369 0.5417632 0.3454741 0.529526 0.3548539 0.5790051 0.3332369 0.5417632 0.1352223 0.6782212 0.1385031 0.6250001 0.1451461 0.6709949 0.1352223 0.5717789 0.1385031 0.6250001 0.1305941 0.6250001 0.1385031 0.6250001 0.1579856 0.6650637 0.1451461 0.6709949 0.1385031 0.6250001 0.1579856 0.5849364 0.1514516 0.6250001 0.125 0.7500001 0.1352223 0.6782212 0.1545259 0.7204741 0.125 0.6875001 0.1305941 0.6250001 0.1352223 0.6782212 0.125 0.5625001 0.1305941 0.6250001 0.125 0.6250001 0.125 0.5000001 0.1352223 0.5717789 0.125 0.5625001 0.1545259 0.529526 0.1451461 0.5790051 0.1352223 0.5717789 0.1451461 0.5790051 0.1775033 0.5525034 0.1579856 0.5849364 0.1579856 0.5849364 0.1875 0.5625 0.1783834 0.5879188 0.1514516 0.6250001 0.1783834 0.5879188 0.173804 0.6250001 0.1514516 0.6250001 0.1783834 0.6620814 0.1579856 0.6650637 0.1579856 0.6650637 0.1875 0.6875001 0.1775033 0.6974968 0.1451461 0.6709949 0.1775033 0.6974968 0.1667631 0.708237 0.1545259 0.7204741 0.1451461 0.6709949 0.1667631 0.708237 0.1875 0.7118746 0.25 0.7255756 0.25 0.7104914 0.1875 0.7259981 0.25 0.7382947 0.25 0.7255756 0.25 0.7255756 0.3125 0.7118746 0.25 0.7104914 0.25 0.7382947 0.3125 0.725998 0.25 0.7255756 0.125 0.7038543 0.1875 0.7118746 0.1875 0.6927039 0.125 0.7153909 0.1875 0.7259981 0.1875 0.7118746 0.125 0.7269272 0.1875 0.7383475 0.1875 0.7259981 0.125 0.7384636 0.1875 0.7500001 0.1875 0.7383475 0.1875 0.7383475 0.25 0.7500001 0.25 0.7382947 0.25 0.7500001 0.3125 0.7383475 0.25 0.7382947 0.3125001 0.7500001 0.3750001 0.7384637 0.3125 0.7383475 0.3125 0.7383475 0.3750001 0.7269272 0.3125 0.725998 0.3125 0.725998 0.3750001 0.7153909 0.3125 0.7118746 0.3125 0.7118746 0.3750001 0.7038544 0.3125 0.6927039 0.25 0.7104914 0.3125 0.6927039 0.25 0.6903386 0.1875 0.6927039 0.25 0.7104914 0.25 0.6903386 0.2046727 0.7083815 0.25 0.7236891 0.2063922 0.7235646 0.25 0.7083971 0.2936078 0.7235647 0.25 0.7236891 0.2063922 0.7235646 0.25 0.7342089 0.2102347 0.7338015 0.25 0.7236891 0.2897654 0.7338016 0.25 0.7342089 0.1666666 0.6876355 0.2046727 0.7083815 0.1671127 0.708366 0.2044271 0.6876356 0.25 0.7083971 0.2046727 0.7083815 0.25 0.6876355 0.2953273 0.7083815 0.25 0.7083971 0.2955729 0.6876356 0.3328873 0.708366 0.2953273 0.7083815 0.2953273 0.7083815 0.3297647 0.7234399 0.2936078 0.7235647 0.2936078 0.7235647 0.3220627 0.7333359 0.2897654 0.7338016 0.2897654 0.7338016 0.3125 0.7384636 0.2870813 0.7401464 0.25 0.7342089 0.2870813 0.7401464 0.25 0.7409916 0.2102347 0.7338015 0.25 0.7409916 0.2129188 0.7401463 0.2102347 0.7338015 0.1875 0.7384636 0.1779373 0.7333359 0.2063922 0.7235646 0.1779373 0.7333359 0.1702353 0.7234399 0.2046727 0.7083815 0.1702353 0.7234399 0.1671127 0.708366 0.1281226 0.5316502 0.1307267 0.5504592 0.1259599 0.5484794 0.1349133 0.517522 0.1343557 0.5328515 0.1281226 0.5316502 0.1343557 0.5328515 0.1431327 0.5512459 0.1307267 0.5504592 0.1446277 0.519418 0.1470149 0.5335931 0.1343557 0.5328515 0.125 0.5452966 0.125651 0.5700573 0.125 0.5603953 0.125 0.5301977 0.1259599 0.5484794 0.125 0.5452966 0.125 0.5150989 0.1281226 0.5316502 0.125 0.5301977 0.125 0.5 0.1349133 0.517522 0.125 0.5150989 0.1545259 0.507133 0.1446277 0.519418 0.1349133 0.517522 0.1667631 0.5100892 0.157431 0.5209435 0.1446277 0.519418 0.1775033 0.5126839 0.1779373 0.5216948 0.157431 0.5209435 0.157431 0.5209435 0.1702353 0.5338389 0.1470149 0.5335931 0.1470149 0.5335931 0.1671127 0.5513758 0.1431327 0.5512459 0.1431327 0.5512459 0.1666666 0.5742393 0.1425781 0.5740951 0.1307267 0.5504592 0.1425781 0.5740951 0.1302083 0.5730856 0.1259599 0.5484794 0.1302083 0.5730856 0.125651 0.5700573 0.25 0.7489675 0.2959949 0.7462815 0.3032212 0.7481132 0.1967788 0.7481132 0.25 0.7475076 0.25 0.7489675 0.25 0.7475076 0.2900637 0.7439115 0.2959949 0.7462815 0.25 0.7475076 0.2099363 0.7439115 0.25 0.7451175 0.3750001 0.7500001 0.3032212 0.7481132 0.3454741 0.7445501 0.25 0.7500001 0.3032212 0.7481132 0.3125001 0.7500001 0.1875 0.7500001 0.25 0.7489675 0.25 0.7500001 0.125 0.7500001 0.1967788 0.7481132 0.1875 0.7500001 0.1967788 0.7481132 0.1667631 0.7422913 0.2040051 0.7462815 0.2040051 0.7462815 0.1775033 0.7403088 0.2099363 0.7439115 0.2099363 0.7439115 0.1875 0.7384636 0.2129188 0.7401463 0.25 0.7451175 0.2129188 0.7401463 0.25 0.7409916 0.25 0.7451175 0.2870813 0.7401464 0.2900637 0.7439115 0.2900637 0.7439115 0.3125 0.7384636 0.3224967 0.7403088 0.2959949 0.7462815 0.3224967 0.7403088 0.3332369 0.7422912 0.3032212 0.7481132 0.3332369 0.7422912 0.3454741 0.7445501 0.2525801 0.5007282 0.2046321 0.5047156 0.1971014 0.5023916 0.3128225 0.50015 0.2550154 0.5020505 0.2525801 0.5007282 0.2550154 0.5020505 0.2108165 0.5077595 0.2046321 0.5047156 0.3131269 0.5007281 0.2570409 0.5047155 0.2550154 0.5020505 0.1875 0.5000001 0.1545259 0.507133 0.125 0.5 0.25 0.5000001 0.1971014 0.5023916 0.1875 0.5000001 0.3125001 0.5000001 0.2525801 0.5007282 0.25 0.5000001 0.3750001 0.5000001 0.3128225 0.50015 0.3125001 0.5000001 0.3128225 0.50015 0.375 0.5000001 0.3131269 0.5007281 0.3131269 0.5007281 0.375 0.5000001 0.3133801 0.5023916 0.3133801 0.5023916 0.375 0.5 0.3134886 0.507133 0.3133801 0.5023916 0.257909 0.5100892 0.2570409 0.5047155 0.2570409 0.5047155 0.2139074 0.5126839 0.2108165 0.5077595 0.2108165 0.5077595 0.1875 0.5150989 0.1775033 0.5126839 0.2046321 0.5047156 0.1775033 0.5126839 0.1667631 0.5100892 0.1971014 0.5023916 0.1667631 0.5100892 0.1545259 0.507133 0.3718774 0.7254796 0.3692733 0.7094042 0.3740401 0.7116937 0.3650867 0.73657 0.3656443 0.724312 0.3718774 0.7254796 0.3656443 0.724312 0.3568673 0.7085074 0.3692733 0.7094042 0.3553724 0.7350902 0.3529852 0.7236425 0.3656443 0.724312 0.3750001 0.7153909 0.374349 0.692535 0.3750001 0.7038544 0.3750001 0.7269272 0.3740401 0.7116937 0.3750001 0.7153909 0.3750001 0.7384637 0.3718774 0.7254796 0.3750001 0.7269272 0.3750001 0.7500001 0.3650867 0.73657 0.3750001 0.7384637 0.3454741 0.7445501 0.3553724 0.7350902 0.3650867 0.73657 0.3332369 0.7422912 0.342569 0.7339117 0.3553724 0.7350902 0.3224967 0.7403088 0.3220627 0.7333359 0.342569 0.7339117 0.342569 0.7339117 0.3297647 0.7234399 0.3529852 0.7236425 0.3529852 0.7236425 0.3328873 0.708366 0.3568673 0.7085074 0.3568673 0.7085074 0.3333333 0.6876355 0.3574219 0.6878044 0.3692733 0.7094042 0.3574219 0.6878044 0.3697917 0.6889871 0.3740401 0.7116937 0.3697917 0.6889871 0.374349 0.692535 0.3746881 0.5961386 0.3706598 0.6304354 0.3725043 0.5960489 0.3744575 0.6311534 0.3699002 0.6621187 0.3706598 0.6304354 0.3725043 0.5960489 0.3599175 0.6301758 0.3656548 0.5960886 0.3706598 0.6304354 0.3577339 0.6612732 0.3599175 0.6301758 0.3750001 0.5603953 0.3746881 0.5961386 0.375 0.5603954 0.3750001 0.5962601 0.3744575 0.6311534 0.3746881 0.5961386 0.3750001 0.6321249 0.3743626 0.664352 0.3744575 0.6311534 0.3750001 0.6679897 0.374349 0.692535 0.3743626 0.664352 0.3743626 0.664352 0.3697917 0.6889871 0.3699002 0.6621187 0.3699002 0.6621187 0.3574219 0.6878044 0.3577339 0.6612732 0.3574219 0.6878044 0.3337674 0.6611834 0.3577339 0.6612732 0.3599175 0.6301758 0.3337674 0.6611834 0.3368056 0.6303859 0.3656548 0.5960886 0.3368056 0.6303859 0.3458659 0.5968719 0.3750001 0.5603954 0.3458659 0.5968719 0.375 0.5603954 0.3750001 0.5603954 0.3656548 0.5960886 0.3750001 0.5603954 0.375 0.5603954 0.3725043 0.5960489 0.3750001 0.5603954 0.1349133 0.73657 0.1343557 0.7243119 0.1446277 0.7350901 0.1281226 0.7254795 0.1307268 0.7094042 0.1343557 0.7243119 0.1446277 0.7350901 0.1470149 0.7236425 0.157431 0.7339117 0.1343557 0.7243119 0.1431327 0.7085074 0.1470149 0.7236425 0.125 0.7500001 0.1349133 0.73657 0.1545259 0.7445501 0.125 0.7384636 0.1281226 0.7254795 0.1349133 0.73657 0.125 0.7269272 0.1259599 0.7116936 0.1281226 0.7254795 0.125 0.7153909 0.125651 0.692535 0.1259599 0.7116936 0.1259599 0.7116936 0.1302083 0.6889871 0.1307268 0.7094042 0.1307268 0.7094042 0.1425781 0.6878045 0.1431327 0.7085074 0.1431327 0.7085074 0.1666666 0.6876355 0.1671127 0.708366 0.1470149 0.7236425 0.1671127 0.708366 0.1702353 0.7234399 0.157431 0.7339117 0.1702353 0.7234399 0.1779373 0.7333359 0.1775033 0.7403088 0.1779373 0.7333359 0.1875 0.7384636 0.1667631 0.7422913 0.157431 0.7339117 0.1775033 0.7403088 0.1545259 0.7445501 0.1446277 0.7350901 0.1667631 0.7422913 0.2047526 0.6017435 0.2508681 0.6315397 0.2045356 0.631792 0.2526042 0.601018 0.2980686 0.6309629 0.2508681 0.6315397 0.2045356 0.631792 0.2501085 0.6613276 0.2044407 0.661359 0.2508681 0.6315397 0.2958849 0.6612554 0.2501085 0.6613276 0.1666666 0.5742393 0.2047526 0.6017435 0.1666666 0.6018472 0.2049696 0.5740951 0.2526042 0.601018 0.2047526 0.6017435 0.2543403 0.5730857 0.3035753 0.5991883 0.2526042 0.601018 0.375 0.5603954 0.3035753 0.5991883 0.3105469 0.5700753 0.3035753 0.5991883 0.3368056 0.6303859 0.2980686 0.6309629 0.2980686 0.6309629 0.3337674 0.6611834 0.2958849 0.6612554 0.2958849 0.6612554 0.3333333 0.6876355 0.2955729 0.6876356 0.2501085 0.6613276 0.2955729 0.6876356 0.25 0.6876355 0.2044407 0.661359 0.25 0.6876355 0.2044271 0.6876356 0.1666666 0.6613637 0.2044271 0.6876356 0.1666666 0.6876355 0.1666666 0.631828 0.2044407 0.661359 0.1666666 0.6613637 0.1666666 0.6018472 0.2045356 0.631792 0.1666666 0.631828 0.1875 0.6319888 0.2498915 0.6002732 0.1874864 0.5991453 0.1875 0.6645727 0.25 0.631927 0.1875 0.6319888 0.2498915 0.6002732 0.3125 0.6319888 0.3122694 0.5991453 0.25 0.631927 0.3125 0.6645725 0.3125 0.6319888 0.125 0.5962601 0.1873915 0.5699131 0.125 0.5603953 0.125 0.6321249 0.1874864 0.5991453 0.125 0.5962601 0.125 0.6679896 0.1875 0.6319888 0.125 0.6321249 0.125 0.7038543 0.1875 0.6645727 0.125 0.6679896 0.1875 0.6645727 0.25 0.6903386 0.25 0.6632344 0.25 0.6632344 0.3125 0.6927039 0.3125 0.6645725 0.3125 0.6645725 0.3750001 0.7038544 0.3750001 0.6679897 0.3125 0.6319888 0.3750001 0.6679897 0.3750001 0.6321249 0.3122694 0.5991453 0.3750001 0.6321249 0.3750001 0.5962601 0.3098958 0.5699311 0.3750001 0.5962601 0.3750001 0.5603953 0.2491319 0.571932 0.3122694 0.5991453 0.3098958 0.5699311 0.1874864 0.5991453 0.2491319 0.571932 0.1873915 0.5699131 0.1872016 0.5151981 0.2465278 0.5313513 0.2476128 0.5152431 0.187188 0.5482978 0.2465278 0.5313513 0.187066 0.5309908 0.2476128 0.5152431 0.2999132 0.5310269 0.3034668 0.5152025 0.2465278 0.5313513 0.3032363 0.5483744 0.2999132 0.5310269 0.125 0.5 0.1872016 0.5151981 0.1875 0.5000001 0.125 0.5301977 0.1872016 0.5151981 0.125 0.5150989 0.125 0.5452966 0.187066 0.5309908 0.125 0.5301977 0.125 0.5603953 0.187188 0.5482978 0.125 0.5452966 0.1873915 0.5699131 0.2475043 0.5494785 0.187188 0.5482978 0.2475043 0.5494785 0.3098958 0.5699311 0.3032363 0.5483744 0.3032363 0.5483744 0.3750001 0.5603953 0.3462999 0.5461617 0.2999132 0.5310269 0.3462999 0.5461617 0.3402778 0.5304861 0.3034668 0.5152025 0.3402778 0.5304861 0.3463542 0.5151349 0.3125001 0.5000001 0.3463542 0.5151349 0.3750001 0.5000001 0.25 0.5000001 0.3034668 0.5152025 0.3125001 0.5000001 0.1875 0.5000001 0.2476128 0.5152431 0.25 0.5000001 0.2111284 0.5209435 0.2558835 0.5328515 0.2071277 0.5335931 0.2571494 0.5194179 0.3132354 0.5316503 0.2558835 0.5328515 0.2071277 0.5335931 0.2551842 0.5504592 0.2053207 0.551246 0.2558835 0.5328515 0.3129311 0.5484796 0.2551842 0.5504592 0.1875 0.5150989 0.2111284 0.5209435 0.1779373 0.5216948 0.2139074 0.5126839 0.2571494 0.5194179 0.2111284 0.5209435 0.3134886 0.507133 0.2571494 0.5194179 0.257909 0.5100892 0.375 0.5 0.3133937 0.5175221 0.3134886 0.507133 0.375 0.5150989 0.3132354 0.5316503 0.3133937 0.5175221 0.3750001 0.5301977 0.3129311 0.5484796 0.3132354 0.5316503 0.3750001 0.5452966 0.3105469 0.5700753 0.3129311 0.5484796 0.2551842 0.5504592 0.3105469 0.5700753 0.2543403 0.5730857 0.2053207 0.551246 0.2543403 0.5730857 0.2049696 0.5740951 0.1671127 0.5513758 0.2049696 0.5740951 0.1666666 0.5742393 0.1702353 0.5338389 0.2053207 0.551246 0.1671127 0.5513758 0.1779373 0.5216948 0.2071277 0.5335931 0.1702353 0.5338389 0.3659669 0.5151033 0.3715277 0.5301977 0.3726128 0.5150989 0.3624132 0.5302338 0.3726128 0.5452965 0.3715277 0.5301977 0.3726128 0.5150989 0.374566 0.5301977 0.3747016 0.5150989 0.3715277 0.5301977 0.3747016 0.5452966 0.374566 0.5301977 0.3750001 0.5000001 0.3659669 0.5151033 0.375 0.5000001 0.3463542 0.5151349 0.3624132 0.5302338 0.3659669 0.5151033 0.3402778 0.5304861 0.3659669 0.5453732 0.3624132 0.5302338 0.3462999 0.5461617 0.375 0.5603954 0.3659669 0.5453732 0.3659669 0.5453732 0.3750001 0.5603954 0.3726128 0.5452965 0.3726128 0.5452965 0.3750001 0.5603954 0.3747016 0.5452966 0.3747016 0.5452966 0.375 0.5603954 0.3750001 0.5452966 0.374566 0.5301977 0.3750001 0.5452966 0.3750001 0.5301977 0.3747016 0.5150989 0.3750001 0.5301977 0.375 0.5150989 0.375 0.5000001 0.375 0.5150989 0.375 0.5 0.375 0.5000001 0.3747016 0.5150989 0.375 0.5000001 0.375 0.5000001 0.3726128 0.5150989 0.375 0.5000001 0.125651 0.6319826 0.1302083 0.662299 0.125651 0.6644557 0.125651 0.5992437 0.1302083 0.6318775 0.125651 0.6319826 0.1302083 0.6318775 0.1425781 0.6614805 0.1302083 0.662299 0.1302083 0.6010602 0.1425781 0.6318342 0.1302083 0.6318775 0.125 0.6679896 0.125651 0.692535 0.125 0.7038543 0.125 0.6321249 0.125651 0.6644557 0.125 0.6679896 0.125 0.5962601 0.125651 0.6319826 0.125 0.6321249 0.125 0.5603953 0.125651 0.5992437 0.125 0.5962601 0.125651 0.5700573 0.1302083 0.6010602 0.125651 0.5992437 0.1302083 0.5730856 0.1425781 0.6017488 0.1302083 0.6010602 0.1425781 0.5740951 0.1666666 0.6018472 0.1425781 0.6017488 0.1425781 0.6017488 0.1666666 0.631828 0.1425781 0.6318342 0.1425781 0.6318342 0.1666666 0.6613637 0.1425781 0.6614805 0.1425781 0.6614805 0.1666666 0.6876355 0.1425781 0.6878045 0.1302083 0.662299 0.1425781 0.6878045 0.1302083 0.6889871 0.125651 0.6644557 0.1302083 0.6889871 0.125651 0.692535 0.1875 0.7118746 0.25 0.7255756 0.25 0.7104914 0.1875 0.7259981 0.25 0.7382947 0.25 0.7255756 0.25 0.7255756 0.3125 0.7118746 0.25 0.7104914 0.25 0.7382947 0.3125 0.725998 0.25 0.7255756 0.125 0.7038543 0.1875 0.7118746 0.1875 0.6927039 0.125 0.7153909 0.1875 0.7259981 0.1875 0.7118746 0.125 0.7269272 0.1875 0.7383475 0.1875 0.7259981 0.125 0.7384636 0.1875 0.7500001 0.1875 0.7383475 0.1875 0.7383475 0.25 0.7500001 0.25 0.7382947 0.25 0.7500001 0.3125 0.7383475 0.25 0.7382947 0.3125001 0.7500001 0.3750001 0.7384637 0.3125 0.7383475 0.3125 0.7383475 0.3750001 0.7269272 0.3125 0.725998 0.3125 0.725998 0.3750001 0.7153909 0.3125 0.7118746 0.3125 0.7118746 0.3750001 0.7038544 0.3125 0.6927039 0.25 0.7104914 0.3125 0.6927039 0.25 0.6903386 0.1875 0.6927039 0.25 0.7104914 0.25 0.6903386 0.25 0.7083971 0.2063922 0.7235646 0.2046727 0.7083815 0.2953273 0.7083815 0.25 0.7236891 0.25 0.7083971 0.25 0.7236891 0.2102347 0.7338015 0.2063922 0.7235646 0.2936078 0.7235647 0.25 0.7342089 0.25 0.7236891 0.2044271 0.6876356 0.1671127 0.708366 0.1666666 0.6876355 0.25 0.6876355 0.2046727 0.7083815 0.2044271 0.6876356 0.2955729 0.6876356 0.25 0.7083971 0.25 0.6876355 0.2955729 0.6876356 0.3328873 0.708366 0.2953273 0.7083815 0.2953273 0.7083815 0.3297647 0.7234399 0.2936078 0.7235647 0.2936078 0.7235647 0.3220627 0.7333359 0.2897654 0.7338016 0.2897654 0.7338016 0.3125 0.7384636 0.2870813 0.7401464 0.2897654 0.7338016 0.25 0.7409916 0.25 0.7342089 0.25 0.7342089 0.2129188 0.7401463 0.2102347 0.7338015 0.2102347 0.7338015 0.1875 0.7384636 0.1779373 0.7333359 0.2063922 0.7235646 0.1779373 0.7333359 0.1702353 0.7234399 0.2046727 0.7083815 0.1702353 0.7234399 0.1671127 0.708366 0.1281226 0.5316502 0.1307267 0.5504592 0.1259599 0.5484794 0.1349133 0.517522 0.1343557 0.5328515 0.1281226 0.5316502 0.1343557 0.5328515 0.1431327 0.5512459 0.1307267 0.5504592 0.1446277 0.519418 0.1470149 0.5335931 0.1343557 0.5328515 0.125 0.5452966 0.125651 0.5700573 0.125 0.5603953 0.125 0.5301977 0.1259599 0.5484794 0.125 0.5452966 0.125 0.5150989 0.1281226 0.5316502 0.125 0.5301977 0.125 0.5 0.1349133 0.517522 0.125 0.5150989 0.1545259 0.507133 0.1446277 0.519418 0.1349133 0.517522 0.1667631 0.5100892 0.157431 0.5209435 0.1446277 0.519418 0.1775033 0.5126839 0.1779373 0.5216948 0.157431 0.5209435 0.157431 0.5209435 0.1702353 0.5338389 0.1470149 0.5335931 0.1470149 0.5335931 0.1671127 0.5513758 0.1431327 0.5512459 0.1431327 0.5512459 0.1666666 0.5742393 0.1425781 0.5740951 0.1307267 0.5504592 0.1425781 0.5740951 0.1302083 0.5730856 0.1259599 0.5484794 0.1302083 0.5730856 0.125651 0.5700573 0.3032212 0.7481132 0.25 0.7475076 0.2959949 0.7462815 0.25 0.7489675 0.2040051 0.7462815 0.25 0.7475076 0.25 0.7475076 0.2900637 0.7439115 0.2959949 0.7462815 0.25 0.7475076 0.2099363 0.7439115 0.25 0.7451175 0.3750001 0.7500001 0.3032212 0.7481132 0.3454741 0.7445501 0.3125001 0.7500001 0.25 0.7489675 0.3032212 0.7481132 0.25 0.7500001 0.1967788 0.7481132 0.25 0.7489675 0.125 0.7500001 0.1967788 0.7481132 0.1875 0.7500001 0.1967788 0.7481132 0.1667631 0.7422913 0.2040051 0.7462815 0.2040051 0.7462815 0.1775033 0.7403088 0.2099363 0.7439115 0.2099363 0.7439115 0.1875 0.7384636 0.2129188 0.7401463 0.25 0.7451175 0.2129188 0.7401463 0.25 0.7409916 0.25 0.7451175 0.2870813 0.7401464 0.2900637 0.7439115 0.2900637 0.7439115 0.3125 0.7384636 0.3224967 0.7403088 0.2959949 0.7462815 0.3224967 0.7403088 0.3332369 0.7422912 0.3032212 0.7481132 0.3332369 0.7422912 0.3454741 0.7445501 0.1971014 0.5023916 0.2550154 0.5020505 0.2046321 0.5047156 0.2525801 0.5007282 0.3131269 0.5007281 0.2550154 0.5020505 0.2046321 0.5047156 0.2570409 0.5047155 0.2108165 0.5077595 0.2550154 0.5020505 0.3133801 0.5023916 0.2570409 0.5047155 0.125 0.5 0.1971014 0.5023916 0.1545259 0.507133 0.1875 0.5000001 0.2525801 0.5007282 0.1971014 0.5023916 0.25 0.5000001 0.3128225 0.50015 0.2525801 0.5007282 0.3125001 0.5000001 0.375 0.5000001 0.3128225 0.50015 0.3128225 0.50015 0.375 0.5000001 0.3131269 0.5007281 0.3131269 0.5007281 0.375 0.5000001 0.3133801 0.5023916 0.3133801 0.5023916 0.375 0.5 0.3134886 0.507133 0.2570409 0.5047155 0.3134886 0.507133 0.257909 0.5100892 0.2108165 0.5077595 0.257909 0.5100892 0.2139074 0.5126839 0.2108165 0.5077595 0.1875 0.5150989 0.1775033 0.5126839 0.2046321 0.5047156 0.1775033 0.5126839 0.1667631 0.5100892 0.1971014 0.5023916 0.1667631 0.5100892 0.1545259 0.507133 0.3718774 0.7254796 0.3692733 0.7094042 0.3740401 0.7116937 0.3650867 0.73657 0.3656443 0.724312 0.3718774 0.7254796 0.3656443 0.724312 0.3568673 0.7085074 0.3692733 0.7094042 0.3553724 0.7350902 0.3529852 0.7236425 0.3656443 0.724312 0.3750001 0.7153909 0.374349 0.692535 0.3750001 0.7038544 0.3750001 0.7269272 0.3740401 0.7116937 0.3750001 0.7153909 0.3750001 0.7384637 0.3718774 0.7254796 0.3750001 0.7269272 0.3750001 0.7500001 0.3650867 0.73657 0.3750001 0.7384637 0.3454741 0.7445501 0.3553724 0.7350902 0.3650867 0.73657 0.3332369 0.7422912 0.342569 0.7339117 0.3553724 0.7350902 0.3224967 0.7403088 0.3220627 0.7333359 0.342569 0.7339117 0.342569 0.7339117 0.3297647 0.7234399 0.3529852 0.7236425 0.3529852 0.7236425 0.3328873 0.708366 0.3568673 0.7085074 0.3568673 0.7085074 0.3333333 0.6876355 0.3574219 0.6878044 0.3692733 0.7094042 0.3574219 0.6878044 0.3697917 0.6889871 0.3740401 0.7116937 0.3697917 0.6889871 0.374349 0.692535 0.3746881 0.5961386 0.3706598 0.6304354 0.3725043 0.5960489 0.3744575 0.6311534 0.3699002 0.6621187 0.3706598 0.6304354 0.3725043 0.5960489 0.3599175 0.6301758 0.3656548 0.5960886 0.3706598 0.6304354 0.3577339 0.6612732 0.3599175 0.6301758 0.3750001 0.5603953 0.3746881 0.5961386 0.375 0.5603954 0.3750001 0.5962601 0.3744575 0.6311534 0.3746881 0.5961386 0.3750001 0.6321249 0.3743626 0.664352 0.3744575 0.6311534 0.3750001 0.6679897 0.374349 0.692535 0.3743626 0.664352 0.3743626 0.664352 0.3697917 0.6889871 0.3699002 0.6621187 0.3699002 0.6621187 0.3574219 0.6878044 0.3577339 0.6612732 0.3577339 0.6612732 0.3333333 0.6876355 0.3337674 0.6611834 0.3599175 0.6301758 0.3337674 0.6611834 0.3368056 0.6303859 0.3656548 0.5960886 0.3368056 0.6303859 0.3458659 0.5968719 0.3750001 0.5603954 0.3458659 0.5968719 0.375 0.5603954 0.3750001 0.5603954 0.3656548 0.5960886 0.3750001 0.5603954 0.375 0.5603954 0.3725043 0.5960489 0.3750001 0.5603954 0.1349133 0.73657 0.1343557 0.7243119 0.1446277 0.7350901 0.1281226 0.7254795 0.1307268 0.7094042 0.1343557 0.7243119 0.1446277 0.7350901 0.1470149 0.7236425 0.157431 0.7339117 0.1343557 0.7243119 0.1431327 0.7085074 0.1470149 0.7236425 0.125 0.7500001 0.1349133 0.73657 0.1545259 0.7445501 0.125 0.7384636 0.1281226 0.7254795 0.1349133 0.73657 0.125 0.7269272 0.1259599 0.7116936 0.1281226 0.7254795 0.125 0.7153909 0.125651 0.692535 0.1259599 0.7116936 0.1259599 0.7116936 0.1302083 0.6889871 0.1307268 0.7094042 0.1307268 0.7094042 0.1425781 0.6878045 0.1431327 0.7085074 0.1431327 0.7085074 0.1666666 0.6876355 0.1671127 0.708366 0.1470149 0.7236425 0.1671127 0.708366 0.1702353 0.7234399 0.157431 0.7339117 0.1702353 0.7234399 0.1779373 0.7333359 0.1775033 0.7403088 0.1779373 0.7333359 0.1875 0.7384636 0.1667631 0.7422913 0.157431 0.7339117 0.1775033 0.7403088 0.1545259 0.7445501 0.1446277 0.7350901 0.1667631 0.7422913 0.2526042 0.601018 0.2045356 0.631792 0.2047526 0.6017435 0.3035753 0.5991883 0.2508681 0.6315397 0.2526042 0.601018 0.2508681 0.6315397 0.2044407 0.661359 0.2045356 0.631792 0.2980686 0.6309629 0.2501085 0.6613276 0.2508681 0.6315397 0.1666666 0.5742393 0.2047526 0.6017435 0.1666666 0.6018472 0.2543403 0.5730857 0.2047526 0.6017435 0.2049696 0.5740951 0.3105469 0.5700753 0.2526042 0.601018 0.2543403 0.5730857 0.375 0.5603954 0.3035753 0.5991883 0.3105469 0.5700753 0.3458659 0.5968719 0.2980686 0.6309629 0.3035753 0.5991883 0.3368056 0.6303859 0.2958849 0.6612554 0.2980686 0.6309629 0.3337674 0.6611834 0.2955729 0.6876356 0.2958849 0.6612554 0.2958849 0.6612554 0.25 0.6876355 0.2501085 0.6613276 0.2501085 0.6613276 0.2044271 0.6876356 0.2044407 0.661359 0.2044407 0.661359 0.1666666 0.6876355 0.1666666 0.6613637 0.2045356 0.631792 0.1666666 0.6613637 0.1666666 0.631828 0.1666666 0.6018472 0.2045356 0.631792 0.1666666 0.631828 0.1875 0.6319888 0.2498915 0.6002732 0.1874864 0.5991453 0.1875 0.6645727 0.25 0.631927 0.1875 0.6319888 0.2498915 0.6002732 0.3125 0.6319888 0.3122694 0.5991453 0.25 0.631927 0.3125 0.6645725 0.3125 0.6319888 0.125 0.5962601 0.1873915 0.5699131 0.125 0.5603953 0.125 0.6321249 0.1874864 0.5991453 0.125 0.5962601 0.125 0.6679896 0.1875 0.6319888 0.125 0.6321249 0.125 0.7038543 0.1875 0.6645727 0.125 0.6679896 0.1875 0.6927039 0.25 0.6632344 0.1875 0.6645727 0.25 0.6903386 0.3125 0.6645725 0.25 0.6632344 0.3125 0.6645725 0.3750001 0.7038544 0.3750001 0.6679897 0.3125 0.6319888 0.3750001 0.6679897 0.3750001 0.6321249 0.3122694 0.5991453 0.3750001 0.6321249 0.3750001 0.5962601 0.3098958 0.5699311 0.3750001 0.5962601 0.3750001 0.5603953 0.2491319 0.571932 0.3122694 0.5991453 0.3098958 0.5699311 0.1874864 0.5991453 0.2491319 0.571932 0.1873915 0.5699131 0.187066 0.5309908 0.2476128 0.5152431 0.1872016 0.5151981 0.187188 0.5482978 0.2465278 0.5313513 0.187066 0.5309908 0.2465278 0.5313513 0.3034668 0.5152025 0.2476128 0.5152431 0.2465278 0.5313513 0.3032363 0.5483744 0.2999132 0.5310269 0.125 0.5150989 0.1875 0.5000001 0.125 0.5 0.125 0.5301977 0.1872016 0.5151981 0.125 0.5150989 0.125 0.5452966 0.187066 0.5309908 0.125 0.5301977 0.125 0.5603953 0.187188 0.5482978 0.125 0.5452966 0.1873915 0.5699131 0.2475043 0.5494785 0.187188 0.5482978 0.2475043 0.5494785 0.3098958 0.5699311 0.3032363 0.5483744 0.3032363 0.5483744 0.3750001 0.5603953 0.3462999 0.5461617 0.2999132 0.5310269 0.3462999 0.5461617 0.3402778 0.5304861 0.3034668 0.5152025 0.3402778 0.5304861 0.3463542 0.5151349 0.3034668 0.5152025 0.3750001 0.5000001 0.3125001 0.5000001 0.2476128 0.5152431 0.3125001 0.5000001 0.25 0.5000001 0.1872016 0.5151981 0.25 0.5000001 0.1875 0.5000001 0.2111284 0.5209435 0.2558835 0.5328515 0.2071277 0.5335931 0.3133937 0.5175221 0.2558835 0.5328515 0.2571494 0.5194179 0.2558835 0.5328515 0.2053207 0.551246 0.2071277 0.5335931 0.3132354 0.5316503 0.2551842 0.5504592 0.2558835 0.5328515 0.1875 0.5150989 0.2111284 0.5209435 0.1779373 0.5216948 0.2139074 0.5126839 0.2571494 0.5194179 0.2111284 0.5209435 0.3134886 0.507133 0.2571494 0.5194179 0.257909 0.5100892 0.375 0.5 0.3133937 0.5175221 0.3134886 0.507133 0.375 0.5150989 0.3132354 0.5316503 0.3133937 0.5175221 0.3750001 0.5301977 0.3129311 0.5484796 0.3132354 0.5316503 0.3750001 0.5452966 0.3105469 0.5700753 0.3129311 0.5484796 0.3129311 0.5484796 0.2543403 0.5730857 0.2551842 0.5504592 0.2551842 0.5504592 0.2049696 0.5740951 0.2053207 0.551246 0.1671127 0.5513758 0.2049696 0.5740951 0.1666666 0.5742393 0.1702353 0.5338389 0.2053207 0.551246 0.1671127 0.5513758 0.1779373 0.5216948 0.2071277 0.5335931 0.1702353 0.5338389 0.3659669 0.5151033 0.3715277 0.5301977 0.3726128 0.5150989 0.3624132 0.5302338 0.3726128 0.5452965 0.3715277 0.5301977 0.3726128 0.5150989 0.374566 0.5301977 0.3747016 0.5150989 0.3715277 0.5301977 0.3747016 0.5452966 0.374566 0.5301977 0.3750001 0.5000001 0.3659669 0.5151033 0.375 0.5000001 0.3463542 0.5151349 0.3624132 0.5302338 0.3659669 0.5151033 0.3402778 0.5304861 0.3659669 0.5453732 0.3624132 0.5302338 0.3462999 0.5461617 0.375 0.5603954 0.3659669 0.5453732 0.3659669 0.5453732 0.3750001 0.5603954 0.3726128 0.5452965 0.3726128 0.5452965 0.3750001 0.5603954 0.3747016 0.5452966 0.3747016 0.5452966 0.375 0.5603954 0.3750001 0.5452966 0.374566 0.5301977 0.3750001 0.5452966 0.3750001 0.5301977 0.3747016 0.5150989 0.3750001 0.5301977 0.375 0.5150989 0.375 0.5000001 0.375 0.5150989 0.375 0.5 0.375 0.5000001 0.3747016 0.5150989 0.375 0.5000001 0.375 0.5000001 0.3726128 0.5150989 0.375 0.5000001 0.125651 0.6319826 0.1302083 0.662299 0.125651 0.6644557 0.125651 0.5992437 0.1302083 0.6318775 0.125651 0.6319826 0.1302083 0.6318775 0.1425781 0.6614805 0.1302083 0.662299 0.1302083 0.6010602 0.1425781 0.6318342 0.1302083 0.6318775 0.125 0.6679896 0.125651 0.692535 0.125 0.7038543 0.125 0.6321249 0.125651 0.6644557 0.125 0.6679896 0.125 0.5962601 0.125651 0.6319826 0.125 0.6321249 0.125 0.5603953 0.125651 0.5992437 0.125 0.5962601 0.125651 0.5700573 0.1302083 0.6010602 0.125651 0.5992437 0.1302083 0.5730856 0.1425781 0.6017488 0.1302083 0.6010602 0.1425781 0.5740951 0.1666666 0.6018472 0.1425781 0.6017488 0.1425781 0.6017488 0.1666666 0.631828 0.1425781 0.6318342 0.1425781 0.6318342 0.1666666 0.6613637 0.1425781 0.6614805 0.1425781 0.6878045 0.1666666 0.6613637 0.1666666 0.6876355 0.1302083 0.662299 0.1425781 0.6878045 0.1302083 0.6889871 0.125651 0.6644557 0.1302083 0.6889871 0.125651 0.692535 0.1875 0.7118746 0.25 0.7255756 0.25 0.7104914 0.1875 0.7259981 0.25 0.7382947 0.25 0.7255756 0.25 0.7255756 0.3125 0.7118746 0.25 0.7104914 0.25 0.7382947 0.3125 0.725998 0.25 0.7255756 0.125 0.7038543 0.1875 0.7118746 0.1875 0.6927039 0.125 0.7153909 0.1875 0.7259981 0.1875 0.7118746 0.125 0.7269272 0.1875 0.7383475 0.1875 0.7259981 0.125 0.7384636 0.1875 0.7500001 0.1875 0.7383475 0.1875 0.7383475 0.25 0.7500001 0.25 0.7382947 0.25 0.7500001 0.3125 0.7383475 0.25 0.7382947 0.3125001 0.7500001 0.3750001 0.7384637 0.3125 0.7383475 0.3125 0.7383475 0.3750001 0.7269272 0.3125 0.725998 0.3125 0.725998 0.3750001 0.7153909 0.3125 0.7118746 0.3125 0.7118746 0.3750001 0.7038544 0.3125 0.6927039 0.25 0.7104914 0.3125 0.6927039 0.25 0.6903386 0.1875 0.6927039 0.25 0.7104914 0.25 0.6903386 0.25 0.7083971 0.2063922 0.7235646 0.2046727 0.7083815 0.25 0.7083971 0.2936078 0.7235647 0.25 0.7236891 0.25 0.7236891 0.2102347 0.7338015 0.2063922 0.7235646 0.25 0.7236891 0.2897654 0.7338016 0.25 0.7342089 0.2044271 0.6876356 0.1671127 0.708366 0.1666666 0.6876355 0.25 0.6876355 0.2046727 0.7083815 0.2044271 0.6876356 0.25 0.6876355 0.2953273 0.7083815 0.25 0.7083971 0.2955729 0.6876356 0.3328873 0.708366 0.2953273 0.7083815 0.2953273 0.7083815 0.3297647 0.7234399 0.2936078 0.7235647 0.2936078 0.7235647 0.3220627 0.7333359 0.2897654 0.7338016 0.2897654 0.7338016 0.3125 0.7384636 0.2870813 0.7401464 0.25 0.7342089 0.2870813 0.7401464 0.25 0.7409916 0.25 0.7342089 0.2129188 0.7401463 0.2102347 0.7338015 0.2102347 0.7338015 0.1875 0.7384636 0.1779373 0.7333359 0.2063922 0.7235646 0.1779373 0.7333359 0.1702353 0.7234399 0.2046727 0.7083815 0.1702353 0.7234399 0.1671127 0.708366 0.1281226 0.5316502 0.1307267 0.5504592 0.1259599 0.5484794 0.1349133 0.517522 0.1343557 0.5328515 0.1281226 0.5316502 0.1343557 0.5328515 0.1431327 0.5512459 0.1307267 0.5504592 0.1446277 0.519418 0.1470149 0.5335931 0.1343557 0.5328515 0.125 0.5452966 0.125651 0.5700573 0.125 0.5603953 0.125 0.5301977 0.1259599 0.5484794 0.125 0.5452966 0.125 0.5150989 0.1281226 0.5316502 0.125 0.5301977 0.125 0.5 0.1349133 0.517522 0.125 0.5150989 0.1545259 0.507133 0.1446277 0.519418 0.1349133 0.517522 0.1667631 0.5100892 0.157431 0.5209435 0.1446277 0.519418 0.1775033 0.5126839 0.1779373 0.5216948 0.157431 0.5209435 0.157431 0.5209435 0.1702353 0.5338389 0.1470149 0.5335931 0.1470149 0.5335931 0.1671127 0.5513758 0.1431327 0.5512459 0.1431327 0.5512459 0.1666666 0.5742393 0.1425781 0.5740951 0.1307267 0.5504592 0.1425781 0.5740951 0.1302083 0.5730856 0.1259599 0.5484794 0.1302083 0.5730856 0.125651 0.5700573 0.25 0.7489675 0.2959949 0.7462815 0.3032212 0.7481132 0.25 0.7489675 0.2040051 0.7462815 0.25 0.7475076 0.25 0.7475076 0.2900637 0.7439115 0.2959949 0.7462815 0.25 0.7475076 0.2099363 0.7439115 0.25 0.7451175 0.3750001 0.7500001 0.3032212 0.7481132 0.3454741 0.7445501 0.3125001 0.7500001 0.25 0.7489675 0.3032212 0.7481132 0.1875 0.7500001 0.25 0.7489675 0.25 0.7500001 0.125 0.7500001 0.1967788 0.7481132 0.1875 0.7500001 0.1967788 0.7481132 0.1667631 0.7422913 0.2040051 0.7462815 0.2040051 0.7462815 0.1775033 0.7403088 0.2099363 0.7439115 0.2099363 0.7439115 0.1875 0.7384636 0.2129188 0.7401463 0.25 0.7451175 0.2129188 0.7401463 0.25 0.7409916 0.25 0.7451175 0.2870813 0.7401464 0.2900637 0.7439115 0.2900637 0.7439115 0.3125 0.7384636 0.3224967 0.7403088 0.2959949 0.7462815 0.3224967 0.7403088 0.3332369 0.7422912 0.3032212 0.7481132 0.3332369 0.7422912 0.3454741 0.7445501 0.2525801 0.5007282 0.2046321 0.5047156 0.1971014 0.5023916 0.2525801 0.5007282 0.3131269 0.5007281 0.2550154 0.5020505 0.2550154 0.5020505 0.2108165 0.5077595 0.2046321 0.5047156 0.2550154 0.5020505 0.3133801 0.5023916 0.2570409 0.5047155 0.1875 0.5000001 0.1545259 0.507133 0.125 0.5 0.25 0.5000001 0.1971014 0.5023916 0.1875 0.5000001 0.3125001 0.5000001 0.2525801 0.5007282 0.25 0.5000001 0.3125001 0.5000001 0.375 0.5000001 0.3128225 0.50015 0.3128225 0.50015 0.375 0.5000001 0.3131269 0.5007281 0.3131269 0.5007281 0.375 0.5000001 0.3133801 0.5023916 0.3133801 0.5023916 0.375 0.5 0.3134886 0.507133 0.2570409 0.5047155 0.3134886 0.507133 0.257909 0.5100892 0.2570409 0.5047155 0.2139074 0.5126839 0.2108165 0.5077595 0.2108165 0.5077595 0.1875 0.5150989 0.1775033 0.5126839 0.2046321 0.5047156 0.1775033 0.5126839 0.1667631 0.5100892 0.1971014 0.5023916 0.1667631 0.5100892 0.1545259 0.507133 0.3718774 0.7254796 0.3692733 0.7094042 0.3740401 0.7116937 0.3650867 0.73657 0.3656443 0.724312 0.3718774 0.7254796 0.3656443 0.724312 0.3568673 0.7085074 0.3692733 0.7094042 0.3553724 0.7350902 0.3529852 0.7236425 0.3656443 0.724312 0.3750001 0.7153909 0.374349 0.692535 0.3750001 0.7038544 0.3750001 0.7269272 0.3740401 0.7116937 0.3750001 0.7153909 0.3750001 0.7384637 0.3718774 0.7254796 0.3750001 0.7269272 0.3750001 0.7500001 0.3650867 0.73657 0.3750001 0.7384637 0.3454741 0.7445501 0.3553724 0.7350902 0.3650867 0.73657 0.3332369 0.7422912 0.342569 0.7339117 0.3553724 0.7350902 0.3224967 0.7403088 0.3220627 0.7333359 0.342569 0.7339117 0.342569 0.7339117 0.3297647 0.7234399 0.3529852 0.7236425 0.3529852 0.7236425 0.3328873 0.708366 0.3568673 0.7085074 0.3568673 0.7085074 0.3333333 0.6876355 0.3574219 0.6878044 0.3692733 0.7094042 0.3574219 0.6878044 0.3697917 0.6889871 0.3740401 0.7116937 0.3697917 0.6889871 0.374349 0.692535 0.3746881 0.5961386 0.3706598 0.6304354 0.3725043 0.5960489 0.3744575 0.6311534 0.3699002 0.6621187 0.3706598 0.6304354 0.3725043 0.5960489 0.3599175 0.6301758 0.3656548 0.5960886 0.3706598 0.6304354 0.3577339 0.6612732 0.3599175 0.6301758 0.3750001 0.5603953 0.3746881 0.5961386 0.375 0.5603954 0.3750001 0.5962601 0.3744575 0.6311534 0.3746881 0.5961386 0.3750001 0.6321249 0.3743626 0.664352 0.3744575 0.6311534 0.3750001 0.6679897 0.374349 0.692535 0.3743626 0.664352 0.3743626 0.664352 0.3697917 0.6889871 0.3699002 0.6621187 0.3699002 0.6621187 0.3574219 0.6878044 0.3577339 0.6612732 0.3574219 0.6878044 0.3337674 0.6611834 0.3577339 0.6612732 0.3599175 0.6301758 0.3337674 0.6611834 0.3368056 0.6303859 0.3656548 0.5960886 0.3368056 0.6303859 0.3458659 0.5968719 0.3750001 0.5603954 0.3458659 0.5968719 0.375 0.5603954 0.3750001 0.5603954 0.3656548 0.5960886 0.3750001 0.5603954 0.375 0.5603954 0.3725043 0.5960489 0.3750001 0.5603954 0.1349133 0.73657 0.1343557 0.7243119 0.1446277 0.7350901 0.1281226 0.7254795 0.1307268 0.7094042 0.1343557 0.7243119 0.1446277 0.7350901 0.1470149 0.7236425 0.157431 0.7339117 0.1343557 0.7243119 0.1431327 0.7085074 0.1470149 0.7236425 0.125 0.7500001 0.1349133 0.73657 0.1545259 0.7445501 0.125 0.7384636 0.1281226 0.7254795 0.1349133 0.73657 0.125 0.7269272 0.1259599 0.7116936 0.1281226 0.7254795 0.125 0.7153909 0.125651 0.692535 0.1259599 0.7116936 0.1259599 0.7116936 0.1302083 0.6889871 0.1307268 0.7094042 0.1307268 0.7094042 0.1425781 0.6878045 0.1431327 0.7085074 0.1431327 0.7085074 0.1666666 0.6876355 0.1671127 0.708366 0.1470149 0.7236425 0.1671127 0.708366 0.1702353 0.7234399 0.157431 0.7339117 0.1702353 0.7234399 0.1779373 0.7333359 0.1775033 0.7403088 0.1779373 0.7333359 0.1875 0.7384636 0.1667631 0.7422913 0.157431 0.7339117 0.1775033 0.7403088 0.1545259 0.7445501 0.1446277 0.7350901 0.1667631 0.7422913 0.2047526 0.6017435 0.2508681 0.6315397 0.2045356 0.631792 0.3035753 0.5991883 0.2508681 0.6315397 0.2526042 0.601018 0.2045356 0.631792 0.2501085 0.6613276 0.2044407 0.661359 0.2508681 0.6315397 0.2958849 0.6612554 0.2501085 0.6613276 0.1666666 0.5742393 0.2047526 0.6017435 0.1666666 0.6018472 0.2049696 0.5740951 0.2526042 0.601018 0.2047526 0.6017435 0.3105469 0.5700753 0.2526042 0.601018 0.2543403 0.5730857 0.375 0.5603954 0.3035753 0.5991883 0.3105469 0.5700753 0.3458659 0.5968719 0.2980686 0.6309629 0.3035753 0.5991883 0.3368056 0.6303859 0.2958849 0.6612554 0.2980686 0.6309629 0.2958849 0.6612554 0.3333333 0.6876355 0.2955729 0.6876356 0.2501085 0.6613276 0.2955729 0.6876356 0.25 0.6876355 0.2044407 0.661359 0.25 0.6876355 0.2044271 0.6876356 0.2044407 0.661359 0.1666666 0.6876355 0.1666666 0.6613637 0.1666666 0.631828 0.2044407 0.661359 0.1666666 0.6613637 0.1666666 0.6018472 0.2045356 0.631792 0.1666666 0.631828 0.1875 0.6319888 0.2498915 0.6002732 0.1874864 0.5991453 0.1875 0.6645727 0.25 0.631927 0.1875 0.6319888 0.2498915 0.6002732 0.3125 0.6319888 0.3122694 0.5991453 0.25 0.631927 0.3125 0.6645725 0.3125 0.6319888 0.125 0.5962601 0.1873915 0.5699131 0.125 0.5603953 0.125 0.6321249 0.1874864 0.5991453 0.125 0.5962601 0.125 0.6679896 0.1875 0.6319888 0.125 0.6321249 0.125 0.7038543 0.1875 0.6645727 0.125 0.6679896 0.1875 0.6927039 0.25 0.6632344 0.1875 0.6645727 0.25 0.6632344 0.3125 0.6927039 0.3125 0.6645725 0.3125 0.6645725 0.3750001 0.7038544 0.3750001 0.6679897 0.3125 0.6319888 0.3750001 0.6679897 0.3750001 0.6321249 0.3122694 0.5991453 0.3750001 0.6321249 0.3750001 0.5962601 0.3098958 0.5699311 0.3750001 0.5962601 0.3750001 0.5603953 0.2491319 0.571932 0.3122694 0.5991453 0.3098958 0.5699311 0.1874864 0.5991453 0.2491319 0.571932 0.1873915 0.5699131 0.187066 0.5309908 0.2476128 0.5152431 0.1872016 0.5151981 0.187188 0.5482978 0.2465278 0.5313513 0.187066 0.5309908 0.2476128 0.5152431 0.2999132 0.5310269 0.3034668 0.5152025 0.2465278 0.5313513 0.3032363 0.5483744 0.2999132 0.5310269 0.125 0.5 0.1872016 0.5151981 0.1875 0.5000001 0.125 0.5301977 0.1872016 0.5151981 0.125 0.5150989 0.125 0.5452966 0.187066 0.5309908 0.125 0.5301977 0.125 0.5603953 0.187188 0.5482978 0.125 0.5452966 0.1873915 0.5699131 0.2475043 0.5494785 0.187188 0.5482978 0.2475043 0.5494785 0.3098958 0.5699311 0.3032363 0.5483744 0.3032363 0.5483744 0.3750001 0.5603953 0.3462999 0.5461617 0.2999132 0.5310269 0.3462999 0.5461617 0.3402778 0.5304861 0.3034668 0.5152025 0.3402778 0.5304861 0.3463542 0.5151349 0.3125001 0.5000001 0.3463542 0.5151349 0.3750001 0.5000001 0.25 0.5000001 0.3034668 0.5152025 0.3125001 0.5000001 0.1875 0.5000001 0.2476128 0.5152431 0.25 0.5000001 0.2111284 0.5209435 0.2558835 0.5328515 0.2071277 0.5335931 0.3133937 0.5175221 0.2558835 0.5328515 0.2571494 0.5194179 0.2071277 0.5335931 0.2551842 0.5504592 0.2053207 0.551246 0.3132354 0.5316503 0.2551842 0.5504592 0.2558835 0.5328515 0.1875 0.5150989 0.2111284 0.5209435 0.1779373 0.5216948 0.2139074 0.5126839 0.2571494 0.5194179 0.2111284 0.5209435 0.3134886 0.507133 0.2571494 0.5194179 0.257909 0.5100892 0.375 0.5 0.3133937 0.5175221 0.3134886 0.507133 0.375 0.5150989 0.3132354 0.5316503 0.3133937 0.5175221 0.3750001 0.5301977 0.3129311 0.5484796 0.3132354 0.5316503 0.3750001 0.5452966 0.3105469 0.5700753 0.3129311 0.5484796 0.3129311 0.5484796 0.2543403 0.5730857 0.2551842 0.5504592 0.2053207 0.551246 0.2543403 0.5730857 0.2049696 0.5740951 0.1671127 0.5513758 0.2049696 0.5740951 0.1666666 0.5742393 0.1702353 0.5338389 0.2053207 0.551246 0.1671127 0.5513758 0.1779373 0.5216948 0.2071277 0.5335931 0.1702353 0.5338389 0.3659669 0.5151033 0.3715277 0.5301977 0.3726128 0.5150989 0.3624132 0.5302338 0.3726128 0.5452965 0.3715277 0.5301977 0.3726128 0.5150989 0.374566 0.5301977 0.3747016 0.5150989 0.3715277 0.5301977 0.3747016 0.5452966 0.374566 0.5301977 0.3750001 0.5000001 0.3659669 0.5151033 0.375 0.5000001 0.3463542 0.5151349 0.3624132 0.5302338 0.3659669 0.5151033 0.3402778 0.5304861 0.3659669 0.5453732 0.3624132 0.5302338 0.3462999 0.5461617 0.375 0.5603954 0.3659669 0.5453732 0.3659669 0.5453732 0.3750001 0.5603954 0.3726128 0.5452965 0.3726128 0.5452965 0.3750001 0.5603954 0.3747016 0.5452966 0.3747016 0.5452966 0.375 0.5603954 0.3750001 0.5452966 0.374566 0.5301977 0.3750001 0.5452966 0.3750001 0.5301977 0.3747016 0.5150989 0.3750001 0.5301977 0.375 0.5150989 0.375 0.5000001 0.375 0.5150989 0.375 0.5 0.375 0.5000001 0.3747016 0.5150989 0.375 0.5000001 0.375 0.5000001 0.3726128 0.5150989 0.375 0.5000001 0.125651 0.6319826 0.1302083 0.662299 0.125651 0.6644557 0.125651 0.5992437 0.1302083 0.6318775 0.125651 0.6319826 0.1302083 0.6318775 0.1425781 0.6614805 0.1302083 0.662299 0.1302083 0.6010602 0.1425781 0.6318342 0.1302083 0.6318775 0.125 0.6679896 0.125651 0.692535 0.125 0.7038543 0.125 0.6321249 0.125651 0.6644557 0.125 0.6679896 0.125 0.5962601 0.125651 0.6319826 0.125 0.6321249 0.125 0.5603953 0.125651 0.5992437 0.125 0.5962601 0.125651 0.5700573 0.1302083 0.6010602 0.125651 0.5992437 0.1302083 0.5730856 0.1425781 0.6017488 0.1302083 0.6010602 0.1425781 0.5740951 0.1666666 0.6018472 0.1425781 0.6017488 0.1425781 0.6017488 0.1666666 0.631828 0.1425781 0.6318342 0.1425781 0.6318342 0.1666666 0.6613637 0.1425781 0.6614805 0.1425781 0.6878045 0.1666666 0.6613637 0.1666666 0.6876355 0.1302083 0.662299 0.1425781 0.6878045 0.1302083 0.6889871 0.125651 0.6644557 0.1302083 0.6889871 0.125651 0.692535 0.25 0.5625001 0.1875 0.625 0.1875 0.5625001 0.1875 0.625 0.25 0.6875001 0.1875 0.6875001 0.25 0.5625001 0.3125 0.625 0.25 0.625 0.3125 0.625 0.25 0.6875001 0.25 0.625 0.1875 0.5000001 0.125 0.5625001 0.125 0.5000001 0.1875 0.5625001 0.125 0.6250001 0.125 0.5625001 0.125 0.6250001 0.1875 0.6875001 0.125 0.6875001 0.125 0.6875001 0.1875 0.7500001 0.125 0.7500001 0.1875 0.6875001 0.25 0.7500001 0.1875 0.7500001 0.3125 0.6875001 0.25 0.7500001 0.25 0.6875001 0.375 0.6875001 0.3125001 0.7500001 0.3125 0.6875001 0.375 0.6250001 0.3125 0.6875001 0.3125 0.625 0.3125 0.5625001 0.375 0.6250001 0.3125 0.625 0.3125001 0.5000001 0.375 0.5625001 0.3125 0.5625001 0.25 0.5000001 0.3125 0.5625001 0.25 0.5625001 0.25 0.5000001 0.1875 0.5625001 0.1875 0.5000001 0.2083575 0.6250001 0.25 0.5833574 0.2104803 0.5854804 0.25 0.5833574 0.2916426 0.6250001 0.2895197 0.5854804 0.2083575 0.6250001 0.25 0.6666427 0.25 0.625 0.25 0.6666427 0.2916426 0.6250001 0.25 0.625 0.1783834 0.5879188 0.2129188 0.5533835 0.1875 0.5625 0.2104803 0.5854804 0.25 0.5488041 0.2129188 0.5533835 0.25 0.5488041 0.2895197 0.5854804 0.2870813 0.5533835 0.2870813 0.5533835 0.3216166 0.5879188 0.3125 0.5625001 0.2895197 0.5854804 0.326196 0.6250001 0.3216166 0.5879188 0.2895197 0.6645198 0.326196 0.6250001 0.2916426 0.6250001 0.2870813 0.6966167 0.3216167 0.6620814 0.2895197 0.6645198 0.25 0.701196 0.2895197 0.6645198 0.25 0.6666427 0.2104803 0.6645197 0.25 0.701196 0.25 0.6666427 0.1783834 0.6620814 0.2129188 0.6966166 0.2104803 0.6645197 0.173804 0.6250001 0.2104803 0.6645197 0.2083575 0.6250001 0.173804 0.6250001 0.2104803 0.5854804 0.1783834 0.5879188 0.3032212 0.7397778 0.25 0.736497 0.25 0.7444059 0.25 0.736497 0.1967788 0.7397779 0.25 0.7444059 0.2900637 0.7170144 0.25 0.736497 0.2959949 0.7298539 0.25 0.736497 0.2099363 0.7170144 0.2040051 0.7298539 0.3750001 0.7500001 0.3032212 0.7397778 0.3125001 0.7500001 0.3125001 0.7500001 0.25 0.7444059 0.25 0.7500001 0.25 0.7444059 0.1875 0.7500001 0.25 0.7500001 0.1967788 0.7397779 0.125 0.7500001 0.1875 0.7500001 0.2040051 0.7298539 0.1545259 0.7204741 0.1967788 0.7397779 0.2040051 0.7298539 0.1775033 0.6974968 0.1667631 0.708237 0.2099363 0.7170144 0.1875 0.6875001 0.1775033 0.6974968 0.25 0.7235485 0.2129188 0.6966166 0.2099363 0.7170144 0.2870813 0.6966167 0.25 0.7235485 0.2900637 0.7170144 0.3125 0.6875001 0.2900637 0.7170144 0.3224967 0.6974968 0.3224967 0.6974968 0.2959949 0.7298539 0.3332369 0.7082369 0.3454741 0.7204741 0.2959949 0.7298539 0.3032212 0.7397778 0.1967788 0.5102223 0.25 0.5135031 0.25 0.5055941 0.25 0.5135031 0.3032212 0.5102223 0.25 0.5055941 0.2099363 0.5329856 0.25 0.5135031 0.2040051 0.5201462 0.25 0.5135031 0.2900637 0.5329857 0.2959949 0.5201461 0.125 0.5000001 0.1967788 0.5102223 0.1875 0.5000001 0.1875 0.5000001 0.25 0.5055941 0.25 0.5000001 0.25 0.5055941 0.3125001 0.5000001 0.25 0.5000001 0.3032212 0.5102223 0.3750001 0.5000001 0.3125001 0.5000001 0.2959949 0.5201461 0.3454741 0.529526 0.3032212 0.5102223 0.2959949 0.5201461 0.3224967 0.5525034 0.3332369 0.5417632 0.2900637 0.5329857 0.3125 0.5625001 0.3224967 0.5525034 0.25 0.5264517 0.2870813 0.5533835 0.2900637 0.5329857 0.2129188 0.5533835 0.25 0.5264517 0.2099363 0.5329856 0.1875 0.5625 0.2099363 0.5329856 0.1775033 0.5525034 0.1775033 0.5525034 0.2040051 0.5201462 0.1667631 0.5417631 0.1545259 0.529526 0.2040051 0.5201462 0.1967788 0.5102223 0.3647778 0.5717789 0.3614969 0.6250001 0.3694059 0.6250001 0.3614969 0.6250001 0.3647778 0.6782212 0.3694059 0.6250001 0.3420144 0.5849364 0.3614969 0.6250001 0.3548539 0.5790051 0.3614969 0.6250001 0.3420144 0.6650638 0.3548539 0.6709949 0.3750001 0.5000001 0.3647778 0.5717789 0.375 0.5625001 0.375 0.5625001 0.3694059 0.6250001 0.375 0.6250001 0.3694059 0.6250001 0.375 0.6875001 0.375 0.6250001 0.3647778 0.6782212 0.3750001 0.7500001 0.375 0.6875001 0.3548539 0.6709949 0.3454741 0.7204741 0.3647778 0.6782212 0.3548539 0.6709949 0.3224967 0.6974968 0.3332369 0.7082369 0.3420144 0.6650638 0.3125 0.6875001 0.3224967 0.6974968 0.3485485 0.6250001 0.3216167 0.6620814 0.3420144 0.6650638 0.3216166 0.5879188 0.3485485 0.6250001 0.3420144 0.5849364 0.3125 0.5625001 0.3420144 0.5849364 0.3224967 0.5525034 0.3224967 0.5525034 0.3548539 0.5790051 0.3332369 0.5417632 0.3454741 0.529526 0.3548539 0.5790051 0.3647778 0.5717789 0.1352223 0.6782212 0.1385031 0.6250001 0.1305941 0.6250001 0.1385031 0.6250001 0.1352223 0.5717789 0.1305941 0.6250001 0.1579856 0.6650637 0.1385031 0.6250001 0.1451461 0.6709949 0.1385031 0.6250001 0.1579856 0.5849364 0.1451461 0.5790051 0.125 0.7500001 0.1352223 0.6782212 0.125 0.6875001 0.125 0.6875001 0.1305941 0.6250001 0.125 0.6250001 0.1305941 0.6250001 0.125 0.5625001 0.125 0.6250001 0.1352223 0.5717789 0.125 0.5000001 0.125 0.5625001 0.1451461 0.5790051 0.1545259 0.529526 0.1352223 0.5717789 0.1451461 0.5790051 0.1775033 0.5525034 0.1667631 0.5417631 0.1579856 0.5849364 0.1875 0.5625 0.1775033 0.5525034 0.1514516 0.6250001 0.1783834 0.5879188 0.1579856 0.5849364 0.1783834 0.6620814 0.1514516 0.6250001 0.1579856 0.6650637 0.1875 0.6875001 0.1579856 0.6650637 0.1775033 0.6974968 0.1775033 0.6974968 0.1451461 0.6709949 0.1667631 0.708237 0.1545259 0.7204741 0.1451461 0.6709949 0.1352223 0.6782212 0.1875 0.7118746 0.25 0.7255756 0.1875 0.7259981 0.1875 0.7259981 0.25 0.7382947 0.1875 0.7383475 0.3125 0.7118746 0.25 0.7255756 0.25 0.7104914 0.3125 0.725998 0.25 0.7382947 0.25 0.7255756 0.125 0.7038543 0.1875 0.7118746 0.125 0.7153909 0.125 0.7153909 0.1875 0.7259981 0.125 0.7269272 0.125 0.7269272 0.1875 0.7383475 0.125 0.7384636 0.125 0.7384636 0.1875 0.7500001 0.125 0.7500001 0.1875 0.7383475 0.25 0.7500001 0.1875 0.7500001 0.3125 0.7383475 0.25 0.7500001 0.25 0.7382947 0.3750001 0.7384637 0.3125001 0.7500001 0.3125 0.7383475 0.3750001 0.7269272 0.3125 0.7383475 0.3125 0.725998 0.3750001 0.7153909 0.3125 0.725998 0.3125 0.7118746 0.3750001 0.7038544 0.3125 0.7118746 0.3125 0.6927039 0.3125 0.6927039 0.25 0.7104914 0.25 0.6903386 0.1875 0.6927039 0.25 0.7104914 0.1875 0.7118746 0.2046727 0.7083815 0.25 0.7236891 0.25 0.7083971 0.25 0.7083971 0.2936078 0.7235647 0.2953273 0.7083815 0.2063922 0.7235646 0.25 0.7342089 0.25 0.7236891 0.25 0.7236891 0.2897654 0.7338016 0.2936078 0.7235647 0.1666666 0.6876355 0.2046727 0.7083815 0.2044271 0.6876356 0.2044271 0.6876356 0.25 0.7083971 0.25 0.6876355 0.25 0.6876355 0.2953273 0.7083815 0.2955729 0.6876356 0.2955729 0.6876356 0.3328873 0.708366 0.3333333 0.6876355 0.2953273 0.7083815 0.3297647 0.7234399 0.3328873 0.708366 0.2936078 0.7235647 0.3220627 0.7333359 0.3297647 0.7234399 0.2897654 0.7338016 0.3125 0.7384636 0.3220627 0.7333359 0.25 0.7342089 0.2870813 0.7401464 0.2897654 0.7338016 0.2102347 0.7338015 0.25 0.7409916 0.25 0.7342089 0.1875 0.7384636 0.2102347 0.7338015 0.1779373 0.7333359 0.1779373 0.7333359 0.2063922 0.7235646 0.1702353 0.7234399 0.1702353 0.7234399 0.2046727 0.7083815 0.1671127 0.708366 0.1307267 0.5504592 0.1281226 0.5316502 0.1259599 0.5484794 0.1343557 0.5328515 0.1349133 0.517522 0.1281226 0.5316502 0.1431327 0.5512459 0.1343557 0.5328515 0.1307267 0.5504592 0.1470149 0.5335931 0.1446277 0.519418 0.1343557 0.5328515 0.125651 0.5700573 0.125 0.5452966 0.125 0.5603953 0.1259599 0.5484794 0.125 0.5301977 0.125 0.5452966 0.1281226 0.5316502 0.125 0.5150989 0.125 0.5301977 0.1349133 0.517522 0.125 0.5 0.125 0.5150989 0.1446277 0.519418 0.1545259 0.507133 0.1349133 0.517522 0.157431 0.5209435 0.1667631 0.5100892 0.1446277 0.519418 0.1779373 0.5216948 0.1775033 0.5126839 0.157431 0.5209435 0.1702353 0.5338389 0.157431 0.5209435 0.1470149 0.5335931 0.1671127 0.5513758 0.1470149 0.5335931 0.1431327 0.5512459 0.1666666 0.5742393 0.1431327 0.5512459 0.1425781 0.5740951 0.1425781 0.5740951 0.1307267 0.5504592 0.1302083 0.5730856 0.1302083 0.5730856 0.1259599 0.5484794 0.125651 0.5700573 0.2959949 0.7462815 0.25 0.7489675 0.3032212 0.7481132 0.25 0.7475076 0.1967788 0.7481132 0.25 0.7489675 0.2900637 0.7439115 0.25 0.7475076 0.2959949 0.7462815 0.25 0.7475076 0.2099363 0.7439115 0.2040051 0.7462815 0.3750001 0.7500001 0.3032212 0.7481132 0.3125001 0.7500001 0.3032212 0.7481132 0.25 0.7500001 0.3125001 0.7500001 0.25 0.7489675 0.1875 0.7500001 0.25 0.7500001 0.1967788 0.7481132 0.125 0.7500001 0.1875 0.7500001 0.1967788 0.7481132 0.1667631 0.7422913 0.1545259 0.7445501 0.2040051 0.7462815 0.1775033 0.7403088 0.1667631 0.7422913 0.2099363 0.7439115 0.1875 0.7384636 0.1775033 0.7403088 0.25 0.7451175 0.2129188 0.7401463 0.2099363 0.7439115 0.2870813 0.7401464 0.25 0.7451175 0.2900637 0.7439115 0.3125 0.7384636 0.2900637 0.7439115 0.3224967 0.7403088 0.3224967 0.7403088 0.2959949 0.7462815 0.3332369 0.7422912 0.3332369 0.7422912 0.3032212 0.7481132 0.3454741 0.7445501 0.2046321 0.5047156 0.2525801 0.5007282 0.1971014 0.5023916 0.2550154 0.5020505 0.3128225 0.50015 0.2525801 0.5007282 0.2108165 0.5077595 0.2550154 0.5020505 0.2046321 0.5047156 0.2570409 0.5047155 0.3131269 0.5007281 0.2550154 0.5020505 0.1545259 0.507133 0.1875 0.5000001 0.125 0.5 0.1971014 0.5023916 0.25 0.5000001 0.1875 0.5000001 0.2525801 0.5007282 0.3125001 0.5000001 0.25 0.5000001 0.3128225 0.50015 0.3750001 0.5000001 0.3125001 0.5000001 0.3128225 0.50015 0.375 0.5000001 0.375 0.5000001 0.3131269 0.5007281 0.375 0.5000001 0.375 0.5000001 0.3133801 0.5023916 0.375 0.5 0.375 0.5000001 0.257909 0.5100892 0.3133801 0.5023916 0.2570409 0.5047155 0.2139074 0.5126839 0.2570409 0.5047155 0.2108165 0.5077595 0.1875 0.5150989 0.2108165 0.5077595 0.1775033 0.5126839 0.1775033 0.5126839 0.2046321 0.5047156 0.1667631 0.5100892 0.1667631 0.5100892 0.1971014 0.5023916 0.1545259 0.507133 0.3692733 0.7094042 0.3718774 0.7254796 0.3740401 0.7116937 0.3656443 0.724312 0.3650867 0.73657 0.3718774 0.7254796 0.3568673 0.7085074 0.3656443 0.724312 0.3692733 0.7094042 0.3529852 0.7236425 0.3553724 0.7350902 0.3656443 0.724312 0.374349 0.692535 0.3750001 0.7153909 0.3750001 0.7038544 0.3740401 0.7116937 0.3750001 0.7269272 0.3750001 0.7153909 0.3718774 0.7254796 0.3750001 0.7384637 0.3750001 0.7269272 0.3650867 0.73657 0.3750001 0.7500001 0.3750001 0.7384637 0.3553724 0.7350902 0.3454741 0.7445501 0.3650867 0.73657 0.342569 0.7339117 0.3332369 0.7422912 0.3553724 0.7350902 0.3220627 0.7333359 0.3224967 0.7403088 0.342569 0.7339117 0.3297647 0.7234399 0.342569 0.7339117 0.3529852 0.7236425 0.3328873 0.708366 0.3529852 0.7236425 0.3568673 0.7085074 0.3333333 0.6876355 0.3568673 0.7085074 0.3574219 0.6878044 0.3574219 0.6878044 0.3692733 0.7094042 0.3697917 0.6889871 0.3697917 0.6889871 0.3740401 0.7116937 0.374349 0.692535 0.3746881 0.5961386 0.3706598 0.6304354 0.3744575 0.6311534 0.3744575 0.6311534 0.3699002 0.6621187 0.3743626 0.664352 0.3725043 0.5960489 0.3599175 0.6301758 0.3706598 0.6304354 0.3706598 0.6304354 0.3577339 0.6612732 0.3699002 0.6621187 0.3750001 0.5603953 0.3746881 0.5961386 0.3750001 0.5962601 0.3750001 0.5962601 0.3744575 0.6311534 0.3750001 0.6321249 0.3750001 0.6321249 0.3743626 0.664352 0.3750001 0.6679897 0.3750001 0.6679897 0.374349 0.692535 0.3750001 0.7038544 0.3743626 0.664352 0.3697917 0.6889871 0.374349 0.692535 0.3699002 0.6621187 0.3574219 0.6878044 0.3697917 0.6889871 0.3337674 0.6611834 0.3574219 0.6878044 0.3577339 0.6612732 0.3599175 0.6301758 0.3337674 0.6611834 0.3577339 0.6612732 0.3656548 0.5960886 0.3368056 0.6303859 0.3599175 0.6301758 0.3750001 0.5603954 0.3458659 0.5968719 0.3656548 0.5960886 0.3750001 0.5603954 0.3656548 0.5960886 0.3725043 0.5960489 0.375 0.5603954 0.3725043 0.5960489 0.3746881 0.5961386 0.1349133 0.73657 0.1343557 0.7243119 0.1281226 0.7254795 0.1281226 0.7254795 0.1307268 0.7094042 0.1259599 0.7116936 0.1446277 0.7350901 0.1470149 0.7236425 0.1343557 0.7243119 0.1343557 0.7243119 0.1431327 0.7085074 0.1307268 0.7094042 0.125 0.7500001 0.1349133 0.73657 0.125 0.7384636 0.125 0.7384636 0.1281226 0.7254795 0.125 0.7269272 0.125 0.7269272 0.1259599 0.7116936 0.125 0.7153909 0.125 0.7153909 0.125651 0.692535 0.125 0.7038543 0.1259599 0.7116936 0.1302083 0.6889871 0.125651 0.692535 0.1307268 0.7094042 0.1425781 0.6878045 0.1302083 0.6889871 0.1431327 0.7085074 0.1666666 0.6876355 0.1425781 0.6878045 0.1470149 0.7236425 0.1671127 0.708366 0.1431327 0.7085074 0.157431 0.7339117 0.1702353 0.7234399 0.1470149 0.7236425 0.1775033 0.7403088 0.1779373 0.7333359 0.157431 0.7339117 0.1667631 0.7422913 0.157431 0.7339117 0.1446277 0.7350901 0.1545259 0.7445501 0.1446277 0.7350901 0.1349133 0.73657 0.2047526 0.6017435 0.2508681 0.6315397 0.2526042 0.601018 0.2526042 0.601018 0.2980686 0.6309629 0.3035753 0.5991883 0.2045356 0.631792 0.2501085 0.6613276 0.2508681 0.6315397 0.2508681 0.6315397 0.2958849 0.6612554 0.2980686 0.6309629 0.1666666 0.5742393 0.2047526 0.6017435 0.2049696 0.5740951 0.2049696 0.5740951 0.2526042 0.601018 0.2543403 0.5730857 0.2543403 0.5730857 0.3035753 0.5991883 0.3105469 0.5700753 0.3035753 0.5991883 0.375 0.5603954 0.3105469 0.5700753 0.3035753 0.5991883 0.3368056 0.6303859 0.3458659 0.5968719 0.2980686 0.6309629 0.3337674 0.6611834 0.3368056 0.6303859 0.2958849 0.6612554 0.3333333 0.6876355 0.3337674 0.6611834 0.2501085 0.6613276 0.2955729 0.6876356 0.2958849 0.6612554 0.2044407 0.661359 0.25 0.6876355 0.2501085 0.6613276 0.1666666 0.6613637 0.2044271 0.6876356 0.2044407 0.661359 0.1666666 0.631828 0.2044407 0.661359 0.2045356 0.631792 0.1666666 0.6018472 0.2045356 0.631792 0.2047526 0.6017435 0.2498915 0.6002732 0.1875 0.6319888 0.1874864 0.5991453 0.25 0.631927 0.1875 0.6645727 0.1875 0.6319888 0.2498915 0.6002732 0.3125 0.6319888 0.25 0.631927 0.25 0.631927 0.3125 0.6645725 0.25 0.6632344 0.1873915 0.5699131 0.125 0.5962601 0.125 0.5603953 0.1874864 0.5991453 0.125 0.6321249 0.125 0.5962601 0.1875 0.6319888 0.125 0.6679896 0.125 0.6321249 0.1875 0.6645727 0.125 0.7038543 0.125 0.6679896 0.1875 0.6645727 0.25 0.6903386 0.1875 0.6927039 0.25 0.6632344 0.3125 0.6927039 0.25 0.6903386 0.3125 0.6645725 0.3750001 0.7038544 0.3125 0.6927039 0.3125 0.6319888 0.3750001 0.6679897 0.3125 0.6645725 0.3122694 0.5991453 0.3750001 0.6321249 0.3125 0.6319888 0.3098958 0.5699311 0.3750001 0.5962601 0.3122694 0.5991453 0.2491319 0.571932 0.3122694 0.5991453 0.2498915 0.6002732 0.2491319 0.571932 0.1874864 0.5991453 0.1873915 0.5699131 0.1872016 0.5151981 0.2465278 0.5313513 0.187066 0.5309908 0.2465278 0.5313513 0.187188 0.5482978 0.187066 0.5309908 0.2476128 0.5152431 0.2999132 0.5310269 0.2465278 0.5313513 0.2465278 0.5313513 0.3032363 0.5483744 0.2475043 0.5494785 0.125 0.5 0.1872016 0.5151981 0.125 0.5150989 0.1872016 0.5151981 0.125 0.5301977 0.125 0.5150989 0.187066 0.5309908 0.125 0.5452966 0.125 0.5301977 0.187188 0.5482978 0.125 0.5603953 0.125 0.5452966 0.2475043 0.5494785 0.1873915 0.5699131 0.187188 0.5482978 0.2475043 0.5494785 0.3098958 0.5699311 0.2491319 0.571932 0.3032363 0.5483744 0.3750001 0.5603953 0.3098958 0.5699311 0.2999132 0.5310269 0.3462999 0.5461617 0.3032363 0.5483744 0.3034668 0.5152025 0.3402778 0.5304861 0.2999132 0.5310269 0.3125001 0.5000001 0.3463542 0.5151349 0.3034668 0.5152025 0.25 0.5000001 0.3034668 0.5152025 0.2476128 0.5152431 0.1875 0.5000001 0.2476128 0.5152431 0.1872016 0.5151981 0.2111284 0.5209435 0.2558835 0.5328515 0.2571494 0.5194179 0.2571494 0.5194179 0.3132354 0.5316503 0.3133937 0.5175221 0.2071277 0.5335931 0.2551842 0.5504592 0.2558835 0.5328515 0.2558835 0.5328515 0.3129311 0.5484796 0.3132354 0.5316503 0.1875 0.5150989 0.2111284 0.5209435 0.2139074 0.5126839 0.2139074 0.5126839 0.2571494 0.5194179 0.257909 0.5100892 0.2571494 0.5194179 0.3134886 0.507133 0.257909 0.5100892 0.3133937 0.5175221 0.375 0.5 0.3134886 0.507133 0.3132354 0.5316503 0.375 0.5150989 0.3133937 0.5175221 0.3129311 0.5484796 0.3750001 0.5301977 0.3132354 0.5316503 0.3105469 0.5700753 0.3750001 0.5452966 0.3129311 0.5484796 0.2551842 0.5504592 0.3105469 0.5700753 0.3129311 0.5484796 0.2053207 0.551246 0.2543403 0.5730857 0.2551842 0.5504592 0.1671127 0.5513758 0.2049696 0.5740951 0.2053207 0.551246 0.1702353 0.5338389 0.2053207 0.551246 0.2071277 0.5335931 0.1779373 0.5216948 0.2071277 0.5335931 0.2111284 0.5209435 0.3659669 0.5151033 0.3715277 0.5301977 0.3624132 0.5302338 0.3624132 0.5302338 0.3726128 0.5452965 0.3659669 0.5453732 0.3726128 0.5150989 0.374566 0.5301977 0.3715277 0.5301977 0.3715277 0.5301977 0.3747016 0.5452966 0.3726128 0.5452965 0.3750001 0.5000001 0.3659669 0.5151033 0.3463542 0.5151349 0.3463542 0.5151349 0.3624132 0.5302338 0.3402778 0.5304861 0.3402778 0.5304861 0.3659669 0.5453732 0.3462999 0.5461617 0.3462999 0.5461617 0.375 0.5603954 0.3750001 0.5603953 0.3659669 0.5453732 0.3750001 0.5603954 0.375 0.5603954 0.3726128 0.5452965 0.3750001 0.5603954 0.3750001 0.5603954 0.3747016 0.5452966 0.375 0.5603954 0.3750001 0.5603954 0.374566 0.5301977 0.3750001 0.5452966 0.3747016 0.5452966 0.3747016 0.5150989 0.3750001 0.5301977 0.374566 0.5301977 0.375 0.5000001 0.375 0.5150989 0.3747016 0.5150989 0.375 0.5000001 0.3747016 0.5150989 0.3726128 0.5150989 0.375 0.5000001 0.3726128 0.5150989 0.3659669 0.5151033 0.1302083 0.662299 0.125651 0.6319826 0.125651 0.6644557 0.1302083 0.6318775 0.125651 0.5992437 0.125651 0.6319826 0.1425781 0.6614805 0.1302083 0.6318775 0.1302083 0.662299 0.1425781 0.6318342 0.1302083 0.6010602 0.1302083 0.6318775 0.125651 0.692535 0.125 0.6679896 0.125 0.7038543 0.125651 0.6644557 0.125 0.6321249 0.125 0.6679896 0.125651 0.6319826 0.125 0.5962601 0.125 0.6321249 0.125651 0.5992437 0.125 0.5603953 0.125 0.5962601 0.1302083 0.6010602 0.125651 0.5700573 0.125651 0.5992437 0.1425781 0.6017488 0.1302083 0.5730856 0.1302083 0.6010602 0.1666666 0.6018472 0.1425781 0.5740951 0.1425781 0.6017488 0.1666666 0.631828 0.1425781 0.6017488 0.1425781 0.6318342 0.1666666 0.6613637 0.1425781 0.6318342 0.1425781 0.6614805 0.1666666 0.6876355 0.1425781 0.6614805 0.1425781 0.6878045 0.1425781 0.6878045 0.1302083 0.662299 0.1302083 0.6889871 0.1302083 0.6889871 0.125651 0.6644557 0.125651 0.692535 0.1875 0.7118746 0.25 0.7255756 0.1875 0.7259981 0.1875 0.7259981 0.25 0.7382947 0.1875 0.7383475 0.3125 0.7118746 0.25 0.7255756 0.25 0.7104914 0.3125 0.725998 0.25 0.7382947 0.25 0.7255756 0.125 0.7038543 0.1875 0.7118746 0.125 0.7153909 0.125 0.7153909 0.1875 0.7259981 0.125 0.7269272 0.125 0.7269272 0.1875 0.7383475 0.125 0.7384636 0.125 0.7384636 0.1875 0.7500001 0.125 0.7500001 0.1875 0.7383475 0.25 0.7500001 0.1875 0.7500001 0.3125 0.7383475 0.25 0.7500001 0.25 0.7382947 0.3750001 0.7384637 0.3125001 0.7500001 0.3125 0.7383475 0.3750001 0.7269272 0.3125 0.7383475 0.3125 0.725998 0.3750001 0.7153909 0.3125 0.725998 0.3125 0.7118746 0.3750001 0.7038544 0.3125 0.7118746 0.3125 0.6927039 0.3125 0.6927039 0.25 0.7104914 0.25 0.6903386 0.1875 0.6927039 0.25 0.7104914 0.1875 0.7118746 0.2063922 0.7235646 0.25 0.7083971 0.2046727 0.7083815 0.25 0.7236891 0.2953273 0.7083815 0.25 0.7083971 0.2102347 0.7338015 0.25 0.7236891 0.2063922 0.7235646 0.25 0.7342089 0.2936078 0.7235647 0.25 0.7236891 0.1671127 0.708366 0.2044271 0.6876356 0.1666666 0.6876355 0.2046727 0.7083815 0.25 0.6876355 0.2044271 0.6876356 0.25 0.7083971 0.2955729 0.6876356 0.25 0.6876355 0.2955729 0.6876356 0.3328873 0.708366 0.3333333 0.6876355 0.2953273 0.7083815 0.3297647 0.7234399 0.3328873 0.708366 0.2936078 0.7235647 0.3220627 0.7333359 0.3297647 0.7234399 0.2897654 0.7338016 0.3125 0.7384636 0.3220627 0.7333359 0.25 0.7409916 0.2897654 0.7338016 0.25 0.7342089 0.2129188 0.7401463 0.25 0.7342089 0.2102347 0.7338015 0.1875 0.7384636 0.2102347 0.7338015 0.1779373 0.7333359 0.1779373 0.7333359 0.2063922 0.7235646 0.1702353 0.7234399 0.1702353 0.7234399 0.2046727 0.7083815 0.1671127 0.708366 0.1307267 0.5504592 0.1281226 0.5316502 0.1259599 0.5484794 0.1343557 0.5328515 0.1349133 0.517522 0.1281226 0.5316502 0.1431327 0.5512459 0.1343557 0.5328515 0.1307267 0.5504592 0.1470149 0.5335931 0.1446277 0.519418 0.1343557 0.5328515 0.125651 0.5700573 0.125 0.5452966 0.125 0.5603953 0.1259599 0.5484794 0.125 0.5301977 0.125 0.5452966 0.1281226 0.5316502 0.125 0.5150989 0.125 0.5301977 0.1349133 0.517522 0.125 0.5 0.125 0.5150989 0.1446277 0.519418 0.1545259 0.507133 0.1349133 0.517522 0.157431 0.5209435 0.1667631 0.5100892 0.1446277 0.519418 0.1779373 0.5216948 0.1775033 0.5126839 0.157431 0.5209435 0.1702353 0.5338389 0.157431 0.5209435 0.1470149 0.5335931 0.1671127 0.5513758 0.1470149 0.5335931 0.1431327 0.5512459 0.1666666 0.5742393 0.1431327 0.5512459 0.1425781 0.5740951 0.1425781 0.5740951 0.1307267 0.5504592 0.1302083 0.5730856 0.1302083 0.5730856 0.1259599 0.5484794 0.125651 0.5700573 0.3032212 0.7481132 0.25 0.7475076 0.25 0.7489675 0.25 0.7489675 0.2040051 0.7462815 0.1967788 0.7481132 0.2900637 0.7439115 0.25 0.7475076 0.2959949 0.7462815 0.25 0.7475076 0.2099363 0.7439115 0.2040051 0.7462815 0.3750001 0.7500001 0.3032212 0.7481132 0.3125001 0.7500001 0.3125001 0.7500001 0.25 0.7489675 0.25 0.7500001 0.25 0.7500001 0.1967788 0.7481132 0.1875 0.7500001 0.1967788 0.7481132 0.125 0.7500001 0.1875 0.7500001 0.1967788 0.7481132 0.1667631 0.7422913 0.1545259 0.7445501 0.2040051 0.7462815 0.1775033 0.7403088 0.1667631 0.7422913 0.2099363 0.7439115 0.1875 0.7384636 0.1775033 0.7403088 0.25 0.7451175 0.2129188 0.7401463 0.2099363 0.7439115 0.2870813 0.7401464 0.25 0.7451175 0.2900637 0.7439115 0.3125 0.7384636 0.2900637 0.7439115 0.3224967 0.7403088 0.3224967 0.7403088 0.2959949 0.7462815 0.3332369 0.7422912 0.3332369 0.7422912 0.3032212 0.7481132 0.3454741 0.7445501 0.1971014 0.5023916 0.2550154 0.5020505 0.2525801 0.5007282 0.2525801 0.5007282 0.3131269 0.5007281 0.3128225 0.50015 0.2046321 0.5047156 0.2570409 0.5047155 0.2550154 0.5020505 0.2550154 0.5020505 0.3133801 0.5023916 0.3131269 0.5007281 0.125 0.5 0.1971014 0.5023916 0.1875 0.5000001 0.1875 0.5000001 0.2525801 0.5007282 0.25 0.5000001 0.25 0.5000001 0.3128225 0.50015 0.3125001 0.5000001 0.3125001 0.5000001 0.375 0.5000001 0.3750001 0.5000001 0.3128225 0.50015 0.375 0.5000001 0.375 0.5000001 0.3131269 0.5007281 0.375 0.5000001 0.375 0.5000001 0.3133801 0.5023916 0.375 0.5 0.375 0.5000001 0.2570409 0.5047155 0.3134886 0.507133 0.3133801 0.5023916 0.2108165 0.5077595 0.257909 0.5100892 0.2570409 0.5047155 0.1875 0.5150989 0.2108165 0.5077595 0.1775033 0.5126839 0.1775033 0.5126839 0.2046321 0.5047156 0.1667631 0.5100892 0.1667631 0.5100892 0.1971014 0.5023916 0.1545259 0.507133 0.3692733 0.7094042 0.3718774 0.7254796 0.3740401 0.7116937 0.3656443 0.724312 0.3650867 0.73657 0.3718774 0.7254796 0.3568673 0.7085074 0.3656443 0.724312 0.3692733 0.7094042 0.3529852 0.7236425 0.3553724 0.7350902 0.3656443 0.724312 0.374349 0.692535 0.3750001 0.7153909 0.3750001 0.7038544 0.3740401 0.7116937 0.3750001 0.7269272 0.3750001 0.7153909 0.3718774 0.7254796 0.3750001 0.7384637 0.3750001 0.7269272 0.3650867 0.73657 0.3750001 0.7500001 0.3750001 0.7384637 0.3553724 0.7350902 0.3454741 0.7445501 0.3650867 0.73657 0.342569 0.7339117 0.3332369 0.7422912 0.3553724 0.7350902 0.3220627 0.7333359 0.3224967 0.7403088 0.342569 0.7339117 0.3297647 0.7234399 0.342569 0.7339117 0.3529852 0.7236425 0.3328873 0.708366 0.3529852 0.7236425 0.3568673 0.7085074 0.3333333 0.6876355 0.3568673 0.7085074 0.3574219 0.6878044 0.3574219 0.6878044 0.3692733 0.7094042 0.3697917 0.6889871 0.3697917 0.6889871 0.3740401 0.7116937 0.374349 0.692535 0.3746881 0.5961386 0.3706598 0.6304354 0.3744575 0.6311534 0.3744575 0.6311534 0.3699002 0.6621187 0.3743626 0.664352 0.3725043 0.5960489 0.3599175 0.6301758 0.3706598 0.6304354 0.3706598 0.6304354 0.3577339 0.6612732 0.3699002 0.6621187 0.3750001 0.5603953 0.3746881 0.5961386 0.3750001 0.5962601 0.3750001 0.5962601 0.3744575 0.6311534 0.3750001 0.6321249 0.3750001 0.6321249 0.3743626 0.664352 0.3750001 0.6679897 0.3750001 0.6679897 0.374349 0.692535 0.3750001 0.7038544 0.3743626 0.664352 0.3697917 0.6889871 0.374349 0.692535 0.3699002 0.6621187 0.3574219 0.6878044 0.3697917 0.6889871 0.3577339 0.6612732 0.3333333 0.6876355 0.3574219 0.6878044 0.3599175 0.6301758 0.3337674 0.6611834 0.3577339 0.6612732 0.3656548 0.5960886 0.3368056 0.6303859 0.3599175 0.6301758 0.3750001 0.5603954 0.3458659 0.5968719 0.3656548 0.5960886 0.3750001 0.5603954 0.3656548 0.5960886 0.3725043 0.5960489 0.375 0.5603954 0.3725043 0.5960489 0.3746881 0.5961386 0.1349133 0.73657 0.1343557 0.7243119 0.1281226 0.7254795 0.1281226 0.7254795 0.1307268 0.7094042 0.1259599 0.7116936 0.1446277 0.7350901 0.1470149 0.7236425 0.1343557 0.7243119 0.1343557 0.7243119 0.1431327 0.7085074 0.1307268 0.7094042 0.125 0.7500001 0.1349133 0.73657 0.125 0.7384636 0.125 0.7384636 0.1281226 0.7254795 0.125 0.7269272 0.125 0.7269272 0.1259599 0.7116936 0.125 0.7153909 0.125 0.7153909 0.125651 0.692535 0.125 0.7038543 0.1259599 0.7116936 0.1302083 0.6889871 0.125651 0.692535 0.1307268 0.7094042 0.1425781 0.6878045 0.1302083 0.6889871 0.1431327 0.7085074 0.1666666 0.6876355 0.1425781 0.6878045 0.1470149 0.7236425 0.1671127 0.708366 0.1431327 0.7085074 0.157431 0.7339117 0.1702353 0.7234399 0.1470149 0.7236425 0.1775033 0.7403088 0.1779373 0.7333359 0.157431 0.7339117 0.1667631 0.7422913 0.157431 0.7339117 0.1446277 0.7350901 0.1545259 0.7445501 0.1446277 0.7350901 0.1349133 0.73657 0.2045356 0.631792 0.2526042 0.601018 0.2047526 0.6017435 0.2508681 0.6315397 0.3035753 0.5991883 0.2526042 0.601018 0.2044407 0.661359 0.2508681 0.6315397 0.2045356 0.631792 0.2501085 0.6613276 0.2980686 0.6309629 0.2508681 0.6315397 0.1666666 0.5742393 0.2047526 0.6017435 0.2049696 0.5740951 0.2047526 0.6017435 0.2543403 0.5730857 0.2049696 0.5740951 0.2526042 0.601018 0.3105469 0.5700753 0.2543403 0.5730857 0.3035753 0.5991883 0.375 0.5603954 0.3105469 0.5700753 0.2980686 0.6309629 0.3458659 0.5968719 0.3035753 0.5991883 0.2958849 0.6612554 0.3368056 0.6303859 0.2980686 0.6309629 0.2955729 0.6876356 0.3337674 0.6611834 0.2958849 0.6612554 0.25 0.6876355 0.2958849 0.6612554 0.2501085 0.6613276 0.2044271 0.6876356 0.2501085 0.6613276 0.2044407 0.661359 0.1666666 0.6876355 0.2044407 0.661359 0.1666666 0.6613637 0.1666666 0.6613637 0.2045356 0.631792 0.1666666 0.631828 0.1666666 0.6018472 0.2045356 0.631792 0.2047526 0.6017435 0.2498915 0.6002732 0.1875 0.6319888 0.1874864 0.5991453 0.25 0.631927 0.1875 0.6645727 0.1875 0.6319888 0.2498915 0.6002732 0.3125 0.6319888 0.25 0.631927 0.25 0.631927 0.3125 0.6645725 0.25 0.6632344 0.1873915 0.5699131 0.125 0.5962601 0.125 0.5603953 0.1874864 0.5991453 0.125 0.6321249 0.125 0.5962601 0.1875 0.6319888 0.125 0.6679896 0.125 0.6321249 0.1875 0.6645727 0.125 0.7038543 0.125 0.6679896 0.25 0.6632344 0.1875 0.6927039 0.1875 0.6645727 0.3125 0.6645725 0.25 0.6903386 0.25 0.6632344 0.3125 0.6645725 0.3750001 0.7038544 0.3125 0.6927039 0.3125 0.6319888 0.3750001 0.6679897 0.3125 0.6645725 0.3122694 0.5991453 0.3750001 0.6321249 0.3125 0.6319888 0.3098958 0.5699311 0.3750001 0.5962601 0.3122694 0.5991453 0.2491319 0.571932 0.3122694 0.5991453 0.2498915 0.6002732 0.2491319 0.571932 0.1874864 0.5991453 0.1873915 0.5699131 0.2476128 0.5152431 0.187066 0.5309908 0.1872016 0.5151981 0.2465278 0.5313513 0.187188 0.5482978 0.187066 0.5309908 0.3034668 0.5152025 0.2465278 0.5313513 0.2476128 0.5152431 0.2465278 0.5313513 0.3032363 0.5483744 0.2475043 0.5494785 0.1875 0.5000001 0.125 0.5150989 0.125 0.5 0.1872016 0.5151981 0.125 0.5301977 0.125 0.5150989 0.187066 0.5309908 0.125 0.5452966 0.125 0.5301977 0.187188 0.5482978 0.125 0.5603953 0.125 0.5452966 0.2475043 0.5494785 0.1873915 0.5699131 0.187188 0.5482978 0.2475043 0.5494785 0.3098958 0.5699311 0.2491319 0.571932 0.3032363 0.5483744 0.3750001 0.5603953 0.3098958 0.5699311 0.2999132 0.5310269 0.3462999 0.5461617 0.3032363 0.5483744 0.3034668 0.5152025 0.3402778 0.5304861 0.2999132 0.5310269 0.3750001 0.5000001 0.3034668 0.5152025 0.3125001 0.5000001 0.3125001 0.5000001 0.2476128 0.5152431 0.25 0.5000001 0.25 0.5000001 0.1872016 0.5151981 0.1875 0.5000001 0.2111284 0.5209435 0.2558835 0.5328515 0.2571494 0.5194179 0.2558835 0.5328515 0.3133937 0.5175221 0.2571494 0.5194179 0.2053207 0.551246 0.2558835 0.5328515 0.2071277 0.5335931 0.2551842 0.5504592 0.3132354 0.5316503 0.2558835 0.5328515 0.1875 0.5150989 0.2111284 0.5209435 0.2139074 0.5126839 0.2139074 0.5126839 0.2571494 0.5194179 0.257909 0.5100892 0.2571494 0.5194179 0.3134886 0.507133 0.257909 0.5100892 0.3133937 0.5175221 0.375 0.5 0.3134886 0.507133 0.3132354 0.5316503 0.375 0.5150989 0.3133937 0.5175221 0.3129311 0.5484796 0.3750001 0.5301977 0.3132354 0.5316503 0.3105469 0.5700753 0.3750001 0.5452966 0.3129311 0.5484796 0.2543403 0.5730857 0.3129311 0.5484796 0.2551842 0.5504592 0.2049696 0.5740951 0.2551842 0.5504592 0.2053207 0.551246 0.1671127 0.5513758 0.2049696 0.5740951 0.2053207 0.551246 0.1702353 0.5338389 0.2053207 0.551246 0.2071277 0.5335931 0.1779373 0.5216948 0.2071277 0.5335931 0.2111284 0.5209435 0.3659669 0.5151033 0.3715277 0.5301977 0.3624132 0.5302338 0.3624132 0.5302338 0.3726128 0.5452965 0.3659669 0.5453732 0.3726128 0.5150989 0.374566 0.5301977 0.3715277 0.5301977 0.3715277 0.5301977 0.3747016 0.5452966 0.3726128 0.5452965 0.3750001 0.5000001 0.3659669 0.5151033 0.3463542 0.5151349 0.3463542 0.5151349 0.3624132 0.5302338 0.3402778 0.5304861 0.3402778 0.5304861 0.3659669 0.5453732 0.3462999 0.5461617 0.3462999 0.5461617 0.375 0.5603954 0.3750001 0.5603953 0.3659669 0.5453732 0.3750001 0.5603954 0.375 0.5603954 0.3726128 0.5452965 0.3750001 0.5603954 0.3750001 0.5603954 0.3747016 0.5452966 0.375 0.5603954 0.3750001 0.5603954 0.374566 0.5301977 0.3750001 0.5452966 0.3747016 0.5452966 0.3747016 0.5150989 0.3750001 0.5301977 0.374566 0.5301977 0.375 0.5000001 0.375 0.5150989 0.3747016 0.5150989 0.375 0.5000001 0.3747016 0.5150989 0.3726128 0.5150989 0.375 0.5000001 0.3726128 0.5150989 0.3659669 0.5151033 0.1302083 0.662299 0.125651 0.6319826 0.125651 0.6644557 0.1302083 0.6318775 0.125651 0.5992437 0.125651 0.6319826 0.1425781 0.6614805 0.1302083 0.6318775 0.1302083 0.662299 0.1425781 0.6318342 0.1302083 0.6010602 0.1302083 0.6318775 0.125651 0.692535 0.125 0.6679896 0.125 0.7038543 0.125651 0.6644557 0.125 0.6321249 0.125 0.6679896 0.125651 0.6319826 0.125 0.5962601 0.125 0.6321249 0.125651 0.5992437 0.125 0.5603953 0.125 0.5962601 0.1302083 0.6010602 0.125651 0.5700573 0.125651 0.5992437 0.1425781 0.6017488 0.1302083 0.5730856 0.1302083 0.6010602 0.1666666 0.6018472 0.1425781 0.5740951 0.1425781 0.6017488 0.1666666 0.631828 0.1425781 0.6017488 0.1425781 0.6318342 0.1666666 0.6613637 0.1425781 0.6318342 0.1425781 0.6614805 0.1425781 0.6878045 0.1666666 0.6613637 0.1425781 0.6614805 0.1425781 0.6878045 0.1302083 0.662299 0.1302083 0.6889871 0.1302083 0.6889871 0.125651 0.6644557 0.125651 0.692535 0.1875 0.7118746 0.25 0.7255756 0.1875 0.7259981 0.1875 0.7259981 0.25 0.7382947 0.1875 0.7383475 0.3125 0.7118746 0.25 0.7255756 0.25 0.7104914 0.3125 0.725998 0.25 0.7382947 0.25 0.7255756 0.125 0.7038543 0.1875 0.7118746 0.125 0.7153909 0.125 0.7153909 0.1875 0.7259981 0.125 0.7269272 0.125 0.7269272 0.1875 0.7383475 0.125 0.7384636 0.125 0.7384636 0.1875 0.7500001 0.125 0.7500001 0.1875 0.7383475 0.25 0.7500001 0.1875 0.7500001 0.3125 0.7383475 0.25 0.7500001 0.25 0.7382947 0.3750001 0.7384637 0.3125001 0.7500001 0.3125 0.7383475 0.3750001 0.7269272 0.3125 0.7383475 0.3125 0.725998 0.3750001 0.7153909 0.3125 0.725998 0.3125 0.7118746 0.3750001 0.7038544 0.3125 0.7118746 0.3125 0.6927039 0.3125 0.6927039 0.25 0.7104914 0.25 0.6903386 0.1875 0.6927039 0.25 0.7104914 0.1875 0.7118746 0.2063922 0.7235646 0.25 0.7083971 0.2046727 0.7083815 0.25 0.7083971 0.2936078 0.7235647 0.2953273 0.7083815 0.2102347 0.7338015 0.25 0.7236891 0.2063922 0.7235646 0.25 0.7236891 0.2897654 0.7338016 0.2936078 0.7235647 0.1671127 0.708366 0.2044271 0.6876356 0.1666666 0.6876355 0.2046727 0.7083815 0.25 0.6876355 0.2044271 0.6876356 0.25 0.6876355 0.2953273 0.7083815 0.2955729 0.6876356 0.2955729 0.6876356 0.3328873 0.708366 0.3333333 0.6876355 0.2953273 0.7083815 0.3297647 0.7234399 0.3328873 0.708366 0.2936078 0.7235647 0.3220627 0.7333359 0.3297647 0.7234399 0.2897654 0.7338016 0.3125 0.7384636 0.3220627 0.7333359 0.25 0.7342089 0.2870813 0.7401464 0.2897654 0.7338016 0.2129188 0.7401463 0.25 0.7342089 0.2102347 0.7338015 0.1875 0.7384636 0.2102347 0.7338015 0.1779373 0.7333359 0.1779373 0.7333359 0.2063922 0.7235646 0.1702353 0.7234399 0.1702353 0.7234399 0.2046727 0.7083815 0.1671127 0.708366 0.1307267 0.5504592 0.1281226 0.5316502 0.1259599 0.5484794 0.1343557 0.5328515 0.1349133 0.517522 0.1281226 0.5316502 0.1431327 0.5512459 0.1343557 0.5328515 0.1307267 0.5504592 0.1470149 0.5335931 0.1446277 0.519418 0.1343557 0.5328515 0.125651 0.5700573 0.125 0.5452966 0.125 0.5603953 0.1259599 0.5484794 0.125 0.5301977 0.125 0.5452966 0.1281226 0.5316502 0.125 0.5150989 0.125 0.5301977 0.1349133 0.517522 0.125 0.5 0.125 0.5150989 0.1446277 0.519418 0.1545259 0.507133 0.1349133 0.517522 0.157431 0.5209435 0.1667631 0.5100892 0.1446277 0.519418 0.1779373 0.5216948 0.1775033 0.5126839 0.157431 0.5209435 0.1702353 0.5338389 0.157431 0.5209435 0.1470149 0.5335931 0.1671127 0.5513758 0.1470149 0.5335931 0.1431327 0.5512459 0.1666666 0.5742393 0.1431327 0.5512459 0.1425781 0.5740951 0.1425781 0.5740951 0.1307267 0.5504592 0.1302083 0.5730856 0.1302083 0.5730856 0.1259599 0.5484794 0.125651 0.5700573 0.2959949 0.7462815 0.25 0.7489675 0.3032212 0.7481132 0.25 0.7489675 0.2040051 0.7462815 0.1967788 0.7481132 0.2900637 0.7439115 0.25 0.7475076 0.2959949 0.7462815 0.25 0.7475076 0.2099363 0.7439115 0.2040051 0.7462815 0.3750001 0.7500001 0.3032212 0.7481132 0.3125001 0.7500001 0.3125001 0.7500001 0.25 0.7489675 0.25 0.7500001 0.25 0.7489675 0.1875 0.7500001 0.25 0.7500001 0.1967788 0.7481132 0.125 0.7500001 0.1875 0.7500001 0.1967788 0.7481132 0.1667631 0.7422913 0.1545259 0.7445501 0.2040051 0.7462815 0.1775033 0.7403088 0.1667631 0.7422913 0.2099363 0.7439115 0.1875 0.7384636 0.1775033 0.7403088 0.25 0.7451175 0.2129188 0.7401463 0.2099363 0.7439115 0.2870813 0.7401464 0.25 0.7451175 0.2900637 0.7439115 0.3125 0.7384636 0.2900637 0.7439115 0.3224967 0.7403088 0.3224967 0.7403088 0.2959949 0.7462815 0.3332369 0.7422912 0.3332369 0.7422912 0.3032212 0.7481132 0.3454741 0.7445501 0.2046321 0.5047156 0.2525801 0.5007282 0.1971014 0.5023916 0.2525801 0.5007282 0.3131269 0.5007281 0.3128225 0.50015 0.2108165 0.5077595 0.2550154 0.5020505 0.2046321 0.5047156 0.2550154 0.5020505 0.3133801 0.5023916 0.3131269 0.5007281 0.1545259 0.507133 0.1875 0.5000001 0.125 0.5 0.1971014 0.5023916 0.25 0.5000001 0.1875 0.5000001 0.2525801 0.5007282 0.3125001 0.5000001 0.25 0.5000001 0.3125001 0.5000001 0.375 0.5000001 0.3750001 0.5000001 0.3128225 0.50015 0.375 0.5000001 0.375 0.5000001 0.3131269 0.5007281 0.375 0.5000001 0.375 0.5000001 0.3133801 0.5023916 0.375 0.5 0.375 0.5000001 0.2570409 0.5047155 0.3134886 0.507133 0.3133801 0.5023916 0.2139074 0.5126839 0.2570409 0.5047155 0.2108165 0.5077595 0.1875 0.5150989 0.2108165 0.5077595 0.1775033 0.5126839 0.1775033 0.5126839 0.2046321 0.5047156 0.1667631 0.5100892 0.1667631 0.5100892 0.1971014 0.5023916 0.1545259 0.507133 0.3692733 0.7094042 0.3718774 0.7254796 0.3740401 0.7116937 0.3656443 0.724312 0.3650867 0.73657 0.3718774 0.7254796 0.3568673 0.7085074 0.3656443 0.724312 0.3692733 0.7094042 0.3529852 0.7236425 0.3553724 0.7350902 0.3656443 0.724312 0.374349 0.692535 0.3750001 0.7153909 0.3750001 0.7038544 0.3740401 0.7116937 0.3750001 0.7269272 0.3750001 0.7153909 0.3718774 0.7254796 0.3750001 0.7384637 0.3750001 0.7269272 0.3650867 0.73657 0.3750001 0.7500001 0.3750001 0.7384637 0.3553724 0.7350902 0.3454741 0.7445501 0.3650867 0.73657 0.342569 0.7339117 0.3332369 0.7422912 0.3553724 0.7350902 0.3220627 0.7333359 0.3224967 0.7403088 0.342569 0.7339117 0.3297647 0.7234399 0.342569 0.7339117 0.3529852 0.7236425 0.3328873 0.708366 0.3529852 0.7236425 0.3568673 0.7085074 0.3333333 0.6876355 0.3568673 0.7085074 0.3574219 0.6878044 0.3574219 0.6878044 0.3692733 0.7094042 0.3697917 0.6889871 0.3697917 0.6889871 0.3740401 0.7116937 0.374349 0.692535 0.3746881 0.5961386 0.3706598 0.6304354 0.3744575 0.6311534 0.3744575 0.6311534 0.3699002 0.6621187 0.3743626 0.664352 0.3725043 0.5960489 0.3599175 0.6301758 0.3706598 0.6304354 0.3706598 0.6304354 0.3577339 0.6612732 0.3699002 0.6621187 0.3750001 0.5603953 0.3746881 0.5961386 0.3750001 0.5962601 0.3750001 0.5962601 0.3744575 0.6311534 0.3750001 0.6321249 0.3750001 0.6321249 0.3743626 0.664352 0.3750001 0.6679897 0.3750001 0.6679897 0.374349 0.692535 0.3750001 0.7038544 0.3743626 0.664352 0.3697917 0.6889871 0.374349 0.692535 0.3699002 0.6621187 0.3574219 0.6878044 0.3697917 0.6889871 0.3337674 0.6611834 0.3574219 0.6878044 0.3577339 0.6612732 0.3599175 0.6301758 0.3337674 0.6611834 0.3577339 0.6612732 0.3656548 0.5960886 0.3368056 0.6303859 0.3599175 0.6301758 0.3750001 0.5603954 0.3458659 0.5968719 0.3656548 0.5960886 0.3750001 0.5603954 0.3656548 0.5960886 0.3725043 0.5960489 0.375 0.5603954 0.3725043 0.5960489 0.3746881 0.5961386 0.1349133 0.73657 0.1343557 0.7243119 0.1281226 0.7254795 0.1281226 0.7254795 0.1307268 0.7094042 0.1259599 0.7116936 0.1446277 0.7350901 0.1470149 0.7236425 0.1343557 0.7243119 0.1343557 0.7243119 0.1431327 0.7085074 0.1307268 0.7094042 0.125 0.7500001 0.1349133 0.73657 0.125 0.7384636 0.125 0.7384636 0.1281226 0.7254795 0.125 0.7269272 0.125 0.7269272 0.1259599 0.7116936 0.125 0.7153909 0.125 0.7153909 0.125651 0.692535 0.125 0.7038543 0.1259599 0.7116936 0.1302083 0.6889871 0.125651 0.692535 0.1307268 0.7094042 0.1425781 0.6878045 0.1302083 0.6889871 0.1431327 0.7085074 0.1666666 0.6876355 0.1425781 0.6878045 0.1470149 0.7236425 0.1671127 0.708366 0.1431327 0.7085074 0.157431 0.7339117 0.1702353 0.7234399 0.1470149 0.7236425 0.1775033 0.7403088 0.1779373 0.7333359 0.157431 0.7339117 0.1667631 0.7422913 0.157431 0.7339117 0.1446277 0.7350901 0.1545259 0.7445501 0.1446277 0.7350901 0.1349133 0.73657 0.2047526 0.6017435 0.2508681 0.6315397 0.2526042 0.601018 0.2508681 0.6315397 0.3035753 0.5991883 0.2526042 0.601018 0.2045356 0.631792 0.2501085 0.6613276 0.2508681 0.6315397 0.2508681 0.6315397 0.2958849 0.6612554 0.2980686 0.6309629 0.1666666 0.5742393 0.2047526 0.6017435 0.2049696 0.5740951 0.2049696 0.5740951 0.2526042 0.601018 0.2543403 0.5730857 0.2526042 0.601018 0.3105469 0.5700753 0.2543403 0.5730857 0.3035753 0.5991883 0.375 0.5603954 0.3105469 0.5700753 0.2980686 0.6309629 0.3458659 0.5968719 0.3035753 0.5991883 0.2958849 0.6612554 0.3368056 0.6303859 0.2980686 0.6309629 0.2958849 0.6612554 0.3333333 0.6876355 0.3337674 0.6611834 0.2501085 0.6613276 0.2955729 0.6876356 0.2958849 0.6612554 0.2044407 0.661359 0.25 0.6876355 0.2501085 0.6613276 0.1666666 0.6876355 0.2044407 0.661359 0.1666666 0.6613637 0.1666666 0.631828 0.2044407 0.661359 0.2045356 0.631792 0.1666666 0.6018472 0.2045356 0.631792 0.2047526 0.6017435 0.2498915 0.6002732 0.1875 0.6319888 0.1874864 0.5991453 0.25 0.631927 0.1875 0.6645727 0.1875 0.6319888 0.2498915 0.6002732 0.3125 0.6319888 0.25 0.631927 0.25 0.631927 0.3125 0.6645725 0.25 0.6632344 0.1873915 0.5699131 0.125 0.5962601 0.125 0.5603953 0.1874864 0.5991453 0.125 0.6321249 0.125 0.5962601 0.1875 0.6319888 0.125 0.6679896 0.125 0.6321249 0.1875 0.6645727 0.125 0.7038543 0.125 0.6679896 0.25 0.6632344 0.1875 0.6927039 0.1875 0.6645727 0.25 0.6632344 0.3125 0.6927039 0.25 0.6903386 0.3125 0.6645725 0.3750001 0.7038544 0.3125 0.6927039 0.3125 0.6319888 0.3750001 0.6679897 0.3125 0.6645725 0.3122694 0.5991453 0.3750001 0.6321249 0.3125 0.6319888 0.3098958 0.5699311 0.3750001 0.5962601 0.3122694 0.5991453 0.2491319 0.571932 0.3122694 0.5991453 0.2498915 0.6002732 0.2491319 0.571932 0.1874864 0.5991453 0.1873915 0.5699131 0.2476128 0.5152431 0.187066 0.5309908 0.1872016 0.5151981 0.2465278 0.5313513 0.187188 0.5482978 0.187066 0.5309908 0.2476128 0.5152431 0.2999132 0.5310269 0.2465278 0.5313513 0.2465278 0.5313513 0.3032363 0.5483744 0.2475043 0.5494785 0.125 0.5 0.1872016 0.5151981 0.125 0.5150989 0.1872016 0.5151981 0.125 0.5301977 0.125 0.5150989 0.187066 0.5309908 0.125 0.5452966 0.125 0.5301977 0.187188 0.5482978 0.125 0.5603953 0.125 0.5452966 0.2475043 0.5494785 0.1873915 0.5699131 0.187188 0.5482978 0.2475043 0.5494785 0.3098958 0.5699311 0.2491319 0.571932 0.3032363 0.5483744 0.3750001 0.5603953 0.3098958 0.5699311 0.2999132 0.5310269 0.3462999 0.5461617 0.3032363 0.5483744 0.3034668 0.5152025 0.3402778 0.5304861 0.2999132 0.5310269 0.3125001 0.5000001 0.3463542 0.5151349 0.3034668 0.5152025 0.25 0.5000001 0.3034668 0.5152025 0.2476128 0.5152431 0.1875 0.5000001 0.2476128 0.5152431 0.1872016 0.5151981 0.2111284 0.5209435 0.2558835 0.5328515 0.2571494 0.5194179 0.2558835 0.5328515 0.3133937 0.5175221 0.2571494 0.5194179 0.2071277 0.5335931 0.2551842 0.5504592 0.2558835 0.5328515 0.2551842 0.5504592 0.3132354 0.5316503 0.2558835 0.5328515 0.1875 0.5150989 0.2111284 0.5209435 0.2139074 0.5126839 0.2139074 0.5126839 0.2571494 0.5194179 0.257909 0.5100892 0.2571494 0.5194179 0.3134886 0.507133 0.257909 0.5100892 0.3133937 0.5175221 0.375 0.5 0.3134886 0.507133 0.3132354 0.5316503 0.375 0.5150989 0.3133937 0.5175221 0.3129311 0.5484796 0.3750001 0.5301977 0.3132354 0.5316503 0.3105469 0.5700753 0.3750001 0.5452966 0.3129311 0.5484796 0.2543403 0.5730857 0.3129311 0.5484796 0.2551842 0.5504592 0.2053207 0.551246 0.2543403 0.5730857 0.2551842 0.5504592 0.1671127 0.5513758 0.2049696 0.5740951 0.2053207 0.551246 0.1702353 0.5338389 0.2053207 0.551246 0.2071277 0.5335931 0.1779373 0.5216948 0.2071277 0.5335931 0.2111284 0.5209435 0.3659669 0.5151033 0.3715277 0.5301977 0.3624132 0.5302338 0.3624132 0.5302338 0.3726128 0.5452965 0.3659669 0.5453732 0.3726128 0.5150989 0.374566 0.5301977 0.3715277 0.5301977 0.3715277 0.5301977 0.3747016 0.5452966 0.3726128 0.5452965 0.3750001 0.5000001 0.3659669 0.5151033 0.3463542 0.5151349 0.3463542 0.5151349 0.3624132 0.5302338 0.3402778 0.5304861 0.3402778 0.5304861 0.3659669 0.5453732 0.3462999 0.5461617 0.3462999 0.5461617 0.375 0.5603954 0.3750001 0.5603953 0.3659669 0.5453732 0.3750001 0.5603954 0.375 0.5603954 0.3726128 0.5452965 0.3750001 0.5603954 0.3750001 0.5603954 0.3747016 0.5452966 0.375 0.5603954 0.3750001 0.5603954 0.374566 0.5301977 0.3750001 0.5452966 0.3747016 0.5452966 0.3747016 0.5150989 0.3750001 0.5301977 0.374566 0.5301977 0.375 0.5000001 0.375 0.5150989 0.3747016 0.5150989 0.375 0.5000001 0.3747016 0.5150989 0.3726128 0.5150989 0.375 0.5000001 0.3726128 0.5150989 0.3659669 0.5151033 0.1302083 0.662299 0.125651 0.6319826 0.125651 0.6644557 0.1302083 0.6318775 0.125651 0.5992437 0.125651 0.6319826 0.1425781 0.6614805 0.1302083 0.6318775 0.1302083 0.662299 0.1425781 0.6318342 0.1302083 0.6010602 0.1302083 0.6318775 0.125651 0.692535 0.125 0.6679896 0.125 0.7038543 0.125651 0.6644557 0.125 0.6321249 0.125 0.6679896 0.125651 0.6319826 0.125 0.5962601 0.125 0.6321249 0.125651 0.5992437 0.125 0.5603953 0.125 0.5962601 0.1302083 0.6010602 0.125651 0.5700573 0.125651 0.5992437 0.1425781 0.6017488 0.1302083 0.5730856 0.1302083 0.6010602 0.1666666 0.6018472 0.1425781 0.5740951 0.1425781 0.6017488 0.1666666 0.631828 0.1425781 0.6017488 0.1425781 0.6318342 0.1666666 0.6613637 0.1425781 0.6318342 0.1425781 0.6614805 0.1425781 0.6878045 0.1666666 0.6613637 0.1425781 0.6614805 0.1425781 0.6878045 0.1302083 0.662299 0.1302083 0.6889871 0.1302083 0.6889871 0.125651 0.6644557 0.125651 0.692535 0.3750001 1 0.4531303 0.8750001 0.375 0.8750001 0.3750001 0.7500001 0.4670894 0.7698703 0.4131945 0.7881946 0.4202353 0.7952354 0.4708818 0.805185 0.4375 0.8125001 0.4666481 0.875 0.4375 0.9375001 0.423804 0.8750001 0.3854167 0.8750001 0.4202353 0.9547647 0.4166667 0.9583334 0.3854167 0.8750001 0.4202353 0.7952354 0.3902392 0.8750001 0.3902392 0.8750001 0.4375 0.8125001 0.423804 0.8750001 0.3902392 0.8750001 0.4375 0.9375001 0.4202353 0.9547647 0.4131944 0.9618057 0.4675428 0.9774119 0.4670894 0.9801298 0.4131945 0.7881946 0.4675427 0.7725882 0.4166667 0.7916668 0.4375 0.8125001 0.4666481 0.875 0.423804 0.8750001 0.4202353 0.9547647 0.4708819 0.9448152 0.4670085 0.9723542 0.3750001 0.7500001 0.4531303 0.8750001 0.4510855 0.7500001 0.4166667 0.7916668 0.4670085 0.777646 0.4202353 0.7952354 0.3750001 1 0.3836806 0.8750001 0.4131944 0.9618057 0.3750001 0.7500001 0.3836806 0.8750001 0.375 0.8750001 0.3836806 0.8750001 0.4166667 0.7916668 0.3854167 0.8750001 0.3836806 0.8750001 0.4166667 0.9583334 0.4131944 0.9618057 0.4166667 0.9583334 0.4670085 0.9723542 0.4675428 0.9774119 0.4600667 0.875 0.4510856 1 0.4598906 1 0.4755965 0.8750001 0.4708818 0.805185 0.47988 0.8047031 0.4798801 0.945297 0.4670085 0.9723542 0.4708819 0.9448152 0.4745472 0.7770158 0.4675427 0.7725882 0.4733788 0.7721095 0.4722414 0.7694875 0.4510855 0.7500001 0.4598905 0.7500002 0.4733788 0.9778906 0.4670894 0.9801298 0.4675428 0.9774119 0.3750001 1 0.4670894 0.9801298 0.4510856 1 0.4510856 1 0.4722414 0.9805125 0.4598906 1 0.4670894 0.7698703 0.4733788 0.7721095 0.4675427 0.7725882 0.4670085 0.777646 0.47988 0.8047031 0.4708818 0.805185 0.4675428 0.9774119 0.4745473 0.9729843 0.4733788 0.9778906 0.4708819 0.9448152 0.4755965 0.8750001 0.4798801 0.945297 0.4510855 0.7500001 0.4600667 0.875 0.4598905 0.7500002 0.4375 0.0625 0.5000001 0.125 0.4375 0.125 0.5625001 0.0625 0.5000001 0.125 0.5000001 0.0625 0.5000001 0.125 0.4375 0.1875 0.4375 0.125 0.5000001 0.125 0.5625001 0.1875 0.5000001 0.1875 0.3750001 0 0.4375 0.0625 0.375 0.0625 0.4375 0 0.5000001 0.0625 0.4375 0.0625 0.5625001 0 0.5000001 0.0625 0.5000001 0 0.6250001 0 0.5625001 0.0625 0.5625001 0 0.6250001 0.0625 0.5625001 0.125 0.5625001 0.0625 0.5625001 0.125 0.6250001 0.1875 0.5625001 0.1875 0.5625001 0.1875 0.625 0.25 0.5625001 0.25 0.5000001 0.1875 0.5625001 0.25 0.5000001 0.25 0.5000001 0.1875 0.4375 0.25 0.4375 0.1875 0.4375 0.1875 0.375 0.25 0.375 0.1875 0.4375 0.125 0.375 0.1875 0.375 0.125 0.375 0.0625 0.4375 0.125 0.375 0.125 0.4375 0.3125 0.5000001 0.3750001 0.4375 0.3750001 0.5625001 0.3125 0.5000001 0.3750001 0.5000001 0.3125 0.5000001 0.3750001 0.4375 0.4375 0.4375 0.3750001 0.5000001 0.3750001 0.5625001 0.4375 0.5000001 0.4375 0.375 0.25 0.4375 0.3125 0.375 0.3125 0.4375 0.25 0.5000001 0.3125 0.4375 0.3125 0.5625001 0.25 0.5000001 0.3125 0.5000001 0.25 0.625 0.25 0.5625001 0.3125 0.5625001 0.25 0.6250001 0.3125 0.5625001 0.3750001 0.5625001 0.3125 0.5625001 0.3750001 0.6250001 0.4375 0.5625001 0.4375 0.5625001 0.4375 0.625 0.5 0.5625001 0.5 0.5000001 0.4375 0.5625001 0.5 0.5000001 0.5000001 0.5000001 0.4375 0.4375 0.5000001 0.4375 0.4375 0.4375 0.4375 0.375 0.5 0.375 0.4375 0.4375 0.3750001 0.375 0.4375 0.375 0.3750001 0.375 0.3125 0.4375 0.3750001 0.375 0.3750001 0.4375 0.5625001 0.5000001 0.625 0.4375 0.625 0.5625001 0.5625001 0.5000001 0.625 0.5000001 0.5625001 0.5000001 0.625 0.4375 0.6875001 0.4375 0.625 0.5000001 0.625 0.5625001 0.6875001 0.5000001 0.6875001 0.375 0.5 0.4375 0.5625001 0.3750001 0.5625001 0.4375 0.5000001 0.5000001 0.5625001 0.4375 0.5625001 0.5625001 0.5 0.5000001 0.5625001 0.5000001 0.5000001 0.625 0.5 0.5625001 0.5625001 0.5625001 0.5 0.625 0.5625001 0.5625001 0.625 0.5625001 0.5625001 0.5625001 0.625 0.6250001 0.6875001 0.5625001 0.6875001 0.5625001 0.6875001 0.625 0.75 0.5625001 0.7500001 0.5000001 0.6875001 0.5625001 0.7500001 0.5000001 0.75 0.5000001 0.6875001 0.4375 0.75 0.4375 0.6875001 0.4375 0.6875001 0.375 0.75 0.375 0.6875001 0.4375 0.625 0.375 0.6875001 0.3750001 0.625 0.3750001 0.5625001 0.4375 0.625 0.3750001 0.625 0.4375 0.8125001 0.5000001 0.8750001 0.4375 0.8750001 0.5625001 0.8125001 0.5000001 0.8750001 0.5000001 0.8125001 0.5000001 0.8750001 0.4375 0.9375001 0.4375 0.8750001 0.5000001 0.8750001 0.5625001 0.9375001 0.5000001 0.9375001 0.375 0.75 0.4375 0.8125001 0.375 0.8125001 0.4375 0.75 0.5000001 0.8125001 0.4375 0.8125001 0.5625001 0.7500001 0.5000001 0.8125001 0.5000001 0.75 0.625 0.75 0.5625001 0.8125001 0.5625001 0.7500001 0.6250001 0.8125001 0.5625001 0.8750001 0.5625001 0.8125001 0.5625001 0.8750001 0.6250001 0.9375001 0.5625001 0.9375001 0.5625001 0.9375001 0.6250001 1 0.5625001 1 0.5000001 0.9375001 0.5625001 1 0.5000001 1 0.5000001 0.9375001 0.4375 1 0.4375 0.9375001 0.4375 0.9375001 0.3750001 1 0.375 0.9375001 0.4375 0.8750001 0.375 0.9375001 0.375 0.8750001 0.375 0.8125001 0.4375 0.8750001 0.375 0.8750001 0.1875 0.5625001 0.25 0.625 0.1875 0.625 0.3125 0.5625001 0.25 0.625 0.25 0.5625001 0.25 0.625 0.1875 0.6875001 0.1875 0.625 0.25 0.625 0.3125 0.6875001 0.25 0.6875001 0.125 0.5000001 0.1875 0.5625001 0.125 0.5625001 0.1875 0.5000001 0.25 0.5625001 0.1875 0.5625001 0.3125001 0.5000001 0.25 0.5625001 0.25 0.5000001 0.375 0.5 0.3125 0.5625001 0.3125001 0.5000001 0.3750001 0.5625001 0.3125 0.625 0.3125 0.5625001 0.3125 0.625 0.375 0.6875001 0.3125 0.6875001 0.3125 0.6875001 0.375 0.75 0.3125001 0.7500001 0.25 0.6875001 0.3125001 0.7500001 0.25 0.7500001 0.25 0.6875001 0.1875 0.7500001 0.1875 0.6875001 0.1875 0.6875001 0.125 0.7500001 0.125 0.6875001 0.1875 0.625 0.125 0.6875001 0.125 0.6250001 0.125 0.5625001 0.1875 0.625 0.125 0.6250001 0.6875001 0.5625001 0.75 0.625 0.6875001 0.625 0.8125001 0.5625001 0.75 0.625 0.75 0.5625001 0.75 0.625 0.6875001 0.6875001 0.6875001 0.625 0.75 0.625 0.8125001 0.6875001 0.75 0.6875001 0.625 0.5 0.6875001 0.5625001 0.625 0.5625001 0.6875001 0.5000001 0.75 0.5625001 0.6875001 0.5625001 0.8125001 0.5000001 0.75 0.5625001 0.7500001 0.5000001 0.8750001 0.5000001 0.8125001 0.5625001 0.8125001 0.5000001 0.8750001 0.5625001 0.8125001 0.625 0.8125001 0.5625001 0.8125001 0.625 0.8750001 0.6875001 0.8125001 0.6875001 0.8125001 0.6875001 0.8750001 0.7500001 0.8125001 0.7500001 0.75 0.6875001 0.8125001 0.7500001 0.7500001 0.7500001 0.75 0.6875001 0.6875001 0.7500001 0.6875001 0.6875001 0.6875001 0.6875001 0.625 0.75 0.6250001 0.6875001 0.6875001 0.625 0.6250001 0.6875001 0.625 0.625 0.625 0.5625001 0.6875001 0.625 0.625 0.625 0.5833334 0.375 0.6197918 0.5000001 0.5833333 0.5000001 0.5833333 0.25 0.6197918 0.375 0.5833334 0.375 0.6197918 0.25 0.6250001 0.375 0.6197918 0.375 0.6197918 0.375 0.6250001 0.5000001 0.6197918 0.5000001 0.375 0.75 0.4956598 0.8750001 0.375 0.8750001 0.5833333 0.7500001 0.4956598 0.8750001 0.4947916 0.7500001 0.5868056 0.8750001 0.5000001 1 0.4956598 0.8750001 0.4956598 0.8750001 0.3750001 1 0.375 0.8750001 0.3750001 0 0.4956597 0.125 0.375 0.125 0.5000001 0 0.5868055 0.125 0.4956597 0.125 0.5868055 0.125 0.4947916 0.25 0.4956597 0.125 0.4956597 0.125 0.375 0.25 0.375 0.125 0.125 0.5000001 0.25 0.625 0.125 0.6250001 0.375 0.5 0.25 0.625 0.25 0.5000001 0.25 0.625 0.375 0.75 0.25 0.7500001 0.25 0.625 0.125 0.7500001 0.125 0.6250001 0.375 0.5 0.4947916 0.625 0.3750001 0.625 0.4947916 0.5 0.5833333 0.625 0.4947916 0.625 0.5833333 0.625 0.4947916 0.7500001 0.4947916 0.625 0.4947916 0.625 0.375 0.75 0.3750001 0.625 0.375 0.25 0.4947916 0.375 0.375 0.3750001 0.4947916 0.25 0.5833334 0.375 0.4947916 0.375 0.4947916 0.375 0.5833333 0.5000001 0.4947916 0.5 0.4947916 0.375 0.375 0.5 0.375 0.3750001 0.6250001 0.125 0.6250001 0.25 0.6250001 0.25 0.6250001 0.125 0.6250001 0 0.6250001 0.125 0.6250001 0.125 0.6250001 0 0.6250001 0.125 0.6250001 0.125 0.625 0.25 0.6250001 0.25 0.625 1 0.6206598 0.8750001 0.6250001 1 0.5868056 0.8750001 0.6197917 0.7500001 0.6206598 0.8750001 0.6206598 0.8750001 0.6250001 0.7500001 0.6250001 0.8750001 0.6250001 1 0.6250001 0.8750001 0.625 1 0.5868055 0.125 0.6197918 0.25 0.5833333 0.25 0.5868055 0.125 0.6250001 0 0.6206598 0.125 0.6206598 0.125 0.625 0 0.6250001 0.125 0.6206598 0.125 0.6250001 0.25 0.6197918 0.25 0.5833333 0.7500001 0.6197918 0.625 0.6197917 0.7500001 0.5833333 0.5000001 0.6197918 0.625 0.5833333 0.625 0.6197918 0.5000001 0.6250001 0.6250001 0.6197918 0.625 0.6197917 0.7500001 0.6250001 0.6250001 0.6250001 0.7500001 0.625 0.5 0.7534723 0.625 0.6597223 0.625 0.8750001 0.5000001 0.7534723 0.625 0.7500001 0.5000001 0.7534723 0.625 0.8750001 0.7500001 0.7500001 0.7500001 0.7534723 0.625 0.625 0.75 0.6597223 0.625 0.6250001 0.8750001 0.6250001 1 0.625 1 0.6250001 0.7500001 0.6250001 0.8750001 0.6250001 0.8750001 0.6250001 0.8750001 0.625 0.75 0.6250001 0.8750001 0.6250001 0.8750001 0.6250001 1 0.6250001 1 0.6250001 0.5000001 0.6250001 0.375 0.6258681 0.5 0.6250001 0.375 0.6250001 0.25 0.6250001 0.375 0.6250001 0.375 0.625 0.25 0.6250001 0.375 0.6250001 0.375 0.625 0.5 0.6258681 0.5 0.6250001 0.6250001 0.625868 0.75 0.6250001 0.7500001 0.6250001 0.6250001 0.6258681 0.5 0.6284723 0.625 0.6284723 0.625 0.625 0.5 0.6597223 0.625 0.6284723 0.625 0.625 0.75 0.625868 0.75 0.5833334 0.375 0.6197918 0.5000001 0.5833333 0.5000001 0.5833333 0.25 0.6197918 0.375 0.5833334 0.375 0.6197918 0.25 0.6250001 0.375 0.6197918 0.375 0.6197918 0.375 0.6250001 0.5000001 0.6197918 0.5000001 0.375 0.75 0.4956598 0.8750001 0.375 0.8750001 0.5833333 0.7500001 0.4956598 0.8750001 0.4947916 0.7500001 0.5868056 0.8750001 0.5000001 1 0.4956598 0.8750001 0.4956598 0.8750001 0.3750001 1 0.375 0.8750001 0.3750001 0 0.4956597 0.125 0.375 0.125 0.5000001 0 0.5868055 0.125 0.4956597 0.125 0.5868055 0.125 0.4947916 0.25 0.4956597 0.125 0.4956597 0.125 0.375 0.25 0.375 0.125 0.125 0.5000001 0.25 0.625 0.125 0.6250001 0.375 0.5 0.25 0.625 0.25 0.5000001 0.25 0.625 0.375 0.75 0.25 0.7500001 0.25 0.625 0.125 0.7500001 0.125 0.6250001 0.375 0.5 0.4947916 0.625 0.3750001 0.625 0.4947916 0.5 0.5833333 0.625 0.4947916 0.625 0.5833333 0.625 0.4947916 0.7500001 0.4947916 0.625 0.4947916 0.625 0.375 0.75 0.3750001 0.625 0.375 0.25 0.4947916 0.375 0.375 0.3750001 0.4947916 0.25 0.5833334 0.375 0.4947916 0.375 0.4947916 0.375 0.5833333 0.5000001 0.4947916 0.5 0.4947916 0.375 0.375 0.5 0.375 0.3750001 0.6250001 0.125 0.6250001 0.25 0.6250001 0.25 0.6250001 0.125 0.6250001 0 0.6250001 0.125 0.6250001 0.125 0.6250001 0 0.6250001 0.125 0.6250001 0.125 0.625 0.25 0.6250001 0.25 0.625 1 0.6206598 0.8750001 0.6250001 1 0.5868056 0.8750001 0.6197917 0.7500001 0.6206598 0.8750001 0.6206598 0.8750001 0.6250001 0.7500001 0.6250001 0.8750001 0.6250001 1 0.6250001 0.8750001 0.625 1 0.5868055 0.125 0.6197918 0.25 0.5833333 0.25 0.5868055 0.125 0.6250001 0 0.6206598 0.125 0.6206598 0.125 0.625 0 0.6250001 0.125 0.6206598 0.125 0.6250001 0.25 0.6197918 0.25 0.5833333 0.7500001 0.6197918 0.625 0.6197917 0.7500001 0.5833333 0.5000001 0.6197918 0.625 0.5833333 0.625 0.6197918 0.5000001 0.6250001 0.6250001 0.6197918 0.625 0.6197917 0.7500001 0.6250001 0.6250001 0.6250001 0.7500001 0.625 0.5 0.7534723 0.625 0.6597223 0.625 0.8750001 0.5000001 0.7534723 0.625 0.7500001 0.5000001 0.7534723 0.625 0.8750001 0.7500001 0.7500001 0.7500001 0.7534723 0.625 0.625 0.75 0.6597223 0.625 0.6250001 0.8750001 0.6250001 1 0.625 1 0.6250001 0.7500001 0.6250001 0.8750001 0.6250001 0.8750001 0.6250001 0.8750001 0.625 0.75 0.6250001 0.8750001 0.6250001 0.8750001 0.6250001 1 0.6250001 1 0.6250001 0.5000001 0.6250001 0.375 0.6258681 0.5 0.6250001 0.375 0.6250001 0.25 0.6250001 0.375 0.6250001 0.375 0.625 0.25 0.6250001 0.375 0.6250001 0.375 0.625 0.5 0.6258681 0.5 0.6250001 0.6250001 0.625868 0.75 0.6250001 0.7500001 0.6250001 0.6250001 0.6258681 0.5 0.6284723 0.625 0.6284723 0.625 0.625 0.5 0.6597223 0.625 0.6284723 0.625 0.625 0.75 0.625868 0.75 0.5833334 0.375 0.6197918 0.5000001 0.5833333 0.5000001 0.5833333 0.25 0.6197918 0.375 0.5833334 0.375 0.6197918 0.25 0.6250001 0.375 0.6197918 0.375 0.6197918 0.375 0.6250001 0.5000001 0.6197918 0.5000001 0.375 0.75 0.4956598 0.8750001 0.375 0.8750001 0.5833333 0.7500001 0.4956598 0.8750001 0.4947916 0.7500001 0.5868056 0.8750001 0.5000001 1 0.4956598 0.8750001 0.4956598 0.8750001 0.3750001 1 0.375 0.8750001 0.3750001 0 0.4956597 0.125 0.375 0.125 0.5000001 0 0.5868055 0.125 0.4956597 0.125 0.5868055 0.125 0.4947916 0.25 0.4956597 0.125 0.4956597 0.125 0.375 0.25 0.375 0.125 0.125 0.5000001 0.25 0.625 0.125 0.6250001 0.375 0.5 0.25 0.625 0.25 0.5000001 0.25 0.625 0.375 0.75 0.25 0.7500001 0.25 0.625 0.125 0.7500001 0.125 0.6250001 0.375 0.5 0.4947916 0.625 0.3750001 0.625 0.4947916 0.5 0.5833333 0.625 0.4947916 0.625 0.5833333 0.625 0.4947916 0.7500001 0.4947916 0.625 0.4947916 0.625 0.375 0.75 0.3750001 0.625 0.375 0.25 0.4947916 0.375 0.375 0.3750001 0.4947916 0.25 0.5833334 0.375 0.4947916 0.375 0.4947916 0.375 0.5833333 0.5000001 0.4947916 0.5 0.4947916 0.375 0.375 0.5 0.375 0.3750001 0.6250001 0.125 0.6250001 0.25 0.6250001 0.25 0.6250001 0.125 0.6250001 0 0.6250001 0.125 0.6250001 0.125 0.6250001 0 0.6250001 0.125 0.6250001 0.125 0.625 0.25 0.6250001 0.25 0.625 1 0.6206598 0.8750001 0.6250001 1 0.5868056 0.8750001 0.6197917 0.7500001 0.6206598 0.8750001 0.6206598 0.8750001 0.6250001 0.7500001 0.6250001 0.8750001 0.6250001 1 0.6250001 0.8750001 0.625 1 0.5868055 0.125 0.6197918 0.25 0.5833333 0.25 0.5868055 0.125 0.6250001 0 0.6206598 0.125 0.6206598 0.125 0.625 0 0.6250001 0.125 0.6206598 0.125 0.6250001 0.25 0.6197918 0.25 0.5833333 0.7500001 0.6197918 0.625 0.6197917 0.7500001 0.5833333 0.5000001 0.6197918 0.625 0.5833333 0.625 0.6197918 0.5000001 0.6250001 0.6250001 0.6197918 0.625 0.6197917 0.7500001 0.6250001 0.6250001 0.6250001 0.7500001 0.625 0.5 0.7534723 0.625 0.6597223 0.625 0.8750001 0.5000001 0.7534723 0.625 0.7500001 0.5000001 0.7534723 0.625 0.8750001 0.7500001 0.7500001 0.7500001 0.7534723 0.625 0.625 0.75 0.6597223 0.625 0.6250001 0.8750001 0.6250001 1 0.625 1 0.6250001 0.7500001 0.6250001 0.8750001 0.6250001 0.8750001 0.6250001 0.8750001 0.625 0.75 0.6250001 0.8750001 0.6250001 0.8750001 0.6250001 1 0.6250001 1 0.6250001 0.5000001 0.6250001 0.375 0.6258681 0.5 0.6250001 0.375 0.6250001 0.25 0.6250001 0.375 0.6250001 0.375 0.625 0.25 0.6250001 0.375 0.6250001 0.375 0.625 0.5 0.6258681 0.5 0.6250001 0.6250001 0.625868 0.75 0.6250001 0.7500001 0.6250001 0.6250001 0.6258681 0.5 0.6284723 0.625 0.6284723 0.625 0.625 0.5 0.6597223 0.625 0.6284723 0.625 0.625 0.75 0.625868 0.75 0.4375 0.0625 0.5000001 0.0625 0.5000001 0.125 0.5000001 0.0625 0.5625001 0.0625 0.5625001 0.125 0.4375 0.125 0.5000001 0.125 0.5000001 0.1875 0.5000001 0.125 0.5625001 0.125 0.5625001 0.1875 0.3750001 0 0.4375 0 0.4375 0.0625 0.4375 0 0.5000001 0 0.5000001 0.0625 0.5000001 0 0.5625001 0 0.5625001 0.0625 0.6250001 0 0.6250001 0.0625 0.5625001 0.0625 0.5625001 0.0625 0.6250001 0.0625 0.6250001 0.125 0.5625001 0.125 0.6250001 0.125 0.6250001 0.1875 0.5625001 0.1875 0.6250001 0.1875 0.625 0.25 0.5000001 0.1875 0.5625001 0.1875 0.5625001 0.25 0.4375 0.1875 0.5000001 0.1875 0.5000001 0.25 0.4375 0.1875 0.4375 0.25 0.375 0.25 0.375 0.125 0.4375 0.125 0.4375 0.1875 0.375 0.0625 0.4375 0.0625 0.4375 0.125 0.4375 0.3125 0.5000001 0.3125 0.5000001 0.3750001 0.5000001 0.3125 0.5625001 0.3125 0.5625001 0.3750001 0.5000001 0.3750001 0.5000001 0.4375 0.4375 0.4375 0.5625001 0.3750001 0.5625001 0.4375 0.5000001 0.4375 0.375 0.25 0.4375 0.25 0.4375 0.3125 0.4375 0.25 0.5000001 0.25 0.5000001 0.3125 0.5000001 0.25 0.5625001 0.25 0.5625001 0.3125 0.625 0.25 0.6250001 0.3125 0.5625001 0.3125 0.6250001 0.3125 0.6250001 0.3750001 0.5625001 0.3750001 0.5625001 0.3750001 0.6250001 0.3750001 0.6250001 0.4375 0.5625001 0.4375 0.6250001 0.4375 0.625 0.5 0.5625001 0.4375 0.5625001 0.5 0.5000001 0.5000001 0.5000001 0.4375 0.5000001 0.5000001 0.4375 0.5000001 0.4375 0.4375 0.4375 0.5000001 0.375 0.5 0.4375 0.3750001 0.4375 0.4375 0.375 0.4375 0.375 0.3125 0.4375 0.3125 0.4375 0.3750001 0.5000001 0.5625001 0.5000001 0.625 0.4375 0.625 0.5625001 0.5625001 0.5625001 0.625 0.5000001 0.625 0.5000001 0.625 0.5000001 0.6875001 0.4375 0.6875001 0.5625001 0.625 0.5625001 0.6875001 0.5000001 0.6875001 0.375 0.5 0.4375 0.5000001 0.4375 0.5625001 0.5000001 0.5000001 0.5000001 0.5625001 0.4375 0.5625001 0.5625001 0.5 0.5625001 0.5625001 0.5000001 0.5625001 0.625 0.5 0.625 0.5625001 0.5625001 0.5625001 0.625 0.5625001 0.625 0.625 0.5625001 0.625 0.625 0.625 0.6250001 0.6875001 0.5625001 0.6875001 0.5625001 0.6875001 0.6250001 0.6875001 0.625 0.75 0.5625001 0.6875001 0.5625001 0.7500001 0.5000001 0.75 0.5000001 0.6875001 0.5000001 0.75 0.4375 0.75 0.4375 0.6875001 0.4375 0.75 0.375 0.75 0.4375 0.625 0.4375 0.6875001 0.375 0.6875001 0.4375 0.5625001 0.4375 0.625 0.3750001 0.625 0.5000001 0.8125001 0.5000001 0.8750001 0.4375 0.8750001 0.5625001 0.8125001 0.5625001 0.8750001 0.5000001 0.8750001 0.4375 0.8750001 0.5000001 0.8750001 0.5000001 0.9375001 0.5000001 0.8750001 0.5625001 0.8750001 0.5625001 0.9375001 0.375 0.75 0.4375 0.75 0.4375 0.8125001 0.5000001 0.75 0.5000001 0.8125001 0.4375 0.8125001 0.5625001 0.7500001 0.5625001 0.8125001 0.5000001 0.8125001 0.625 0.75 0.6250001 0.8125001 0.5625001 0.8125001 0.6250001 0.8125001 0.6250001 0.8750001 0.5625001 0.8750001 0.5625001 0.8750001 0.6250001 0.8750001 0.6250001 0.9375001 0.5625001 0.9375001 0.6250001 0.9375001 0.6250001 1 0.5000001 0.9375001 0.5625001 0.9375001 0.5625001 1 0.4375 0.9375001 0.5000001 0.9375001 0.5000001 1 0.4375 0.9375001 0.4375 1 0.3750001 1 0.4375 0.8750001 0.4375 0.9375001 0.375 0.9375001 0.375 0.8125001 0.4375 0.8125001 0.4375 0.8750001 0.1875 0.5625001 0.25 0.5625001 0.25 0.625 0.3125 0.5625001 0.3125 0.625 0.25 0.625 0.1875 0.625 0.25 0.625 0.25 0.6875001 0.3125 0.625 0.3125 0.6875001 0.25 0.6875001 0.1875 0.5000001 0.1875 0.5625001 0.125 0.5625001 0.25 0.5000001 0.25 0.5625001 0.1875 0.5625001 0.25 0.5000001 0.3125001 0.5000001 0.3125 0.5625001 0.3125001 0.5000001 0.375 0.5 0.3750001 0.5625001 0.3750001 0.5625001 0.3750001 0.625 0.3125 0.625 0.3750001 0.625 0.375 0.6875001 0.3125 0.6875001 0.375 0.6875001 0.375 0.75 0.3125001 0.7500001 0.3125 0.6875001 0.3125001 0.7500001 0.25 0.7500001 0.1875 0.6875001 0.25 0.6875001 0.25 0.7500001 0.125 0.6875001 0.1875 0.6875001 0.1875 0.7500001 0.125 0.6250001 0.1875 0.625 0.1875 0.6875001 0.125 0.5625001 0.1875 0.5625001 0.1875 0.625 0.75 0.5625001 0.75 0.625 0.6875001 0.625 0.75 0.5625001 0.8125001 0.5625001 0.8125001 0.625 0.75 0.625 0.75 0.6875001 0.6875001 0.6875001 0.75 0.625 0.8125001 0.625 0.8125001 0.6875001 0.6875001 0.5000001 0.6875001 0.5625001 0.625 0.5625001 0.7500001 0.5000001 0.75 0.5625001 0.6875001 0.5625001 0.7500001 0.5000001 0.8125001 0.5000001 0.8125001 0.5625001 0.8125001 0.5000001 0.8750001 0.5000001 0.8750001 0.5625001 0.8125001 0.5625001 0.8750001 0.5625001 0.8750001 0.6250001 0.8125001 0.625 0.8750001 0.6250001 0.8750001 0.6875001 0.8125001 0.6875001 0.8750001 0.6875001 0.8750001 0.7500001 0.75 0.6875001 0.8125001 0.6875001 0.8125001 0.7500001 0.75 0.6875001 0.7500001 0.7500001 0.6875001 0.7500001 0.6875001 0.6875001 0.6875001 0.7500001 0.625 0.75 0.6875001 0.625 0.6875001 0.6875001 0.6250001 0.6875001 0.6875001 0.5625001 0.6875001 0.625 0.625 0.625 0.4375 0.0625 0.4375 0.125 0.5000001 0.125 0.5000001 0.0625 0.5000001 0.125 0.5625001 0.125 0.4375 0.125 0.4375 0.1875 0.5000001 0.1875 0.5000001 0.125 0.5000001 0.1875 0.5625001 0.1875 0.3750001 0 0.375 0.0625 0.4375 0.0625 0.4375 0 0.4375 0.0625 0.5000001 0.0625 0.5000001 0 0.5000001 0.0625 0.5625001 0.0625 0.5625001 0.0625 0.6250001 0.0625 0.6250001 0 0.5625001 0.0625 0.5625001 0.125 0.6250001 0.125 0.5625001 0.125 0.5625001 0.1875 0.6250001 0.1875 0.5625001 0.1875 0.5625001 0.25 0.625 0.25 0.5000001 0.1875 0.5000001 0.25 0.5625001 0.25 0.4375 0.1875 0.4375 0.25 0.5000001 0.25 0.375 0.25 0.4375 0.25 0.4375 0.1875 0.375 0.125 0.375 0.1875 0.4375 0.1875 0.375 0.0625 0.375 0.125 0.4375 0.125 0.4375 0.3125 0.4375 0.3750001 0.5000001 0.3750001 0.5000001 0.3125 0.5000001 0.3750001 0.5625001 0.3750001 0.4375 0.4375 0.5000001 0.4375 0.5000001 0.3750001 0.5000001 0.4375 0.5625001 0.4375 0.5625001 0.3750001 0.375 0.25 0.375 0.3125 0.4375 0.3125 0.4375 0.25 0.4375 0.3125 0.5000001 0.3125 0.5000001 0.25 0.5000001 0.3125 0.5625001 0.3125 0.5625001 0.3125 0.6250001 0.3125 0.625 0.25 0.5625001 0.3750001 0.6250001 0.3750001 0.6250001 0.3125 0.5625001 0.3750001 0.5625001 0.4375 0.6250001 0.4375 0.5625001 0.4375 0.5625001 0.5 0.625 0.5 0.5000001 0.5000001 0.5625001 0.5 0.5625001 0.4375 0.4375 0.5000001 0.5000001 0.5000001 0.5000001 0.4375 0.375 0.5 0.4375 0.5000001 0.4375 0.4375 0.375 0.4375 0.4375 0.4375 0.4375 0.3750001 0.375 0.3125 0.375 0.3750001 0.4375 0.3750001 0.4375 0.625 0.5000001 0.625 0.5000001 0.5625001 0.5000001 0.625 0.5625001 0.625 0.5625001 0.5625001 0.4375 0.6875001 0.5000001 0.6875001 0.5000001 0.625 0.5000001 0.6875001 0.5625001 0.6875001 0.5625001 0.625 0.375 0.5 0.3750001 0.5625001 0.4375 0.5625001 0.4375 0.5625001 0.5000001 0.5625001 0.5000001 0.5000001 0.5000001 0.5625001 0.5625001 0.5625001 0.5625001 0.5 0.5625001 0.5625001 0.625 0.5625001 0.625 0.5 0.5625001 0.625 0.625 0.625 0.625 0.5625001 0.5625001 0.6875001 0.6250001 0.6875001 0.625 0.625 0.5625001 0.6875001 0.5625001 0.7500001 0.625 0.75 0.5000001 0.75 0.5625001 0.7500001 0.5625001 0.6875001 0.4375 0.75 0.5000001 0.75 0.5000001 0.6875001 0.375 0.75 0.4375 0.75 0.4375 0.6875001 0.375 0.6875001 0.4375 0.6875001 0.4375 0.625 0.3750001 0.625 0.4375 0.625 0.4375 0.5625001 0.4375 0.8750001 0.5000001 0.8750001 0.5000001 0.8125001 0.5000001 0.8750001 0.5625001 0.8750001 0.5625001 0.8125001 0.4375 0.8750001 0.4375 0.9375001 0.5000001 0.9375001 0.5000001 0.8750001 0.5000001 0.9375001 0.5625001 0.9375001 0.375 0.75 0.375 0.8125001 0.4375 0.8125001 0.4375 0.8125001 0.5000001 0.8125001 0.5000001 0.75 0.5000001 0.8125001 0.5625001 0.8125001 0.5625001 0.7500001 0.5625001 0.8125001 0.6250001 0.8125001 0.625 0.75 0.5625001 0.8750001 0.6250001 0.8750001 0.6250001 0.8125001 0.5625001 0.8750001 0.5625001 0.9375001 0.6250001 0.9375001 0.5625001 0.9375001 0.5625001 1 0.6250001 1 0.5000001 0.9375001 0.5000001 1 0.5625001 1 0.4375 0.9375001 0.4375 1 0.5000001 1 0.3750001 1 0.4375 1 0.4375 0.9375001 0.375 0.9375001 0.4375 0.9375001 0.4375 0.8750001 0.375 0.8125001 0.375 0.8750001 0.4375 0.8750001 0.1875 0.5625001 0.1875 0.625 0.25 0.625 0.25 0.625 0.3125 0.625 0.3125 0.5625001 0.1875 0.625 0.1875 0.6875001 0.25 0.6875001 0.25 0.6875001 0.3125 0.6875001 0.3125 0.625 0.125 0.5625001 0.1875 0.5625001 0.1875 0.5000001 0.1875 0.5625001 0.25 0.5625001 0.25 0.5000001 0.25 0.5000001 0.25 0.5625001 0.3125 0.5625001 0.3125001 0.5000001 0.3125 0.5625001 0.3750001 0.5625001 0.3125 0.625 0.3750001 0.625 0.3750001 0.5625001 0.3125 0.6875001 0.375 0.6875001 0.3750001 0.625 0.3125001 0.7500001 0.375 0.75 0.375 0.6875001 0.25 0.7500001 0.3125001 0.7500001 0.3125 0.6875001 0.1875 0.6875001 0.1875 0.7500001 0.25 0.7500001 0.125 0.6875001 0.125 0.7500001 0.1875 0.7500001 0.125 0.6250001 0.125 0.6875001 0.1875 0.6875001 0.125 0.5625001 0.125 0.6250001 0.1875 0.625 0.6875001 0.625 0.75 0.625 0.75 0.5625001 0.75 0.5625001 0.75 0.625 0.8125001 0.625 0.6875001 0.6875001 0.75 0.6875001 0.75 0.625 0.75 0.625 0.75 0.6875001 0.8125001 0.6875001 0.625 0.5625001 0.6875001 0.5625001 0.6875001 0.5000001 0.6875001 0.5625001 0.75 0.5625001 0.7500001 0.5000001 0.7500001 0.5000001 0.75 0.5625001 0.8125001 0.5625001 0.8125001 0.5000001 0.8125001 0.5625001 0.8750001 0.5625001 0.8125001 0.5625001 0.8125001 0.625 0.8750001 0.6250001 0.8125001 0.625 0.8125001 0.6875001 0.8750001 0.6875001 0.8125001 0.6875001 0.8125001 0.7500001 0.8750001 0.7500001 0.75 0.6875001 0.7500001 0.7500001 0.8125001 0.7500001 0.6875001 0.7500001 0.7500001 0.7500001 0.75 0.6875001 0.625 0.75 0.6875001 0.7500001 0.6875001 0.6875001 0.6250001 0.6875001 0.6875001 0.6875001 0.6875001 0.625 0.625 0.625 0.6875001 0.625 0.6875001 0.5625001 0.6875001 0.5625001 0.75 0.5625001 0.75 0.625 0.8125001 0.5625001 0.8125001 0.625 0.75 0.625 0.75 0.625 0.75 0.6875001 0.6875001 0.6875001 0.75 0.625 0.8125001 0.625 0.8125001 0.6875001 0.625 0.5 0.6875001 0.5000001 0.6875001 0.5625001 0.6875001 0.5000001 0.7500001 0.5000001 0.75 0.5625001 0.8125001 0.5000001 0.8125001 0.5625001 0.75 0.5625001 0.8750001 0.5000001 0.8750001 0.5625001 0.8125001 0.5625001 0.8750001 0.5625001 0.8750001 0.6250001 0.8125001 0.625 0.8750001 0.6250001 0.8750001 0.6875001 0.8125001 0.6875001 0.8125001 0.6875001 0.8750001 0.6875001 0.8750001 0.7500001 0.75 0.6875001 0.8125001 0.6875001 0.8125001 0.7500001 0.75 0.6875001 0.7500001 0.7500001 0.6875001 0.7500001 0.6875001 0.6875001 0.6875001 0.7500001 0.625 0.75 0.625 0.625 0.6875001 0.625 0.6875001 0.6875001 0.625 0.5625001 0.6875001 0.5625001 0.6875001 0.625 0.4547662 0.8125001 0.5050999 0.8125001 0.5043403 0.8750001 0.5631375 0.8125001 0.5630426 0.8750001 0.5043403 0.8750001 0.5043403 0.8750001 0.5024957 0.9375001 0.4468452 0.9375001 0.5043403 0.8750001 0.5630426 0.8750001 0.562812 0.9375001 0.4166667 0.7500001 0.4550782 0.75 0.4547662 0.8125001 0.4550782 0.75 0.5052084 0.75 0.5050999 0.8125001 0.5052084 0.75 0.5631511 0.7500001 0.5631375 0.8125001 0.625 0.75 0.6250001 0.8125001 0.5631375 0.8125001 0.6250001 0.8125001 0.6250001 0.8750001 0.5630426 0.8750001 0.5630426 0.8750001 0.6250001 0.8750001 0.6250001 0.9375001 0.562812 0.9375001 0.6250001 0.9375001 0.6250001 1 0.562812 0.9375001 0.5625001 1 0.5000001 1 0.5024957 0.9375001 0.5000001 1 0.4375 1 0.4468452 0.9375001 0.4375 1 0.375 1 0.4525825 0.8750001 0.4468452 0.9375001 0.4040799 0.9375001 0.4162327 0.8125001 0.4547662 0.8125001 0.4525825 0.8750001 0.5024957 0.0625 0.5043403 0.125 0.4525825 0.125 0.562812 0.0625 0.5630426 0.125 0.5043403 0.125 0.5043403 0.125 0.5050998 0.1875 0.4547662 0.1875 0.5630426 0.125 0.5631375 0.1875 0.5050998 0.1875 0.375 0 0.4375 0 0.4468452 0.0625 0.5000001 0 0.5024957 0.0625 0.4468452 0.0625 0.5625001 0 0.562812 0.0625 0.5024957 0.0625 0.6250001 0 0.6250001 0.0625 0.562812 0.0625 0.6250001 0.0625 0.6250001 0.125 0.5630426 0.125 0.6250001 0.125 0.6250001 0.1875 0.5631375 0.1875 0.6250001 0.1875 0.625 0.25 0.5631511 0.25 0.5631375 0.1875 0.5631511 0.25 0.5052084 0.25 0.5050998 0.1875 0.5052084 0.25 0.4550782 0.25 0.4162327 0.1875 0.4547662 0.1875 0.4550782 0.25 0.4131945 0.125 0.4525825 0.125 0.4547662 0.1875 0.4040799 0.0625 0.4468452 0.0625 0.4525825 0.125 0.3925782 0.375 0.3802083 0.3750001 0.3802083 0.3125 0.3925782 0.375 0.3925646 0.4375 0.3800998 0.4375 0.3802083 0.3750001 0.375651 0.3750001 0.375651 0.3125 0.3802083 0.3750001 0.3800998 0.4375 0.3754205 0.4375 0.4166667 0.3125 0.3925781 0.3125 0.3925782 0.25 0.4166666 0.3750001 0.3925782 0.375 0.3925781 0.3125 0.4166666 0.3750001 0.4166667 0.4375 0.3925646 0.4375 0.4166667 0.4375 0.4166666 0.5 0.3924697 0.5000001 0.3925646 0.4375 0.3924697 0.5000001 0.3793403 0.5000001 0.3800998 0.4375 0.3793403 0.5000001 0.3730469 0.5000001 0.3754205 0.4375 0.3730469 0.5000001 0.375 0.5 0.375651 0.3750001 0.3754205 0.4375 0.375 0.4375 0.375651 0.3750001 0.375 0.3750001 0.375 0.3125 0.375651 0.3125 0.375 0.3125 0.375 0.25 0.3802083 0.3125 0.375651 0.3125 0.375651 0.25 0.3925781 0.3125 0.3802083 0.3125 0.3802083 0.25 0.4550781 0.5625001 0.5052084 0.5625001 0.5052084 0.625 0.5052084 0.5625001 0.5631511 0.5625001 0.5631511 0.625 0.4550782 0.6250001 0.5052084 0.625 0.5052084 0.6875001 0.5052084 0.625 0.5631511 0.625 0.5631511 0.6875001 0.4550782 0.5000001 0.4550781 0.5625001 0.4166667 0.5625001 0.4550782 0.5000001 0.5052084 0.5000001 0.5052084 0.5625001 0.5052084 0.5000001 0.5631511 0.5 0.5631511 0.5625001 0.5631511 0.5 0.625 0.5 0.625 0.5625001 0.5631511 0.5625001 0.625 0.5625001 0.625 0.625 0.5631511 0.625 0.625 0.625 0.6250001 0.6875001 0.5631511 0.6875001 0.6250001 0.6875001 0.625 0.75 0.5052084 0.6875001 0.5631511 0.6875001 0.5631511 0.7500001 0.4550781 0.6875001 0.5052084 0.6875001 0.5052084 0.75 0.4550781 0.6875001 0.4550782 0.75 0.4166667 0.7500001 0.4550782 0.6250001 0.4550781 0.6875001 0.4166667 0.6875 0.4550781 0.5625001 0.4550782 0.6250001 0.4166667 0.625 0.4550781 0.3125 0.5052084 0.3125 0.5052084 0.3750001 0.5631511 0.3125 0.5631511 0.3750001 0.5052084 0.3750001 0.5052084 0.3750001 0.5052084 0.4375 0.4550781 0.4375 0.5052084 0.3750001 0.5631511 0.3750001 0.5631511 0.4375 0.4166667 0.25 0.4550782 0.25 0.4550781 0.3125 0.5052084 0.25 0.5052084 0.3125 0.4550781 0.3125 0.5631511 0.25 0.5631511 0.3125 0.5052084 0.3125 0.625 0.25 0.6250001 0.3125 0.5631511 0.3125 0.5631511 0.3125 0.6250001 0.3125 0.6250001 0.3750001 0.6250001 0.3750001 0.6250001 0.4375 0.5631511 0.4375 0.5631511 0.4375 0.6250001 0.4375 0.625 0.5 0.5052084 0.4375 0.5631511 0.4375 0.5631511 0.5 0.4550781 0.4375 0.5052084 0.4375 0.5052084 0.5000001 0.4550781 0.4375 0.4550782 0.5000001 0.4166666 0.5 0.4550782 0.375 0.4550781 0.4375 0.4166667 0.4375 0.4166667 0.3125 0.4550781 0.3125 0.4550782 0.375 0.1872016 0.5625001 0.2476128 0.5625001 0.2465278 0.625 0.3034668 0.5625001 0.2999132 0.625 0.2465278 0.625 0.187066 0.625 0.2465278 0.625 0.2476128 0.6875001 0.2999132 0.625 0.3034668 0.6875001 0.2476128 0.6875001 0.125 0.5000001 0.1875 0.5000001 0.1872016 0.5625001 0.1875 0.5000001 0.25 0.5000001 0.2476128 0.5625001 0.3125001 0.5000001 0.3034668 0.5625001 0.2476128 0.5625001 0.375 0.5 0.3462999 0.5625001 0.3034668 0.5625001 0.3462999 0.5625001 0.3402778 0.625 0.2999132 0.625 0.3402778 0.625 0.3462999 0.6875001 0.3034668 0.6875001 0.3462999 0.6875001 0.375 0.75 0.3125001 0.7500001 0.3034668 0.6875001 0.3125001 0.7500001 0.25 0.7500001 0.1872016 0.6875001 0.2476128 0.6875001 0.25 0.7500001 0.125 0.6875001 0.1872016 0.6875001 0.1875 0.7500001 0.125 0.6250001 0.187066 0.625 0.1872016 0.6875001 0.125 0.5625001 0.1872016 0.5625001 0.187066 0.625 0.3922526 0.8125001 0.3900825 0.8750001 0.3793402 0.8750001 0.3843452 0.9375001 0.3774957 0.9375001 0.3793402 0.8750001 0.3799913 0.8125001 0.3793402 0.8750001 0.3755425 0.8750001 0.3774957 0.9375001 0.3753119 0.9375001 0.3755425 0.8750001 0.4166667 0.7500001 0.4162327 0.8125001 0.3922526 0.8125001 0.4162327 0.8125001 0.4131944 0.8750001 0.3900825 0.8750001 0.4040799 0.9375001 0.3843452 0.9375001 0.3900825 0.8750001 0.375 1 0.375 1 0.3843452 0.9375001 0.375 1 0.375 1 0.3774957 0.9375001 0.375 1 0.375 1 0.3753119 0.9375001 0.3753119 0.9375001 0.375 1 0.3750001 1 0.3755425 0.8750001 0.3753119 0.9375001 0.375 0.9375001 0.3755425 0.8750001 0.375 0.8750001 0.375 0.8125001 0.3754069 0.8125001 0.375 0.8125001 0.375 0.75 0.3793403 0.75 0.3799913 0.8125001 0.3754069 0.8125001 0.3924697 0.7500001 0.3922526 0.8125001 0.3799913 0.8125001 0.3900825 0.125 0.3793402 0.125 0.3774957 0.0625 0.3922662 0.1875 0.3800998 0.1875 0.3793402 0.125 0.3793402 0.125 0.3755425 0.125 0.3753119 0.0625 0.3800998 0.1875 0.3756375 0.1875 0.3755425 0.125 0.4040799 0.0625 0.3843452 0.0625 0.375 0 0.4131945 0.125 0.3900825 0.125 0.3843452 0.0625 0.4162327 0.1875 0.3922662 0.1875 0.3900825 0.125 0.4166667 0.25 0.3925782 0.25 0.3922662 0.1875 0.3925782 0.25 0.3802083 0.25 0.3800998 0.1875 0.3802083 0.25 0.375651 0.25 0.3756375 0.1875 0.375651 0.25 0.375 0.25 0.375 0.1875 0.3756375 0.1875 0.375 0.1875 0.375 0.125 0.3755425 0.125 0.375 0.125 0.375 0.0625 0.3753119 0.0625 0.375 0.0625 0.3750001 0 0.3774957 0.0625 0.3753119 0.0625 0.375 0 0.3843452 0.0625 0.3774957 0.0625 0.375 0 0.3922662 0.5625001 0.3921442 0.6250001 0.3767362 0.625 0.3921442 0.6250001 0.3922662 0.6875001 0.3777127 0.6875001 0.3777127 0.5625001 0.3767362 0.625 0.3630642 0.625 0.3767362 0.625 0.3777127 0.6875001 0.3663873 0.6875001 0.4166666 0.5 0.4166667 0.5625001 0.3922662 0.5625001 0.4166667 0.5625001 0.4166667 0.625 0.3921442 0.6250001 0.4166667 0.625 0.4166667 0.6875 0.3922662 0.6875001 0.4166667 0.6875 0.4166667 0.7500001 0.3924697 0.7500001 0.3922662 0.6875001 0.3924697 0.7500001 0.3793403 0.75 0.3777127 0.6875001 0.3793403 0.75 0.3730469 0.7500002 0.3663873 0.6875001 0.3730469 0.7500002 0.375 0.75 0.3630642 0.625 0.3663873 0.6875001 0.3462999 0.6875001 0.3663873 0.5625001 0.3630642 0.625 0.3402778 0.625 0.3730469 0.5000001 0.3663873 0.5625001 0.3462999 0.5625001 0.3793403 0.5000001 0.3777127 0.5625001 0.3663873 0.5625001 0.3924697 0.5000001 0.3922662 0.5625001 0.3777127 0.5625001 0 0 0 0 0 0 0 0 0 0 0 0 0 0 0 0 0 0 0 0 0 0 0 0 0 0 0 0 0 0 0 0 0 0 0 0 0 0 0 0 0 0 0 0 0 0 0 0 0 0 0 0 0 0 0 0 0 0 0 0 0 0 0 0 0 0 0 0 0 0 0 0 0 0 0 0 0 0 0 0 0 0 0 0 0 0 0 0 0 0 0 0 0 0 0 0 0 0 0 0 0 0 0 0 0 0 0 0 0 0 0 0 0 0 0 0 0 0 0 0 0 0 0 0 0 0 0 0 0 0 0 0 0 0 0 0 0 0 0 0 0 0 0 0 0 0 0 0 0 0 0 0 0 0 0 0 0 0 0 0 0 0 0 0 0 0 0 0 0 0 0 0 0 0 0 0 0 0 0 0 0 0 0 0 0 0 0 0 0 0 0 0 0 0 0 0 0 0 0 0 0 0 0 0 0 0 0 0 0 0 0 0 0 0 0 0 0 0 0 0 0 0 0 0 0 0 0 0 0 0 0 0 0 0 0 0 0 0 0 0 0 0 0 0 0 0 0 0 0 0 0 0 0 0 0 0 0 0 0 0 0 0 0 0 0 0 0 0 0 0 0 0 0 0 0 0 0 0 0 0 0 0 0 0 0 0 0 0 0 0 0 0 0 0 0 0 0 0 0 0 0 0 0 0 0 0 0 0 0 0 0 0 0 0 0 0 0 0 0 0 0 0 0 0 0 0 0 0 0 0 0 0 0 0 0 0 0 0 0 0 0 0 0 0 0 0 0 0 0 0 0 0 0 0 0 0 0 0 0 0 0 0 0 0 0 0 0 0 0 0 0 0 0 0 0 0 0 0 0 0 0 0 0 0 0 0 0 0 0 0 0 0 0 0 0 0 0 0 0 0 0 0 0 0 0 0 0 0 0 0 0 0 0 0 0 0 0 0 0 0 0 0 0 0 0 0 0 0 0 0 0 0 0 0 0 0 0 0 0 0 0 0 0 0 0 0 0 0 0 0 0 0 0 0 0 0 0 0 0 0 0 0 0 0 0 0 0 0 0 0 0 0 0 0 0 0 0 0 0 0 0 0 0 0 0 0 0 0 0 0 0 0 0 0 0 0 0 0 0 0 0 0 0 0 0 0 0 0 0 0 0 0 0 0 0 0 0 0 0 0 0 0 0 0 0 0 0 0 0 0 0 0 0 0 0 0 0 0 0 0 0 0 0 0 0 0 0 0 0 0 0 0 0 0 0 0 0 0 0 0 0 0 0 0 0 0 0 0 0 0 0 0 0 0 0 0 0 0 0 0 0 0 0 0 0 0 0 0 0 0 0 0 0 0 0 0 0 0 0 0 0 0 0 0 0 0 0 0 0 0 0 0 0 0 0 0 0 0 0 0 0 0 0 0 0 0 0 0 0 0 0 0 0 0 0 0 0 0 0 0 0 0 0 0 0 0 0 0 0 0 0 0 0 0 0 0 0 0 0 0 0 0 0 0 0 0 0 0 0 0 0 0 0 0 0 0 0 0 0 0 0 0 0 0 0 0 0 0 0 0 0 0 0 0 0 0 0 0 0 0 0 0 0 0 0 0 0 0 0 0 0 0 0 0 0 0 0 0 0 0 0 0 0 0 0 0 0 0 0 0 0 0 0 0 0 0 0 0 0 0 0 0 0 0 0 0 0 0 0 0 0 0 0 0 0 0 0 0 0 0 0 0 0 0 0 0 0 0 0 0 0 0 0 0 0 0 0 0 0 0 0 0 0 0 0 0 0 0 0 0 0 0 0 0 0 0 0 0 0 0 0 0 0 0 0 0 0 0 0 0 0 0 0 0 0 0 0 0 0 0 0 0 0 0 0 0 0 0 0 0 0 0 0 0 0 0 0 0 0 0 0 0 0 0 0 0 0 0 0 0 0 0 0 0 0 0 0 0 0 0 0 0 0 0 0 0 0 0 0 0 0 0 0 0 0 0 0 0 0 0 0 0 0 0 0 0 0 0 0 0 0 0 0 0 0 0 0 0 0 0 0 0 0 0 0 0 0 0 0 0 0 0 0 0 0 0 0 0 0 0 0 0 0 0 0 0 0 0 0 0 0 0 0 0 0 0 0 0 0 0 0 0 0 0 0 0 0 0 0 0 0 0 0 0 0 0 0 0 0 0 0 0 0 0 0 0 0 0 0 0 0 0 0 0 0 0 0 0 0 0 0 0 0 0 0 0 0 0 0 0 0 0 0 0 0 0 0 0 0 0 0 0 0 0 0 0 0 0 0 0 0 0 0 0 0 0 0 0 0 0 0 0 0 0 0 0 0 0 0 0 0 0 0 0 0 0 0 0 0 0 0 0 0 0 0 0 0 0 0 0 0 0 0 0 0 0 0 0 0 0 0 0 0 0 0 0 0 0 0 0 0 0 0 0 0 0 0 0 0 0 0 0 0 0 0 0 0 0 0 0 0 0 0 0 0 0 0 0 0 0 0 0 0 0 0 0 0 0 0 0 0 0 0 0 0 0 0 0 0 0 0 0 0 0 0 0 0 0 0 0 0 0 0 0 0 0 0 0 0 0 0 0 0 0 0 0 0 0 0 0 0 0 0.6875001 0.5625001 0.75 0.5625001 0.75 0.625 0.8125001 0.5625001 0.8125001 0.625 0.75 0.625 0.75 0.625 0.75 0.6875001 0.6875001 0.6875001 0.75 0.625 0.8125001 0.625 0.8125001 0.6875001 0.625 0.5 0.6875001 0.5000001 0.6875001 0.5625001 0.6875001 0.5000001 0.7500001 0.5000001 0.75 0.5625001 0.8125001 0.5000001 0.8125001 0.5625001 0.75 0.5625001 0.8750001 0.5000001 0.8750001 0.5625001 0.8125001 0.5625001 0.8750001 0.5625001 0.8750001 0.6250001 0.8125001 0.625 0.8125001 0.625 0.8750001 0.6250001 0.8750001 0.6875001 0.8125001 0.6875001 0.8750001 0.6875001 0.8750001 0.7500001 0.75 0.6875001 0.8125001 0.6875001 0.8125001 0.7500001 0.75 0.6875001 0.7500001 0.7500001 0.6875001 0.7500001 0.6875001 0.6875001 0.6875001 0.7500001 0.625 0.75 0.6875001 0.625 0.6875001 0.6875001 0.6250001 0.6875001 0.625 0.5625001 0.6875001 0.5625001 0.6875001 0.625 0.4375 0.8125001 0.5000001 0.8125001 0.5000001 0.8750001 0.5625001 0.8125001 0.5625001 0.8750001 0.5000001 0.8750001 0.5000001 0.8750001 0.5000001 0.9375001 0.4375 0.9375001 0.5000001 0.8750001 0.5625001 0.8750001 0.5625001 0.9375001 0.375 0.75 0.4375 0.75 0.4375 0.8125001 0.4375 0.75 0.5000001 0.75 0.5000001 0.8125001 0.5625001 0.7500001 0.5625001 0.8125001 0.5000001 0.8125001 0.625 0.75 0.6250001 0.8125001 0.5625001 0.8125001 0.6250001 0.8125001 0.6250001 0.8750001 0.5625001 0.8750001 0.5625001 0.8750001 0.6250001 0.8750001 0.6250001 0.9375001 0.5625001 0.9375001 0.6250001 0.9375001 0.6250001 1 0.5000001 0.9375001 0.5625001 0.9375001 0.5625001 1 0.5000001 0.9375001 0.5000001 1 0.4375 1 0.4375 0.9375001 0.4375 1 0.3750001 1 0.4375 0.8750001 0.4375 0.9375001 0.375 0.9375001 0.375 0.8125001 0.4375 0.8125001 0.4375 0.8750001 0.4375 0.0625 0.5000001 0.0625 0.5000001 0.125 0.5625001 0.0625 0.5625001 0.125 0.5000001 0.125 0.5000001 0.125 0.5000001 0.1875 0.4375 0.1875 0.5000001 0.125 0.5625001 0.125 0.5625001 0.1875 0.3750001 0 0.4375 0 0.4375 0.0625 0.4375 0 0.5000001 0 0.5000001 0.0625 0.5625001 0 0.5625001 0.0625 0.5000001 0.0625 0.6250001 0 0.6250001 0.0625 0.5625001 0.0625 0.6250001 0.0625 0.6250001 0.125 0.5625001 0.125 0.5625001 0.125 0.6250001 0.125 0.6250001 0.1875 0.5625001 0.1875 0.6250001 0.1875 0.625 0.25 0.5000001 0.1875 0.5625001 0.1875 0.5625001 0.25 0.5000001 0.1875 0.5000001 0.25 0.4375 0.25 0.4375 0.1875 0.4375 0.25 0.375 0.25 0.4375 0.125 0.4375 0.1875 0.375 0.1875 0.375 0.0625 0.4375 0.0625 0.4375 0.125 0.1875 0.5625001 0.25 0.5625001 0.25 0.625 0.3125 0.5625001 0.3125 0.625 0.25 0.625 0.25 0.625 0.25 0.6875001 0.1875 0.6875001 0.25 0.625 0.3125 0.625 0.3125 0.6875001 0.125 0.5000001 0.1875 0.5000001 0.1875 0.5625001 0.1875 0.5000001 0.25 0.5000001 0.25 0.5625001 0.3125001 0.5000001 0.3125 0.5625001 0.25 0.5625001 0.375 0.5 0.3750001 0.5625001 0.3125 0.5625001 0.3750001 0.5625001 0.3750001 0.625 0.3125 0.625 0.3125 0.625 0.3750001 0.625 0.375 0.6875001 0.3125 0.6875001 0.375 0.6875001 0.375 0.75 0.25 0.6875001 0.3125 0.6875001 0.3125001 0.7500001 0.25 0.6875001 0.25 0.7500001 0.1875 0.7500001 0.1875 0.6875001 0.1875 0.7500001 0.125 0.7500001 0.1875 0.625 0.1875 0.6875001 0.125 0.6875001 0.125 0.5625001 0.1875 0.5625001 0.1875 0.625 0.4375 0.5625001 0.5000001 0.5625001 0.5000001 0.625 0.5625001 0.5625001 0.5625001 0.625 0.5000001 0.625 0.5000001 0.625 0.5000001 0.6875001 0.4375 0.6875001 0.5000001 0.625 0.5625001 0.625 0.5625001 0.6875001 0.375 0.5 0.4375 0.5000001 0.4375 0.5625001 0.4375 0.5000001 0.5000001 0.5000001 0.5000001 0.5625001 0.5625001 0.5 0.5625001 0.5625001 0.5000001 0.5625001 0.625 0.5 0.625 0.5625001 0.5625001 0.5625001 0.625 0.5625001 0.625 0.625 0.5625001 0.625 0.5625001 0.625 0.625 0.625 0.6250001 0.6875001 0.5625001 0.6875001 0.6250001 0.6875001 0.625 0.75 0.5000001 0.6875001 0.5625001 0.6875001 0.5625001 0.7500001 0.5000001 0.6875001 0.5000001 0.75 0.4375 0.75 0.4375 0.6875001 0.4375 0.75 0.375 0.75 0.4375 0.625 0.4375 0.6875001 0.375 0.6875001 0.3750001 0.5625001 0.4375 0.5625001 0.4375 0.625 0.4375 0.3125 0.5000001 0.3125 0.5000001 0.3750001 0.5625001 0.3125 0.5625001 0.3750001 0.5000001 0.3750001 0.5000001 0.3750001 0.5000001 0.4375 0.4375 0.4375 0.5000001 0.3750001 0.5625001 0.3750001 0.5625001 0.4375 0.375 0.25 0.4375 0.25 0.4375 0.3125 0.4375 0.25 0.5000001 0.25 0.5000001 0.3125 0.5625001 0.25 0.5625001 0.3125 0.5000001 0.3125 0.625 0.25 0.6250001 0.3125 0.5625001 0.3125 0.6250001 0.3125 0.6250001 0.3750001 0.5625001 0.3750001 0.5625001 0.3750001 0.6250001 0.3750001 0.6250001 0.4375 0.5625001 0.4375 0.6250001 0.4375 0.625 0.5 0.5000001 0.4375 0.5625001 0.4375 0.5625001 0.5 0.5000001 0.4375 0.5000001 0.5000001 0.4375 0.5000001 0.4375 0.4375 0.4375 0.5000001 0.375 0.5 0.4375 0.3750001 0.4375 0.4375 0.375 0.4375 0.375 0.3125 0.4375 0.3125 0.4375 0.3750001 0.4670032 0.8750001 0.6250001 0.8750001 0.6250001 0.7500001 0.4686955 1 0.4773934 0.9808951 0.5868056 0.9618057 0.4773935 0.769105 0.5868055 0.7881945 0.5833333 0.7916667 0.482086 0.7763857 0.5797648 0.7952355 0.5625001 0.8125001 0.482086 0.9736145 0.4888784 0.9457789 0.5625 0.9375001 0.5833333 0.7916667 0.6145834 0.875 0.6097609 0.8750001 0.5833334 0.9583334 0.5797647 0.9547647 0.6097609 0.8750001 0.6097609 0.8750001 0.5797647 0.9547647 0.5625 0.9375001 0.6097609 0.8750001 0.5761961 0.8750001 0.5625001 0.8125001 0.4773934 0.9808951 0.4792149 0.9783693 0.5833334 0.9583334 0.5761961 0.8750001 0.5625 0.9375001 0.4888784 0.9457789 0.4888784 0.8042214 0.5625001 0.8125001 0.5761961 0.8750001 0.4792149 0.7716308 0.5833333 0.7916667 0.5797648 0.7952355 0.4686955 0.7500001 0.6250001 0.7500001 0.5868055 0.7881945 0.4670032 0.8750001 0.4686955 1 0.6250001 1 0.4792149 0.9783693 0.482086 0.9736145 0.5797647 0.9547647 0.6250001 0.7500001 0.6250001 0.8750001 0.6163195 0.875 0.6250001 1 0.5868056 0.9618057 0.6163195 0.875 0.5868056 0.9618057 0.5833334 0.9583334 0.6145834 0.875 0.5868055 0.7881945 0.6163195 0.875 0.6145834 0.875 0.4598905 0.7500002 0.4600667 0.875 0.4670032 0.8750001 0.4798801 0.945297 0.4755965 0.8750001 0.4845449 0.875 0.4733788 0.9778906 0.4745473 0.9729843 0.482086 0.9736145 0.47988 0.8047031 0.4745472 0.7770158 0.482086 0.7763857 0.4722414 0.7694875 0.4773935 0.769105 0.4792149 0.7716308 0.4598906 1 0.4722414 0.9805125 0.4773934 0.9808951 0.4792149 0.9783693 0.4773934 0.9808951 0.4722414 0.9805125 0.4773935 0.769105 0.4722414 0.7694875 0.4598905 0.7500002 0.482086 0.7763857 0.4745472 0.7770158 0.4733788 0.7721095 0.482086 0.9736145 0.4745473 0.9729843 0.4798801 0.945297 0.4845449 0.875 0.4755965 0.8750001 0.47988 0.8047031 0.4670032 0.8750001 0.4600667 0.875 0.4598906 1 0.4375 0.0625 0.4375 0.125 0.5000001 0.125 0.5000001 0.125 0.5625001 0.125 0.5625001 0.0625 0.4375 0.1875 0.5000001 0.1875 0.5000001 0.125 0.5000001 0.125 0.5000001 0.1875 0.5625001 0.1875 0.3750001 0 0.375 0.0625 0.4375 0.0625 0.4375 0 0.4375 0.0625 0.5000001 0.0625 0.5000001 0.0625 0.5625001 0.0625 0.5625001 0 0.5625001 0.0625 0.6250001 0.0625 0.6250001 0 0.5625001 0.125 0.6250001 0.125 0.6250001 0.0625 0.5625001 0.125 0.5625001 0.1875 0.6250001 0.1875 0.5625001 0.1875 0.5625001 0.25 0.625 0.25 0.5000001 0.1875 0.5000001 0.25 0.5625001 0.25 0.4375 0.25 0.5000001 0.25 0.5000001 0.1875 0.375 0.25 0.4375 0.25 0.4375 0.1875 0.375 0.1875 0.4375 0.1875 0.4375 0.125 0.375 0.0625 0.375 0.125 0.4375 0.125 0.4375 0.3125 0.4375 0.3750001 0.5000001 0.3750001 0.5000001 0.3750001 0.5625001 0.3750001 0.5625001 0.3125 0.4375 0.4375 0.5000001 0.4375 0.5000001 0.3750001 0.5000001 0.3750001 0.5000001 0.4375 0.5625001 0.4375 0.375 0.25 0.375 0.3125 0.4375 0.3125 0.4375 0.25 0.4375 0.3125 0.5000001 0.3125 0.5000001 0.3125 0.5625001 0.3125 0.5625001 0.25 0.5625001 0.3125 0.6250001 0.3125 0.625 0.25 0.5625001 0.3750001 0.6250001 0.3750001 0.6250001 0.3125 0.5625001 0.3750001 0.5625001 0.4375 0.6250001 0.4375 0.5625001 0.4375 0.5625001 0.5 0.625 0.5 0.5000001 0.4375 0.5000001 0.5000001 0.5625001 0.5 0.4375 0.5000001 0.5000001 0.5000001 0.5000001 0.4375 0.375 0.5 0.4375 0.5000001 0.4375 0.4375 0.375 0.4375 0.4375 0.4375 0.4375 0.3750001 0.375 0.3125 0.375 0.3750001 0.4375 0.3750001 0.4375 0.5625001 0.4375 0.625 0.5000001 0.625 0.5000001 0.625 0.5625001 0.625 0.5625001 0.5625001 0.4375 0.6875001 0.5000001 0.6875001 0.5000001 0.625 0.5000001 0.625 0.5000001 0.6875001 0.5625001 0.6875001 0.375 0.5 0.3750001 0.5625001 0.4375 0.5625001 0.4375 0.5000001 0.4375 0.5625001 0.5000001 0.5625001 0.5000001 0.5625001 0.5625001 0.5625001 0.5625001 0.5 0.5625001 0.5625001 0.625 0.5625001 0.625 0.5 0.5625001 0.625 0.625 0.625 0.625 0.5625001 0.5625001 0.625 0.5625001 0.6875001 0.6250001 0.6875001 0.5625001 0.6875001 0.5625001 0.7500001 0.625 0.75 0.5000001 0.6875001 0.5000001 0.75 0.5625001 0.7500001 0.4375 0.75 0.5000001 0.75 0.5000001 0.6875001 0.375 0.75 0.4375 0.75 0.4375 0.6875001 0.375 0.6875001 0.4375 0.6875001 0.4375 0.625 0.3750001 0.5625001 0.3750001 0.625 0.4375 0.625 0.4375 0.8125001 0.4375 0.8750001 0.5000001 0.8750001 0.5000001 0.8750001 0.5625001 0.8750001 0.5625001 0.8125001 0.4375 0.9375001 0.5000001 0.9375001 0.5000001 0.8750001 0.5000001 0.8750001 0.5000001 0.9375001 0.5625001 0.9375001 0.375 0.75 0.375 0.8125001 0.4375 0.8125001 0.4375 0.75 0.4375 0.8125001 0.5000001 0.8125001 0.5000001 0.8125001 0.5625001 0.8125001 0.5625001 0.7500001 0.5625001 0.8125001 0.6250001 0.8125001 0.625 0.75 0.5625001 0.8750001 0.6250001 0.8750001 0.6250001 0.8125001 0.5625001 0.8750001 0.5625001 0.9375001 0.6250001 0.9375001 0.5625001 0.9375001 0.5625001 1 0.6250001 1 0.5000001 0.9375001 0.5000001 1 0.5625001 1 0.4375 1 0.5000001 1 0.5000001 0.9375001 0.3750001 1 0.4375 1 0.4375 0.9375001 0.375 0.9375001 0.4375 0.9375001 0.4375 0.8750001 0.375 0.8125001 0.375 0.8750001 0.4375 0.8750001 0.1875 0.5625001 0.1875 0.625 0.25 0.625 0.25 0.625 0.3125 0.625 0.3125 0.5625001 0.1875 0.6875001 0.25 0.6875001 0.25 0.625 0.25 0.625 0.25 0.6875001 0.3125 0.6875001 0.125 0.5000001 0.125 0.5625001 0.1875 0.5625001 0.1875 0.5000001 0.1875 0.5625001 0.25 0.5625001 0.25 0.5625001 0.3125 0.5625001 0.3125001 0.5000001 0.3125 0.5625001 0.3750001 0.5625001 0.375 0.5 0.3125 0.625 0.3750001 0.625 0.3750001 0.5625001 0.3125 0.625 0.3125 0.6875001 0.375 0.6875001 0.3125 0.6875001 0.3125001 0.7500001 0.375 0.75 0.25 0.6875001 0.25 0.7500001 0.3125001 0.7500001 0.1875 0.7500001 0.25 0.7500001 0.25 0.6875001 0.125 0.7500001 0.1875 0.7500001 0.1875 0.6875001 0.125 0.6875001 0.1875 0.6875001 0.1875 0.625 0.125 0.5625001 0.125 0.6250001 0.1875 0.625 0.6875001 0.5625001 0.6875001 0.625 0.75 0.625 0.75 0.625 0.8125001 0.625 0.8125001 0.5625001 0.6875001 0.6875001 0.75 0.6875001 0.75 0.625 0.75 0.625 0.75 0.6875001 0.8125001 0.6875001 0.625 0.5 0.625 0.5625001 0.6875001 0.5625001 0.6875001 0.5000001 0.6875001 0.5625001 0.75 0.5625001 0.75 0.5625001 0.8125001 0.5625001 0.8125001 0.5000001 0.8125001 0.5625001 0.8750001 0.5625001 0.8750001 0.5000001 0.8125001 0.625 0.8750001 0.6250001 0.8750001 0.5625001 0.8125001 0.625 0.8125001 0.6875001 0.8750001 0.6875001 0.8125001 0.6875001 0.8125001 0.7500001 0.8750001 0.7500001 0.75 0.6875001 0.7500001 0.7500001 0.8125001 0.7500001 0.6875001 0.7500001 0.7500001 0.7500001 0.75 0.6875001 0.625 0.75 0.6875001 0.7500001 0.6875001 0.6875001 0.6250001 0.6875001 0.6875001 0.6875001 0.6875001 0.625 0.625 0.5625001 0.625 0.625 0.6875001 0.625 0.1875 0.625 0.25 0.625 0.25 0.5625001 0.1875 0.625 0.1875 0.6875001 0.25 0.6875001 0.25 0.5625001 0.25 0.625 0.3125 0.625 0.25 0.6875001 0.3125 0.6875001 0.3125 0.625 0.125 0.5625001 0.1875 0.5625001 0.1875 0.5000001 0.125 0.6250001 0.1875 0.625 0.1875 0.5625001 0.125 0.6250001 0.125 0.6875001 0.1875 0.6875001 0.125 0.6875001 0.125 0.7500001 0.1875 0.7500001 0.1875 0.6875001 0.1875 0.7500001 0.25 0.7500001 0.25 0.7500001 0.3125001 0.7500001 0.3125 0.6875001 0.3125001 0.7500001 0.3750001 0.7500001 0.375 0.6875001 0.3125 0.6875001 0.375 0.6875001 0.375 0.6250001 0.3125 0.5625001 0.3125 0.625 0.375 0.6250001 0.3125001 0.5000001 0.3125 0.5625001 0.375 0.5625001 0.25 0.5000001 0.25 0.5625001 0.3125 0.5625001 0.1875 0.5625001 0.25 0.5625001 0.25 0.5000001 0.25 0.5833574 0.25 0.625 0.2083575 0.6250001 0.25 0.5833574 0.2895197 0.5854804 0.2916426 0.6250001 0.2083575 0.6250001 0.25 0.625 0.25 0.6666427 0.2916426 0.6250001 0.2895197 0.6645198 0.25 0.6666427 0.2129188 0.5533835 0.2104803 0.5854804 0.1783834 0.5879188 0.25 0.5488041 0.25 0.5833574 0.2104803 0.5854804 0.25 0.5488041 0.2870813 0.5533835 0.2895197 0.5854804 0.2870813 0.5533835 0.3125 0.5625001 0.3216166 0.5879188 0.2895197 0.5854804 0.3216166 0.5879188 0.326196 0.6250001 0.326196 0.6250001 0.3216167 0.6620814 0.2895197 0.6645198 0.3216167 0.6620814 0.3125 0.6875001 0.2870813 0.6966167 0.2895197 0.6645198 0.2870813 0.6966167 0.25 0.701196 0.2104803 0.6645197 0.25 0.6666427 0.25 0.701196 0.1783834 0.6620814 0.2104803 0.6645197 0.2129188 0.6966166 0.173804 0.6250001 0.2083575 0.6250001 0.2104803 0.6645197 0.2104803 0.5854804 0.2083575 0.6250001 0.173804 0.6250001 0.3032212 0.7397778 0.25 0.7444059 0.25 0.736497 0.1967788 0.7397779 0.2040051 0.7298539 0.25 0.736497 0.25 0.736497 0.25 0.7235485 0.2900637 0.7170144 0.25 0.736497 0.2040051 0.7298539 0.2099363 0.7170144 0.3750001 0.7500001 0.3125001 0.7500001 0.3032212 0.7397778 0.3125001 0.7500001 0.25 0.7500001 0.25 0.7444059 0.1875 0.7500001 0.1967788 0.7397779 0.25 0.7444059 0.125 0.7500001 0.1545259 0.7204741 0.1967788 0.7397779 0.1545259 0.7204741 0.1667631 0.708237 0.2040051 0.7298539 0.2040051 0.7298539 0.1667631 0.708237 0.1775033 0.6974968 0.2099363 0.7170144 0.1775033 0.6974968 0.1875 0.6875001 0.25 0.7235485 0.2099363 0.7170144 0.2129188 0.6966166 0.25 0.7235485 0.25 0.701196 0.2870813 0.6966167 0.2900637 0.7170144 0.2870813 0.6966167 0.3125 0.6875001 0.2959949 0.7298539 0.2900637 0.7170144 0.3224967 0.6974968 0.3454741 0.7204741 0.3032212 0.7397778 0.2959949 0.7298539 0.1967788 0.5102223 0.25 0.5055941 0.25 0.5135031 0.3032212 0.5102223 0.2959949 0.5201461 0.25 0.5135031 0.25 0.5135031 0.25 0.5264517 0.2099363 0.5329856 0.25 0.5135031 0.2959949 0.5201461 0.2900637 0.5329857 0.125 0.5000001 0.1875 0.5000001 0.1967788 0.5102223 0.1875 0.5000001 0.25 0.5000001 0.25 0.5055941 0.3125001 0.5000001 0.3032212 0.5102223 0.25 0.5055941 0.3750001 0.5000001 0.3454741 0.529526 0.3032212 0.5102223 0.3454741 0.529526 0.3332369 0.5417632 0.2959949 0.5201461 0.2959949 0.5201461 0.3332369 0.5417632 0.3224967 0.5525034 0.2900637 0.5329857 0.3224967 0.5525034 0.3125 0.5625001 0.25 0.5264517 0.2900637 0.5329857 0.2870813 0.5533835 0.25 0.5264517 0.25 0.5488041 0.2129188 0.5533835 0.2099363 0.5329856 0.2129188 0.5533835 0.1875 0.5625 0.2040051 0.5201462 0.2099363 0.5329856 0.1775033 0.5525034 0.1545259 0.529526 0.1967788 0.5102223 0.2040051 0.5201462 0.3647778 0.5717789 0.3694059 0.6250001 0.3614969 0.6250001 0.3647778 0.6782212 0.3548539 0.6709949 0.3614969 0.6250001 0.3614969 0.6250001 0.3485485 0.6250001 0.3420144 0.5849364 0.3614969 0.6250001 0.3548539 0.6709949 0.3420144 0.6650638 0.3750001 0.5000001 0.375 0.5625001 0.3647778 0.5717789 0.375 0.5625001 0.375 0.6250001 0.3694059 0.6250001 0.375 0.6875001 0.3647778 0.6782212 0.3694059 0.6250001 0.3750001 0.7500001 0.3454741 0.7204741 0.3647778 0.6782212 0.3454741 0.7204741 0.3332369 0.7082369 0.3548539 0.6709949 0.3548539 0.6709949 0.3332369 0.7082369 0.3224967 0.6974968 0.3420144 0.6650638 0.3224967 0.6974968 0.3125 0.6875001 0.3485485 0.6250001 0.3420144 0.6650638 0.3216167 0.6620814 0.3485485 0.6250001 0.326196 0.6250001 0.3216166 0.5879188 0.3420144 0.5849364 0.3216166 0.5879188 0.3125 0.5625001 0.3548539 0.5790051 0.3420144 0.5849364 0.3224967 0.5525034 0.3454741 0.529526 0.3647778 0.5717789 0.3548539 0.5790051 0.1352223 0.6782212 0.1305941 0.6250001 0.1385031 0.6250001 0.1352223 0.5717789 0.1451461 0.5790051 0.1385031 0.6250001 0.1385031 0.6250001 0.1514516 0.6250001 0.1579856 0.6650637 0.1385031 0.6250001 0.1451461 0.5790051 0.1579856 0.5849364 0.125 0.7500001 0.125 0.6875001 0.1352223 0.6782212 0.125 0.6875001 0.125 0.6250001 0.1305941 0.6250001 0.125 0.5625001 0.1352223 0.5717789 0.1305941 0.6250001 0.125 0.5000001 0.1545259 0.529526 0.1352223 0.5717789 0.1545259 0.529526 0.1667631 0.5417631 0.1451461 0.5790051 0.1451461 0.5790051 0.1667631 0.5417631 0.1775033 0.5525034 0.1579856 0.5849364 0.1775033 0.5525034 0.1875 0.5625 0.1514516 0.6250001 0.1579856 0.5849364 0.1783834 0.5879188 0.1514516 0.6250001 0.173804 0.6250001 0.1783834 0.6620814 0.1579856 0.6650637 0.1783834 0.6620814 0.1875 0.6875001 0.1451461 0.6709949 0.1579856 0.6650637 0.1775033 0.6974968 0.1545259 0.7204741 0.1352223 0.6782212 0.1451461 0.6709949 0.1875 0.7118746 0.1875 0.7259981 0.25 0.7255756 0.1875 0.7259981 0.1875 0.7383475 0.25 0.7382947 0.25 0.7255756 0.3125 0.725998 0.3125 0.7118746 0.25 0.7382947 0.3125 0.7383475 0.3125 0.725998 0.125 0.7038543 0.125 0.7153909 0.1875 0.7118746 0.125 0.7153909 0.125 0.7269272 0.1875 0.7259981 0.125 0.7269272 0.125 0.7384636 0.1875 0.7383475 0.125 0.7384636 0.125 0.7500001 0.1875 0.7500001 0.1875 0.7383475 0.1875 0.7500001 0.25 0.7500001 0.25 0.7500001 0.3125001 0.7500001 0.3125 0.7383475 0.3125001 0.7500001 0.3750001 0.7500001 0.3750001 0.7384637 0.3125 0.7383475 0.3750001 0.7384637 0.3750001 0.7269272 0.3125 0.725998 0.3750001 0.7269272 0.3750001 0.7153909 0.3125 0.7118746 0.3750001 0.7153909 0.3750001 0.7038544 0.25 0.7104914 0.3125 0.7118746 0.3125 0.6927039 0.1875 0.6927039 0.1875 0.7118746 0.25 0.7104914 0.2046727 0.7083815 0.25 0.7083971 0.25 0.7236891 0.25 0.7083971 0.2953273 0.7083815 0.2936078 0.7235647 0.2063922 0.7235646 0.25 0.7236891 0.25 0.7342089 0.25 0.7236891 0.2936078 0.7235647 0.2897654 0.7338016 0.1666666 0.6876355 0.2044271 0.6876356 0.2046727 0.7083815 0.2044271 0.6876356 0.25 0.6876355 0.25 0.7083971 0.25 0.6876355 0.2955729 0.6876356 0.2953273 0.7083815 0.2955729 0.6876356 0.3333333 0.6876355 0.3328873 0.708366 0.2953273 0.7083815 0.3328873 0.708366 0.3297647 0.7234399 0.2936078 0.7235647 0.3297647 0.7234399 0.3220627 0.7333359 0.2897654 0.7338016 0.3220627 0.7333359 0.3125 0.7384636 0.25 0.7342089 0.2897654 0.7338016 0.2870813 0.7401464 0.2102347 0.7338015 0.25 0.7342089 0.25 0.7409916 0.2102347 0.7338015 0.2129188 0.7401463 0.1875 0.7384636 0.2063922 0.7235646 0.2102347 0.7338015 0.1779373 0.7333359 0.2046727 0.7083815 0.2063922 0.7235646 0.1702353 0.7234399 0.1281226 0.5316502 0.1343557 0.5328515 0.1307267 0.5504592 0.1349133 0.517522 0.1446277 0.519418 0.1343557 0.5328515 0.1343557 0.5328515 0.1470149 0.5335931 0.1431327 0.5512459 0.1446277 0.519418 0.157431 0.5209435 0.1470149 0.5335931 0.125 0.5452966 0.1259599 0.5484794 0.125651 0.5700573 0.125 0.5301977 0.1281226 0.5316502 0.1259599 0.5484794 0.125 0.5150989 0.1349133 0.517522 0.1281226 0.5316502 0.125 0.5 0.1545259 0.507133 0.1349133 0.517522 0.1545259 0.507133 0.1667631 0.5100892 0.1446277 0.519418 0.1667631 0.5100892 0.1775033 0.5126839 0.157431 0.5209435 0.1775033 0.5126839 0.1875 0.5150989 0.1779373 0.5216948 0.157431 0.5209435 0.1779373 0.5216948 0.1702353 0.5338389 0.1470149 0.5335931 0.1702353 0.5338389 0.1671127 0.5513758 0.1431327 0.5512459 0.1671127 0.5513758 0.1666666 0.5742393 0.1307267 0.5504592 0.1431327 0.5512459 0.1425781 0.5740951 0.1259599 0.5484794 0.1307267 0.5504592 0.1302083 0.5730856 0.25 0.7489675 0.25 0.7475076 0.2959949 0.7462815 0.1967788 0.7481132 0.2040051 0.7462815 0.25 0.7475076 0.25 0.7475076 0.25 0.7451175 0.2900637 0.7439115 0.25 0.7475076 0.2040051 0.7462815 0.2099363 0.7439115 0.3750001 0.7500001 0.3125001 0.7500001 0.3032212 0.7481132 0.25 0.7500001 0.25 0.7489675 0.3032212 0.7481132 0.1875 0.7500001 0.1967788 0.7481132 0.25 0.7489675 0.125 0.7500001 0.1545259 0.7445501 0.1967788 0.7481132 0.1967788 0.7481132 0.1545259 0.7445501 0.1667631 0.7422913 0.2040051 0.7462815 0.1667631 0.7422913 0.1775033 0.7403088 0.2099363 0.7439115 0.1775033 0.7403088 0.1875 0.7384636 0.25 0.7451175 0.2099363 0.7439115 0.2129188 0.7401463 0.25 0.7451175 0.25 0.7409916 0.2870813 0.7401464 0.2900637 0.7439115 0.2870813 0.7401464 0.3125 0.7384636 0.2959949 0.7462815 0.2900637 0.7439115 0.3224967 0.7403088 0.3032212 0.7481132 0.2959949 0.7462815 0.3332369 0.7422912 0.2525801 0.5007282 0.2550154 0.5020505 0.2046321 0.5047156 0.3128225 0.50015 0.3131269 0.5007281 0.2550154 0.5020505 0.2550154 0.5020505 0.2570409 0.5047155 0.2108165 0.5077595 0.3131269 0.5007281 0.3133801 0.5023916 0.2570409 0.5047155 0.1875 0.5000001 0.1971014 0.5023916 0.1545259 0.507133 0.25 0.5000001 0.2525801 0.5007282 0.1971014 0.5023916 0.3125001 0.5000001 0.3128225 0.50015 0.2525801 0.5007282 0.3750001 0.5000001 0.375 0.5000001 0.3128225 0.50015 0.3128225 0.50015 0.375 0.5000001 0.375 0.5000001 0.3131269 0.5007281 0.375 0.5000001 0.375 0.5000001 0.3133801 0.5023916 0.375 0.5000001 0.375 0.5 0.3133801 0.5023916 0.3134886 0.507133 0.257909 0.5100892 0.2570409 0.5047155 0.257909 0.5100892 0.2139074 0.5126839 0.2108165 0.5077595 0.2139074 0.5126839 0.1875 0.5150989 0.2046321 0.5047156 0.2108165 0.5077595 0.1775033 0.5126839 0.1971014 0.5023916 0.2046321 0.5047156 0.1667631 0.5100892 0.3718774 0.7254796 0.3656443 0.724312 0.3692733 0.7094042 0.3650867 0.73657 0.3553724 0.7350902 0.3656443 0.724312 0.3656443 0.724312 0.3529852 0.7236425 0.3568673 0.7085074 0.3553724 0.7350902 0.342569 0.7339117 0.3529852 0.7236425 0.3750001 0.7153909 0.3740401 0.7116937 0.374349 0.692535 0.3750001 0.7269272 0.3718774 0.7254796 0.3740401 0.7116937 0.3750001 0.7384637 0.3650867 0.73657 0.3718774 0.7254796 0.3750001 0.7500001 0.3454741 0.7445501 0.3650867 0.73657 0.3454741 0.7445501 0.3332369 0.7422912 0.3553724 0.7350902 0.3332369 0.7422912 0.3224967 0.7403088 0.342569 0.7339117 0.3224967 0.7403088 0.3125 0.7384636 0.3220627 0.7333359 0.342569 0.7339117 0.3220627 0.7333359 0.3297647 0.7234399 0.3529852 0.7236425 0.3297647 0.7234399 0.3328873 0.708366 0.3568673 0.7085074 0.3328873 0.708366 0.3333333 0.6876355 0.3692733 0.7094042 0.3568673 0.7085074 0.3574219 0.6878044 0.3740401 0.7116937 0.3692733 0.7094042 0.3697917 0.6889871 0.3746881 0.5961386 0.3744575 0.6311534 0.3706598 0.6304354 0.3744575 0.6311534 0.3743626 0.664352 0.3699002 0.6621187 0.3725043 0.5960489 0.3706598 0.6304354 0.3599175 0.6301758 0.3706598 0.6304354 0.3699002 0.6621187 0.3577339 0.6612732 0.3750001 0.5603953 0.3750001 0.5962601 0.3746881 0.5961386 0.3750001 0.5962601 0.3750001 0.6321249 0.3744575 0.6311534 0.3750001 0.6321249 0.3750001 0.6679897 0.3743626 0.664352 0.3750001 0.6679897 0.3750001 0.7038544 0.374349 0.692535 0.3743626 0.664352 0.374349 0.692535 0.3697917 0.6889871 0.3699002 0.6621187 0.3697917 0.6889871 0.3574219 0.6878044 0.3574219 0.6878044 0.3333333 0.6876355 0.3337674 0.6611834 0.3599175 0.6301758 0.3577339 0.6612732 0.3337674 0.6611834 0.3656548 0.5960886 0.3599175 0.6301758 0.3368056 0.6303859 0.3750001 0.5603954 0.3656548 0.5960886 0.3458659 0.5968719 0.3750001 0.5603954 0.3725043 0.5960489 0.3656548 0.5960886 0.375 0.5603954 0.3746881 0.5961386 0.3725043 0.5960489 0.1349133 0.73657 0.1281226 0.7254795 0.1343557 0.7243119 0.1281226 0.7254795 0.1259599 0.7116936 0.1307268 0.7094042 0.1446277 0.7350901 0.1343557 0.7243119 0.1470149 0.7236425 0.1343557 0.7243119 0.1307268 0.7094042 0.1431327 0.7085074 0.125 0.7500001 0.125 0.7384636 0.1349133 0.73657 0.125 0.7384636 0.125 0.7269272 0.1281226 0.7254795 0.125 0.7269272 0.125 0.7153909 0.1259599 0.7116936 0.125 0.7153909 0.125 0.7038543 0.125651 0.692535 0.1259599 0.7116936 0.125651 0.692535 0.1302083 0.6889871 0.1307268 0.7094042 0.1302083 0.6889871 0.1425781 0.6878045 0.1431327 0.7085074 0.1425781 0.6878045 0.1666666 0.6876355 0.1470149 0.7236425 0.1431327 0.7085074 0.1671127 0.708366 0.157431 0.7339117 0.1470149 0.7236425 0.1702353 0.7234399 0.1775033 0.7403088 0.157431 0.7339117 0.1779373 0.7333359 0.1667631 0.7422913 0.1446277 0.7350901 0.157431 0.7339117 0.1545259 0.7445501 0.1349133 0.73657 0.1446277 0.7350901 0.2047526 0.6017435 0.2526042 0.601018 0.2508681 0.6315397 0.2526042 0.601018 0.3035753 0.5991883 0.2980686 0.6309629 0.2045356 0.631792 0.2508681 0.6315397 0.2501085 0.6613276 0.2508681 0.6315397 0.2980686 0.6309629 0.2958849 0.6612554 0.1666666 0.5742393 0.2049696 0.5740951 0.2047526 0.6017435 0.2049696 0.5740951 0.2543403 0.5730857 0.2526042 0.601018 0.2543403 0.5730857 0.3105469 0.5700753 0.3035753 0.5991883 0.375 0.5603954 0.3458659 0.5968719 0.3035753 0.5991883 0.3035753 0.5991883 0.3458659 0.5968719 0.3368056 0.6303859 0.2980686 0.6309629 0.3368056 0.6303859 0.3337674 0.6611834 0.2958849 0.6612554 0.3337674 0.6611834 0.3333333 0.6876355 0.2501085 0.6613276 0.2958849 0.6612554 0.2955729 0.6876356 0.2044407 0.661359 0.2501085 0.6613276 0.25 0.6876355 0.1666666 0.6613637 0.2044407 0.661359 0.2044271 0.6876356 0.1666666 0.631828 0.2045356 0.631792 0.2044407 0.661359 0.1666666 0.6018472 0.2047526 0.6017435 0.2045356 0.631792 0.1875 0.6319888 0.25 0.631927 0.2498915 0.6002732 0.1875 0.6645727 0.25 0.6632344 0.25 0.631927 0.2498915 0.6002732 0.25 0.631927 0.3125 0.6319888 0.25 0.631927 0.25 0.6632344 0.3125 0.6645725 0.125 0.5962601 0.1874864 0.5991453 0.1873915 0.5699131 0.125 0.6321249 0.1875 0.6319888 0.1874864 0.5991453 0.125 0.6679896 0.1875 0.6645727 0.1875 0.6319888 0.125 0.7038543 0.1875 0.6927039 0.1875 0.6645727 0.1875 0.6645727 0.1875 0.6927039 0.25 0.6903386 0.25 0.6632344 0.25 0.6903386 0.3125 0.6927039 0.3125 0.6645725 0.3125 0.6927039 0.3750001 0.7038544 0.3125 0.6319888 0.3125 0.6645725 0.3750001 0.6679897 0.3122694 0.5991453 0.3125 0.6319888 0.3750001 0.6321249 0.3098958 0.5699311 0.3122694 0.5991453 0.3750001 0.5962601 0.2491319 0.571932 0.2498915 0.6002732 0.3122694 0.5991453 0.1874864 0.5991453 0.2498915 0.6002732 0.2491319 0.571932 0.1872016 0.5151981 0.187066 0.5309908 0.2465278 0.5313513 0.187188 0.5482978 0.2475043 0.5494785 0.2465278 0.5313513 0.2476128 0.5152431 0.2465278 0.5313513 0.2999132 0.5310269 0.2465278 0.5313513 0.2475043 0.5494785 0.3032363 0.5483744 0.125 0.5 0.125 0.5150989 0.1872016 0.5151981 0.125 0.5301977 0.187066 0.5309908 0.1872016 0.5151981 0.125 0.5452966 0.187188 0.5482978 0.187066 0.5309908 0.125 0.5603953 0.1873915 0.5699131 0.187188 0.5482978 0.1873915 0.5699131 0.2491319 0.571932 0.2475043 0.5494785 0.2475043 0.5494785 0.2491319 0.571932 0.3098958 0.5699311 0.3032363 0.5483744 0.3098958 0.5699311 0.3750001 0.5603953 0.2999132 0.5310269 0.3032363 0.5483744 0.3462999 0.5461617 0.3034668 0.5152025 0.2999132 0.5310269 0.3402778 0.5304861 0.3125001 0.5000001 0.3034668 0.5152025 0.3463542 0.5151349 0.25 0.5000001 0.2476128 0.5152431 0.3034668 0.5152025 0.1875 0.5000001 0.1872016 0.5151981 0.2476128 0.5152431 0.2111284 0.5209435 0.2571494 0.5194179 0.2558835 0.5328515 0.2571494 0.5194179 0.3133937 0.5175221 0.3132354 0.5316503 0.2071277 0.5335931 0.2558835 0.5328515 0.2551842 0.5504592 0.2558835 0.5328515 0.3132354 0.5316503 0.3129311 0.5484796 0.1875 0.5150989 0.2139074 0.5126839 0.2111284 0.5209435 0.2139074 0.5126839 0.257909 0.5100892 0.2571494 0.5194179 0.3134886 0.507133 0.3133937 0.5175221 0.2571494 0.5194179 0.375 0.5 0.375 0.5150989 0.3133937 0.5175221 0.375 0.5150989 0.3750001 0.5301977 0.3132354 0.5316503 0.3750001 0.5301977 0.3750001 0.5452966 0.3129311 0.5484796 0.3750001 0.5452966 0.375 0.5603954 0.3105469 0.5700753 0.2551842 0.5504592 0.3129311 0.5484796 0.3105469 0.5700753 0.2053207 0.551246 0.2551842 0.5504592 0.2543403 0.5730857 0.1671127 0.5513758 0.2053207 0.551246 0.2049696 0.5740951 0.1702353 0.5338389 0.2071277 0.5335931 0.2053207 0.551246 0.1779373 0.5216948 0.2111284 0.5209435 0.2071277 0.5335931 0.3659669 0.5151033 0.3624132 0.5302338 0.3715277 0.5301977 0.3624132 0.5302338 0.3659669 0.5453732 0.3726128 0.5452965 0.3726128 0.5150989 0.3715277 0.5301977 0.374566 0.5301977 0.3715277 0.5301977 0.3726128 0.5452965 0.3747016 0.5452966 0.3750001 0.5000001 0.3463542 0.5151349 0.3659669 0.5151033 0.3463542 0.5151349 0.3402778 0.5304861 0.3624132 0.5302338 0.3402778 0.5304861 0.3462999 0.5461617 0.3659669 0.5453732 0.3462999 0.5461617 0.3750001 0.5603953 0.375 0.5603954 0.3659669 0.5453732 0.375 0.5603954 0.3750001 0.5603954 0.3726128 0.5452965 0.3750001 0.5603954 0.3750001 0.5603954 0.3747016 0.5452966 0.3750001 0.5603954 0.375 0.5603954 0.374566 0.5301977 0.3747016 0.5452966 0.3750001 0.5452966 0.3747016 0.5150989 0.374566 0.5301977 0.3750001 0.5301977 0.375 0.5000001 0.3747016 0.5150989 0.375 0.5150989 0.375 0.5000001 0.3726128 0.5150989 0.3747016 0.5150989 0.375 0.5000001 0.3659669 0.5151033 0.3726128 0.5150989 0.125651 0.6319826 0.1302083 0.6318775 0.1302083 0.662299 0.125651 0.5992437 0.1302083 0.6010602 0.1302083 0.6318775 0.1302083 0.6318775 0.1425781 0.6318342 0.1425781 0.6614805 0.1302083 0.6010602 0.1425781 0.6017488 0.1425781 0.6318342 0.125 0.6679896 0.125651 0.6644557 0.125651 0.692535 0.125 0.6321249 0.125651 0.6319826 0.125651 0.6644557 0.125 0.5962601 0.125651 0.5992437 0.125651 0.6319826 0.125 0.5603953 0.125651 0.5700573 0.125651 0.5992437 0.125651 0.5700573 0.1302083 0.5730856 0.1302083 0.6010602 0.1302083 0.5730856 0.1425781 0.5740951 0.1425781 0.6017488 0.1425781 0.5740951 0.1666666 0.5742393 0.1666666 0.6018472 0.1425781 0.6017488 0.1666666 0.6018472 0.1666666 0.631828 0.1425781 0.6318342 0.1666666 0.631828 0.1666666 0.6613637 0.1425781 0.6614805 0.1666666 0.6613637 0.1666666 0.6876355 0.1302083 0.662299 0.1425781 0.6614805 0.1425781 0.6878045 0.125651 0.6644557 0.1302083 0.662299 0.1302083 0.6889871 0.1875 0.7118746 0.1875 0.7259981 0.25 0.7255756 0.1875 0.7259981 0.1875 0.7383475 0.25 0.7382947 0.25 0.7255756 0.3125 0.725998 0.3125 0.7118746 0.25 0.7382947 0.3125 0.7383475 0.3125 0.725998 0.125 0.7038543 0.125 0.7153909 0.1875 0.7118746 0.125 0.7153909 0.125 0.7269272 0.1875 0.7259981 0.125 0.7269272 0.125 0.7384636 0.1875 0.7383475 0.125 0.7384636 0.125 0.7500001 0.1875 0.7500001 0.1875 0.7383475 0.1875 0.7500001 0.25 0.7500001 0.25 0.7500001 0.3125001 0.7500001 0.3125 0.7383475 0.3125001 0.7500001 0.3750001 0.7500001 0.3750001 0.7384637 0.3125 0.7383475 0.3750001 0.7384637 0.3750001 0.7269272 0.3125 0.725998 0.3750001 0.7269272 0.3750001 0.7153909 0.3125 0.7118746 0.3750001 0.7153909 0.3750001 0.7038544 0.25 0.7104914 0.3125 0.7118746 0.3125 0.6927039 0.1875 0.6927039 0.1875 0.7118746 0.25 0.7104914 0.25 0.7083971 0.25 0.7236891 0.2063922 0.7235646 0.2953273 0.7083815 0.2936078 0.7235647 0.25 0.7236891 0.25 0.7236891 0.25 0.7342089 0.2102347 0.7338015 0.2936078 0.7235647 0.2897654 0.7338016 0.25 0.7342089 0.2044271 0.6876356 0.2046727 0.7083815 0.1671127 0.708366 0.25 0.6876355 0.25 0.7083971 0.2046727 0.7083815 0.2955729 0.6876356 0.2953273 0.7083815 0.25 0.7083971 0.2955729 0.6876356 0.3333333 0.6876355 0.3328873 0.708366 0.2953273 0.7083815 0.3328873 0.708366 0.3297647 0.7234399 0.2936078 0.7235647 0.3297647 0.7234399 0.3220627 0.7333359 0.2897654 0.7338016 0.3220627 0.7333359 0.3125 0.7384636 0.2897654 0.7338016 0.2870813 0.7401464 0.25 0.7409916 0.25 0.7342089 0.25 0.7409916 0.2129188 0.7401463 0.2102347 0.7338015 0.2129188 0.7401463 0.1875 0.7384636 0.2063922 0.7235646 0.2102347 0.7338015 0.1779373 0.7333359 0.2046727 0.7083815 0.2063922 0.7235646 0.1702353 0.7234399 0.1281226 0.5316502 0.1343557 0.5328515 0.1307267 0.5504592 0.1349133 0.517522 0.1446277 0.519418 0.1343557 0.5328515 0.1343557 0.5328515 0.1470149 0.5335931 0.1431327 0.5512459 0.1446277 0.519418 0.157431 0.5209435 0.1470149 0.5335931 0.125 0.5452966 0.1259599 0.5484794 0.125651 0.5700573 0.125 0.5301977 0.1281226 0.5316502 0.1259599 0.5484794 0.125 0.5150989 0.1349133 0.517522 0.1281226 0.5316502 0.125 0.5 0.1545259 0.507133 0.1349133 0.517522 0.1545259 0.507133 0.1667631 0.5100892 0.1446277 0.519418 0.1667631 0.5100892 0.1775033 0.5126839 0.157431 0.5209435 0.1775033 0.5126839 0.1875 0.5150989 0.1779373 0.5216948 0.157431 0.5209435 0.1779373 0.5216948 0.1702353 0.5338389 0.1470149 0.5335931 0.1702353 0.5338389 0.1671127 0.5513758 0.1431327 0.5512459 0.1671127 0.5513758 0.1666666 0.5742393 0.1307267 0.5504592 0.1431327 0.5512459 0.1425781 0.5740951 0.1259599 0.5484794 0.1307267 0.5504592 0.1302083 0.5730856 0.3032212 0.7481132 0.25 0.7489675 0.25 0.7475076 0.25 0.7489675 0.1967788 0.7481132 0.2040051 0.7462815 0.25 0.7475076 0.25 0.7451175 0.2900637 0.7439115 0.25 0.7475076 0.2040051 0.7462815 0.2099363 0.7439115 0.3750001 0.7500001 0.3125001 0.7500001 0.3032212 0.7481132 0.3125001 0.7500001 0.25 0.7500001 0.25 0.7489675 0.25 0.7500001 0.1875 0.7500001 0.1967788 0.7481132 0.125 0.7500001 0.1545259 0.7445501 0.1967788 0.7481132 0.1967788 0.7481132 0.1545259 0.7445501 0.1667631 0.7422913 0.2040051 0.7462815 0.1667631 0.7422913 0.1775033 0.7403088 0.2099363 0.7439115 0.1775033 0.7403088 0.1875 0.7384636 0.25 0.7451175 0.2099363 0.7439115 0.2129188 0.7401463 0.25 0.7451175 0.25 0.7409916 0.2870813 0.7401464 0.2900637 0.7439115 0.2870813 0.7401464 0.3125 0.7384636 0.2959949 0.7462815 0.2900637 0.7439115 0.3224967 0.7403088 0.3032212 0.7481132 0.2959949 0.7462815 0.3332369 0.7422912 0.1971014 0.5023916 0.2525801 0.5007282 0.2550154 0.5020505 0.2525801 0.5007282 0.3128225 0.50015 0.3131269 0.5007281 0.2046321 0.5047156 0.2550154 0.5020505 0.2570409 0.5047155 0.2550154 0.5020505 0.3131269 0.5007281 0.3133801 0.5023916 0.125 0.5 0.1875 0.5000001 0.1971014 0.5023916 0.1875 0.5000001 0.25 0.5000001 0.2525801 0.5007282 0.25 0.5000001 0.3125001 0.5000001 0.3128225 0.50015 0.3125001 0.5000001 0.3750001 0.5000001 0.375 0.5000001 0.3128225 0.50015 0.375 0.5000001 0.375 0.5000001 0.3131269 0.5007281 0.375 0.5000001 0.375 0.5000001 0.3133801 0.5023916 0.375 0.5000001 0.375 0.5 0.2570409 0.5047155 0.3133801 0.5023916 0.3134886 0.507133 0.2108165 0.5077595 0.2570409 0.5047155 0.257909 0.5100892 0.2108165 0.5077595 0.2139074 0.5126839 0.1875 0.5150989 0.2046321 0.5047156 0.2108165 0.5077595 0.1775033 0.5126839 0.1971014 0.5023916 0.2046321 0.5047156 0.1667631 0.5100892 0.3718774 0.7254796 0.3656443 0.724312 0.3692733 0.7094042 0.3650867 0.73657 0.3553724 0.7350902 0.3656443 0.724312 0.3656443 0.724312 0.3529852 0.7236425 0.3568673 0.7085074 0.3553724 0.7350902 0.342569 0.7339117 0.3529852 0.7236425 0.3750001 0.7153909 0.3740401 0.7116937 0.374349 0.692535 0.3750001 0.7269272 0.3718774 0.7254796 0.3740401 0.7116937 0.3750001 0.7384637 0.3650867 0.73657 0.3718774 0.7254796 0.3750001 0.7500001 0.3454741 0.7445501 0.3650867 0.73657 0.3454741 0.7445501 0.3332369 0.7422912 0.3553724 0.7350902 0.3332369 0.7422912 0.3224967 0.7403088 0.342569 0.7339117 0.3224967 0.7403088 0.3125 0.7384636 0.3220627 0.7333359 0.342569 0.7339117 0.3220627 0.7333359 0.3297647 0.7234399 0.3529852 0.7236425 0.3297647 0.7234399 0.3328873 0.708366 0.3568673 0.7085074 0.3328873 0.708366 0.3333333 0.6876355 0.3692733 0.7094042 0.3568673 0.7085074 0.3574219 0.6878044 0.3740401 0.7116937 0.3692733 0.7094042 0.3697917 0.6889871 0.3746881 0.5961386 0.3744575 0.6311534 0.3706598 0.6304354 0.3744575 0.6311534 0.3743626 0.664352 0.3699002 0.6621187 0.3725043 0.5960489 0.3706598 0.6304354 0.3599175 0.6301758 0.3706598 0.6304354 0.3699002 0.6621187 0.3577339 0.6612732 0.3750001 0.5603953 0.3750001 0.5962601 0.3746881 0.5961386 0.3750001 0.5962601 0.3750001 0.6321249 0.3744575 0.6311534 0.3750001 0.6321249 0.3750001 0.6679897 0.3743626 0.664352 0.3750001 0.6679897 0.3750001 0.7038544 0.374349 0.692535 0.3743626 0.664352 0.374349 0.692535 0.3697917 0.6889871 0.3699002 0.6621187 0.3697917 0.6889871 0.3574219 0.6878044 0.3577339 0.6612732 0.3574219 0.6878044 0.3333333 0.6876355 0.3599175 0.6301758 0.3577339 0.6612732 0.3337674 0.6611834 0.3656548 0.5960886 0.3599175 0.6301758 0.3368056 0.6303859 0.3750001 0.5603954 0.3656548 0.5960886 0.3458659 0.5968719 0.3750001 0.5603954 0.3725043 0.5960489 0.3656548 0.5960886 0.375 0.5603954 0.3746881 0.5961386 0.3725043 0.5960489 0.1349133 0.73657 0.1281226 0.7254795 0.1343557 0.7243119 0.1281226 0.7254795 0.1259599 0.7116936 0.1307268 0.7094042 0.1446277 0.7350901 0.1343557 0.7243119 0.1470149 0.7236425 0.1343557 0.7243119 0.1307268 0.7094042 0.1431327 0.7085074 0.125 0.7500001 0.125 0.7384636 0.1349133 0.73657 0.125 0.7384636 0.125 0.7269272 0.1281226 0.7254795 0.125 0.7269272 0.125 0.7153909 0.1259599 0.7116936 0.125 0.7153909 0.125 0.7038543 0.125651 0.692535 0.1259599 0.7116936 0.125651 0.692535 0.1302083 0.6889871 0.1307268 0.7094042 0.1302083 0.6889871 0.1425781 0.6878045 0.1431327 0.7085074 0.1425781 0.6878045 0.1666666 0.6876355 0.1470149 0.7236425 0.1431327 0.7085074 0.1671127 0.708366 0.157431 0.7339117 0.1470149 0.7236425 0.1702353 0.7234399 0.1775033 0.7403088 0.157431 0.7339117 0.1779373 0.7333359 0.1667631 0.7422913 0.1446277 0.7350901 0.157431 0.7339117 0.1545259 0.7445501 0.1349133 0.73657 0.1446277 0.7350901 0.2526042 0.601018 0.2508681 0.6315397 0.2045356 0.631792 0.3035753 0.5991883 0.2980686 0.6309629 0.2508681 0.6315397 0.2508681 0.6315397 0.2501085 0.6613276 0.2044407 0.661359 0.2980686 0.6309629 0.2958849 0.6612554 0.2501085 0.6613276 0.1666666 0.5742393 0.2049696 0.5740951 0.2047526 0.6017435 0.2543403 0.5730857 0.2526042 0.601018 0.2047526 0.6017435 0.3105469 0.5700753 0.3035753 0.5991883 0.2526042 0.601018 0.375 0.5603954 0.3458659 0.5968719 0.3035753 0.5991883 0.3458659 0.5968719 0.3368056 0.6303859 0.2980686 0.6309629 0.3368056 0.6303859 0.3337674 0.6611834 0.2958849 0.6612554 0.3337674 0.6611834 0.3333333 0.6876355 0.2955729 0.6876356 0.2958849 0.6612554 0.2955729 0.6876356 0.25 0.6876355 0.2501085 0.6613276 0.25 0.6876355 0.2044271 0.6876356 0.2044407 0.661359 0.2044271 0.6876356 0.1666666 0.6876355 0.2045356 0.631792 0.2044407 0.661359 0.1666666 0.6613637 0.1666666 0.6018472 0.2047526 0.6017435 0.2045356 0.631792 0.1875 0.6319888 0.25 0.631927 0.2498915 0.6002732 0.1875 0.6645727 0.25 0.6632344 0.25 0.631927 0.2498915 0.6002732 0.25 0.631927 0.3125 0.6319888 0.25 0.631927 0.25 0.6632344 0.3125 0.6645725 0.125 0.5962601 0.1874864 0.5991453 0.1873915 0.5699131 0.125 0.6321249 0.1875 0.6319888 0.1874864 0.5991453 0.125 0.6679896 0.1875 0.6645727 0.1875 0.6319888 0.125 0.7038543 0.1875 0.6927039 0.1875 0.6645727 0.1875 0.6927039 0.25 0.6903386 0.25 0.6632344 0.25 0.6903386 0.3125 0.6927039 0.3125 0.6645725 0.3125 0.6645725 0.3125 0.6927039 0.3750001 0.7038544 0.3125 0.6319888 0.3125 0.6645725 0.3750001 0.6679897 0.3122694 0.5991453 0.3125 0.6319888 0.3750001 0.6321249 0.3098958 0.5699311 0.3122694 0.5991453 0.3750001 0.5962601 0.2491319 0.571932 0.2498915 0.6002732 0.3122694 0.5991453 0.1874864 0.5991453 0.2498915 0.6002732 0.2491319 0.571932 0.187066 0.5309908 0.2465278 0.5313513 0.2476128 0.5152431 0.187188 0.5482978 0.2475043 0.5494785 0.2465278 0.5313513 0.2465278 0.5313513 0.2999132 0.5310269 0.3034668 0.5152025 0.2465278 0.5313513 0.2475043 0.5494785 0.3032363 0.5483744 0.125 0.5150989 0.1872016 0.5151981 0.1875 0.5000001 0.125 0.5301977 0.187066 0.5309908 0.1872016 0.5151981 0.125 0.5452966 0.187188 0.5482978 0.187066 0.5309908 0.125 0.5603953 0.1873915 0.5699131 0.187188 0.5482978 0.1873915 0.5699131 0.2491319 0.571932 0.2475043 0.5494785 0.2475043 0.5494785 0.2491319 0.571932 0.3098958 0.5699311 0.3032363 0.5483744 0.3098958 0.5699311 0.3750001 0.5603953 0.2999132 0.5310269 0.3032363 0.5483744 0.3462999 0.5461617 0.3034668 0.5152025 0.2999132 0.5310269 0.3402778 0.5304861 0.3034668 0.5152025 0.3463542 0.5151349 0.3750001 0.5000001 0.2476128 0.5152431 0.3034668 0.5152025 0.3125001 0.5000001 0.1872016 0.5151981 0.2476128 0.5152431 0.25 0.5000001 0.2111284 0.5209435 0.2571494 0.5194179 0.2558835 0.5328515 0.3133937 0.5175221 0.3132354 0.5316503 0.2558835 0.5328515 0.2558835 0.5328515 0.2551842 0.5504592 0.2053207 0.551246 0.3132354 0.5316503 0.3129311 0.5484796 0.2551842 0.5504592 0.1875 0.5150989 0.2139074 0.5126839 0.2111284 0.5209435 0.2139074 0.5126839 0.257909 0.5100892 0.2571494 0.5194179 0.3134886 0.507133 0.3133937 0.5175221 0.2571494 0.5194179 0.375 0.5 0.375 0.5150989 0.3133937 0.5175221 0.375 0.5150989 0.3750001 0.5301977 0.3132354 0.5316503 0.3750001 0.5301977 0.3750001 0.5452966 0.3129311 0.5484796 0.3750001 0.5452966 0.375 0.5603954 0.3105469 0.5700753 0.3129311 0.5484796 0.3105469 0.5700753 0.2543403 0.5730857 0.2551842 0.5504592 0.2543403 0.5730857 0.2049696 0.5740951 0.1671127 0.5513758 0.2053207 0.551246 0.2049696 0.5740951 0.1702353 0.5338389 0.2071277 0.5335931 0.2053207 0.551246 0.1779373 0.5216948 0.2111284 0.5209435 0.2071277 0.5335931 0.3659669 0.5151033 0.3624132 0.5302338 0.3715277 0.5301977 0.3624132 0.5302338 0.3659669 0.5453732 0.3726128 0.5452965 0.3726128 0.5150989 0.3715277 0.5301977 0.374566 0.5301977 0.3715277 0.5301977 0.3726128 0.5452965 0.3747016 0.5452966 0.3750001 0.5000001 0.3463542 0.5151349 0.3659669 0.5151033 0.3463542 0.5151349 0.3402778 0.5304861 0.3624132 0.5302338 0.3402778 0.5304861 0.3462999 0.5461617 0.3659669 0.5453732 0.3462999 0.5461617 0.3750001 0.5603953 0.375 0.5603954 0.3659669 0.5453732 0.375 0.5603954 0.3750001 0.5603954 0.3726128 0.5452965 0.3750001 0.5603954 0.3750001 0.5603954 0.3747016 0.5452966 0.3750001 0.5603954 0.375 0.5603954 0.374566 0.5301977 0.3747016 0.5452966 0.3750001 0.5452966 0.3747016 0.5150989 0.374566 0.5301977 0.3750001 0.5301977 0.375 0.5000001 0.3747016 0.5150989 0.375 0.5150989 0.375 0.5000001 0.3726128 0.5150989 0.3747016 0.5150989 0.375 0.5000001 0.3659669 0.5151033 0.3726128 0.5150989 0.125651 0.6319826 0.1302083 0.6318775 0.1302083 0.662299 0.125651 0.5992437 0.1302083 0.6010602 0.1302083 0.6318775 0.1302083 0.6318775 0.1425781 0.6318342 0.1425781 0.6614805 0.1302083 0.6010602 0.1425781 0.6017488 0.1425781 0.6318342 0.125 0.6679896 0.125651 0.6644557 0.125651 0.692535 0.125 0.6321249 0.125651 0.6319826 0.125651 0.6644557 0.125 0.5962601 0.125651 0.5992437 0.125651 0.6319826 0.125 0.5603953 0.125651 0.5700573 0.125651 0.5992437 0.125651 0.5700573 0.1302083 0.5730856 0.1302083 0.6010602 0.1302083 0.5730856 0.1425781 0.5740951 0.1425781 0.6017488 0.1425781 0.5740951 0.1666666 0.5742393 0.1666666 0.6018472 0.1425781 0.6017488 0.1666666 0.6018472 0.1666666 0.631828 0.1425781 0.6318342 0.1666666 0.631828 0.1666666 0.6613637 0.1425781 0.6878045 0.1425781 0.6614805 0.1666666 0.6613637 0.1302083 0.662299 0.1425781 0.6614805 0.1425781 0.6878045 0.125651 0.6644557 0.1302083 0.662299 0.1302083 0.6889871 0.1875 0.7118746 0.1875 0.7259981 0.25 0.7255756 0.1875 0.7259981 0.1875 0.7383475 0.25 0.7382947 0.25 0.7255756 0.3125 0.725998 0.3125 0.7118746 0.25 0.7382947 0.3125 0.7383475 0.3125 0.725998 0.125 0.7038543 0.125 0.7153909 0.1875 0.7118746 0.125 0.7153909 0.125 0.7269272 0.1875 0.7259981 0.125 0.7269272 0.125 0.7384636 0.1875 0.7383475 0.125 0.7384636 0.125 0.7500001 0.1875 0.7500001 0.1875 0.7383475 0.1875 0.7500001 0.25 0.7500001 0.25 0.7500001 0.3125001 0.7500001 0.3125 0.7383475 0.3125001 0.7500001 0.3750001 0.7500001 0.3750001 0.7384637 0.3125 0.7383475 0.3750001 0.7384637 0.3750001 0.7269272 0.3125 0.725998 0.3750001 0.7269272 0.3750001 0.7153909 0.3125 0.7118746 0.3750001 0.7153909 0.3750001 0.7038544 0.25 0.7104914 0.3125 0.7118746 0.3125 0.6927039 0.1875 0.6927039 0.1875 0.7118746 0.25 0.7104914 0.25 0.7083971 0.25 0.7236891 0.2063922 0.7235646 0.25 0.7083971 0.2953273 0.7083815 0.2936078 0.7235647 0.25 0.7236891 0.25 0.7342089 0.2102347 0.7338015 0.25 0.7236891 0.2936078 0.7235647 0.2897654 0.7338016 0.2044271 0.6876356 0.2046727 0.7083815 0.1671127 0.708366 0.25 0.6876355 0.25 0.7083971 0.2046727 0.7083815 0.25 0.6876355 0.2955729 0.6876356 0.2953273 0.7083815 0.2955729 0.6876356 0.3333333 0.6876355 0.3328873 0.708366 0.2953273 0.7083815 0.3328873 0.708366 0.3297647 0.7234399 0.2936078 0.7235647 0.3297647 0.7234399 0.3220627 0.7333359 0.2897654 0.7338016 0.3220627 0.7333359 0.3125 0.7384636 0.25 0.7342089 0.2897654 0.7338016 0.2870813 0.7401464 0.25 0.7342089 0.25 0.7409916 0.2129188 0.7401463 0.2102347 0.7338015 0.2129188 0.7401463 0.1875 0.7384636 0.2063922 0.7235646 0.2102347 0.7338015 0.1779373 0.7333359 0.2046727 0.7083815 0.2063922 0.7235646 0.1702353 0.7234399 0.1281226 0.5316502 0.1343557 0.5328515 0.1307267 0.5504592 0.1349133 0.517522 0.1446277 0.519418 0.1343557 0.5328515 0.1343557 0.5328515 0.1470149 0.5335931 0.1431327 0.5512459 0.1446277 0.519418 0.157431 0.5209435 0.1470149 0.5335931 0.125 0.5452966 0.1259599 0.5484794 0.125651 0.5700573 0.125 0.5301977 0.1281226 0.5316502 0.1259599 0.5484794 0.125 0.5150989 0.1349133 0.517522 0.1281226 0.5316502 0.125 0.5 0.1545259 0.507133 0.1349133 0.517522 0.1545259 0.507133 0.1667631 0.5100892 0.1446277 0.519418 0.1667631 0.5100892 0.1775033 0.5126839 0.157431 0.5209435 0.1775033 0.5126839 0.1875 0.5150989 0.1779373 0.5216948 0.157431 0.5209435 0.1779373 0.5216948 0.1702353 0.5338389 0.1470149 0.5335931 0.1702353 0.5338389 0.1671127 0.5513758 0.1431327 0.5512459 0.1671127 0.5513758 0.1666666 0.5742393 0.1307267 0.5504592 0.1431327 0.5512459 0.1425781 0.5740951 0.1259599 0.5484794 0.1307267 0.5504592 0.1302083 0.5730856 0.25 0.7489675 0.25 0.7475076 0.2959949 0.7462815 0.25 0.7489675 0.1967788 0.7481132 0.2040051 0.7462815 0.25 0.7475076 0.25 0.7451175 0.2900637 0.7439115 0.25 0.7475076 0.2040051 0.7462815 0.2099363 0.7439115 0.3750001 0.7500001 0.3125001 0.7500001 0.3032212 0.7481132 0.3125001 0.7500001 0.25 0.7500001 0.25 0.7489675 0.1875 0.7500001 0.1967788 0.7481132 0.25 0.7489675 0.125 0.7500001 0.1545259 0.7445501 0.1967788 0.7481132 0.1967788 0.7481132 0.1545259 0.7445501 0.1667631 0.7422913 0.2040051 0.7462815 0.1667631 0.7422913 0.1775033 0.7403088 0.2099363 0.7439115 0.1775033 0.7403088 0.1875 0.7384636 0.25 0.7451175 0.2099363 0.7439115 0.2129188 0.7401463 0.25 0.7451175 0.25 0.7409916 0.2870813 0.7401464 0.2900637 0.7439115 0.2870813 0.7401464 0.3125 0.7384636 0.2959949 0.7462815 0.2900637 0.7439115 0.3224967 0.7403088 0.3032212 0.7481132 0.2959949 0.7462815 0.3332369 0.7422912 0.2525801 0.5007282 0.2550154 0.5020505 0.2046321 0.5047156 0.2525801 0.5007282 0.3128225 0.50015 0.3131269 0.5007281 0.2550154 0.5020505 0.2570409 0.5047155 0.2108165 0.5077595 0.2550154 0.5020505 0.3131269 0.5007281 0.3133801 0.5023916 0.1875 0.5000001 0.1971014 0.5023916 0.1545259 0.507133 0.25 0.5000001 0.2525801 0.5007282 0.1971014 0.5023916 0.3125001 0.5000001 0.3128225 0.50015 0.2525801 0.5007282 0.3125001 0.5000001 0.3750001 0.5000001 0.375 0.5000001 0.3128225 0.50015 0.375 0.5000001 0.375 0.5000001 0.3131269 0.5007281 0.375 0.5000001 0.375 0.5000001 0.3133801 0.5023916 0.375 0.5000001 0.375 0.5 0.2570409 0.5047155 0.3133801 0.5023916 0.3134886 0.507133 0.2570409 0.5047155 0.257909 0.5100892 0.2139074 0.5126839 0.2108165 0.5077595 0.2139074 0.5126839 0.1875 0.5150989 0.2046321 0.5047156 0.2108165 0.5077595 0.1775033 0.5126839 0.1971014 0.5023916 0.2046321 0.5047156 0.1667631 0.5100892 0.3718774 0.7254796 0.3656443 0.724312 0.3692733 0.7094042 0.3650867 0.73657 0.3553724 0.7350902 0.3656443 0.724312 0.3656443 0.724312 0.3529852 0.7236425 0.3568673 0.7085074 0.3553724 0.7350902 0.342569 0.7339117 0.3529852 0.7236425 0.3750001 0.7153909 0.3740401 0.7116937 0.374349 0.692535 0.3750001 0.7269272 0.3718774 0.7254796 0.3740401 0.7116937 0.3750001 0.7384637 0.3650867 0.73657 0.3718774 0.7254796 0.3750001 0.7500001 0.3454741 0.7445501 0.3650867 0.73657 0.3454741 0.7445501 0.3332369 0.7422912 0.3553724 0.7350902 0.3332369 0.7422912 0.3224967 0.7403088 0.342569 0.7339117 0.3224967 0.7403088 0.3125 0.7384636 0.3220627 0.7333359 0.342569 0.7339117 0.3220627 0.7333359 0.3297647 0.7234399 0.3529852 0.7236425 0.3297647 0.7234399 0.3328873 0.708366 0.3568673 0.7085074 0.3328873 0.708366 0.3333333 0.6876355 0.3692733 0.7094042 0.3568673 0.7085074 0.3574219 0.6878044 0.3740401 0.7116937 0.3692733 0.7094042 0.3697917 0.6889871 0.3746881 0.5961386 0.3744575 0.6311534 0.3706598 0.6304354 0.3744575 0.6311534 0.3743626 0.664352 0.3699002 0.6621187 0.3725043 0.5960489 0.3706598 0.6304354 0.3599175 0.6301758 0.3706598 0.6304354 0.3699002 0.6621187 0.3577339 0.6612732 0.3750001 0.5603953 0.3750001 0.5962601 0.3746881 0.5961386 0.3750001 0.5962601 0.3750001 0.6321249 0.3744575 0.6311534 0.3750001 0.6321249 0.3750001 0.6679897 0.3743626 0.664352 0.3750001 0.6679897 0.3750001 0.7038544 0.374349 0.692535 0.3743626 0.664352 0.374349 0.692535 0.3697917 0.6889871 0.3699002 0.6621187 0.3697917 0.6889871 0.3574219 0.6878044 0.3574219 0.6878044 0.3333333 0.6876355 0.3337674 0.6611834 0.3599175 0.6301758 0.3577339 0.6612732 0.3337674 0.6611834 0.3656548 0.5960886 0.3599175 0.6301758 0.3368056 0.6303859 0.3750001 0.5603954 0.3656548 0.5960886 0.3458659 0.5968719 0.3750001 0.5603954 0.3725043 0.5960489 0.3656548 0.5960886 0.375 0.5603954 0.3746881 0.5961386 0.3725043 0.5960489 0.1349133 0.73657 0.1281226 0.7254795 0.1343557 0.7243119 0.1281226 0.7254795 0.1259599 0.7116936 0.1307268 0.7094042 0.1446277 0.7350901 0.1343557 0.7243119 0.1470149 0.7236425 0.1343557 0.7243119 0.1307268 0.7094042 0.1431327 0.7085074 0.125 0.7500001 0.125 0.7384636 0.1349133 0.73657 0.125 0.7384636 0.125 0.7269272 0.1281226 0.7254795 0.125 0.7269272 0.125 0.7153909 0.1259599 0.7116936 0.125 0.7153909 0.125 0.7038543 0.125651 0.692535 0.1259599 0.7116936 0.125651 0.692535 0.1302083 0.6889871 0.1307268 0.7094042 0.1302083 0.6889871 0.1425781 0.6878045 0.1431327 0.7085074 0.1425781 0.6878045 0.1666666 0.6876355 0.1470149 0.7236425 0.1431327 0.7085074 0.1671127 0.708366 0.157431 0.7339117 0.1470149 0.7236425 0.1702353 0.7234399 0.1775033 0.7403088 0.157431 0.7339117 0.1779373 0.7333359 0.1667631 0.7422913 0.1446277 0.7350901 0.157431 0.7339117 0.1545259 0.7445501 0.1349133 0.73657 0.1446277 0.7350901 0.2047526 0.6017435 0.2526042 0.601018 0.2508681 0.6315397 0.3035753 0.5991883 0.2980686 0.6309629 0.2508681 0.6315397 0.2045356 0.631792 0.2508681 0.6315397 0.2501085 0.6613276 0.2508681 0.6315397 0.2980686 0.6309629 0.2958849 0.6612554 0.1666666 0.5742393 0.2049696 0.5740951 0.2047526 0.6017435 0.2049696 0.5740951 0.2543403 0.5730857 0.2526042 0.601018 0.3105469 0.5700753 0.3035753 0.5991883 0.2526042 0.601018 0.375 0.5603954 0.3458659 0.5968719 0.3035753 0.5991883 0.3458659 0.5968719 0.3368056 0.6303859 0.2980686 0.6309629 0.3368056 0.6303859 0.3337674 0.6611834 0.2958849 0.6612554 0.2958849 0.6612554 0.3337674 0.6611834 0.3333333 0.6876355 0.2501085 0.6613276 0.2958849 0.6612554 0.2955729 0.6876356 0.2044407 0.661359 0.2501085 0.6613276 0.25 0.6876355 0.2044407 0.661359 0.2044271 0.6876356 0.1666666 0.6876355 0.1666666 0.631828 0.2045356 0.631792 0.2044407 0.661359 0.1666666 0.6018472 0.2047526 0.6017435 0.2045356 0.631792 0.1875 0.6319888 0.25 0.631927 0.2498915 0.6002732 0.1875 0.6645727 0.25 0.6632344 0.25 0.631927 0.2498915 0.6002732 0.25 0.631927 0.3125 0.6319888 0.25 0.631927 0.25 0.6632344 0.3125 0.6645725 0.125 0.5962601 0.1874864 0.5991453 0.1873915 0.5699131 0.125 0.6321249 0.1875 0.6319888 0.1874864 0.5991453 0.125 0.6679896 0.1875 0.6645727 0.1875 0.6319888 0.125 0.7038543 0.1875 0.6927039 0.1875 0.6645727 0.1875 0.6927039 0.25 0.6903386 0.25 0.6632344 0.25 0.6632344 0.25 0.6903386 0.3125 0.6927039 0.3125 0.6645725 0.3125 0.6927039 0.3750001 0.7038544 0.3125 0.6319888 0.3125 0.6645725 0.3750001 0.6679897 0.3122694 0.5991453 0.3125 0.6319888 0.3750001 0.6321249 0.3098958 0.5699311 0.3122694 0.5991453 0.3750001 0.5962601 0.2491319 0.571932 0.2498915 0.6002732 0.3122694 0.5991453 0.1874864 0.5991453 0.2498915 0.6002732 0.2491319 0.571932 0.187066 0.5309908 0.2465278 0.5313513 0.2476128 0.5152431 0.187188 0.5482978 0.2475043 0.5494785 0.2465278 0.5313513 0.2476128 0.5152431 0.2465278 0.5313513 0.2999132 0.5310269 0.2465278 0.5313513 0.2475043 0.5494785 0.3032363 0.5483744 0.125 0.5 0.125 0.5150989 0.1872016 0.5151981 0.125 0.5301977 0.187066 0.5309908 0.1872016 0.5151981 0.125 0.5452966 0.187188 0.5482978 0.187066 0.5309908 0.125 0.5603953 0.1873915 0.5699131 0.187188 0.5482978 0.1873915 0.5699131 0.2491319 0.571932 0.2475043 0.5494785 0.2475043 0.5494785 0.2491319 0.571932 0.3098958 0.5699311 0.3032363 0.5483744 0.3098958 0.5699311 0.3750001 0.5603953 0.2999132 0.5310269 0.3032363 0.5483744 0.3462999 0.5461617 0.3034668 0.5152025 0.2999132 0.5310269 0.3402778 0.5304861 0.3125001 0.5000001 0.3034668 0.5152025 0.3463542 0.5151349 0.25 0.5000001 0.2476128 0.5152431 0.3034668 0.5152025 0.1875 0.5000001 0.1872016 0.5151981 0.2476128 0.5152431 0.2111284 0.5209435 0.2571494 0.5194179 0.2558835 0.5328515 0.3133937 0.5175221 0.3132354 0.5316503 0.2558835 0.5328515 0.2071277 0.5335931 0.2558835 0.5328515 0.2551842 0.5504592 0.3132354 0.5316503 0.3129311 0.5484796 0.2551842 0.5504592 0.1875 0.5150989 0.2139074 0.5126839 0.2111284 0.5209435 0.2139074 0.5126839 0.257909 0.5100892 0.2571494 0.5194179 0.3134886 0.507133 0.3133937 0.5175221 0.2571494 0.5194179 0.375 0.5 0.375 0.5150989 0.3133937 0.5175221 0.375 0.5150989 0.3750001 0.5301977 0.3132354 0.5316503 0.3750001 0.5301977 0.3750001 0.5452966 0.3129311 0.5484796 0.3750001 0.5452966 0.375 0.5603954 0.3105469 0.5700753 0.3129311 0.5484796 0.3105469 0.5700753 0.2543403 0.5730857 0.2053207 0.551246 0.2551842 0.5504592 0.2543403 0.5730857 0.1671127 0.5513758 0.2053207 0.551246 0.2049696 0.5740951 0.1702353 0.5338389 0.2071277 0.5335931 0.2053207 0.551246 0.1779373 0.5216948 0.2111284 0.5209435 0.2071277 0.5335931 0.3659669 0.5151033 0.3624132 0.5302338 0.3715277 0.5301977 0.3624132 0.5302338 0.3659669 0.5453732 0.3726128 0.5452965 0.3726128 0.5150989 0.3715277 0.5301977 0.374566 0.5301977 0.3715277 0.5301977 0.3726128 0.5452965 0.3747016 0.5452966 0.3750001 0.5000001 0.3463542 0.5151349 0.3659669 0.5151033 0.3463542 0.5151349 0.3402778 0.5304861 0.3624132 0.5302338 0.3402778 0.5304861 0.3462999 0.5461617 0.3659669 0.5453732 0.3462999 0.5461617 0.3750001 0.5603953 0.375 0.5603954 0.3659669 0.5453732 0.375 0.5603954 0.3750001 0.5603954 0.3726128 0.5452965 0.3750001 0.5603954 0.3750001 0.5603954 0.3747016 0.5452966 0.3750001 0.5603954 0.375 0.5603954 0.374566 0.5301977 0.3747016 0.5452966 0.3750001 0.5452966 0.3747016 0.5150989 0.374566 0.5301977 0.3750001 0.5301977 0.375 0.5000001 0.3747016 0.5150989 0.375 0.5150989 0.375 0.5000001 0.3726128 0.5150989 0.3747016 0.5150989 0.375 0.5000001 0.3659669 0.5151033 0.3726128 0.5150989 0.125651 0.6319826 0.1302083 0.6318775 0.1302083 0.662299 0.125651 0.5992437 0.1302083 0.6010602 0.1302083 0.6318775 0.1302083 0.6318775 0.1425781 0.6318342 0.1425781 0.6614805 0.1302083 0.6010602 0.1425781 0.6017488 0.1425781 0.6318342 0.125 0.6679896 0.125651 0.6644557 0.125651 0.692535 0.125 0.6321249 0.125651 0.6319826 0.125651 0.6644557 0.125 0.5962601 0.125651 0.5992437 0.125651 0.6319826 0.125 0.5603953 0.125651 0.5700573 0.125651 0.5992437 0.125651 0.5700573 0.1302083 0.5730856 0.1302083 0.6010602 0.1302083 0.5730856 0.1425781 0.5740951 0.1425781 0.6017488 0.1425781 0.5740951 0.1666666 0.5742393 0.1666666 0.6018472 0.1425781 0.6017488 0.1666666 0.6018472 0.1666666 0.631828 0.1425781 0.6318342 0.1666666 0.631828 0.1666666 0.6613637 0.1425781 0.6878045 0.1425781 0.6614805 0.1666666 0.6613637 0.1302083 0.662299 0.1425781 0.6614805 0.1425781 0.6878045 0.125651 0.6644557 0.1302083 0.662299 0.1302083 0.6889871 0.25 0.5625001 0.25 0.625 0.1875 0.625 0.1875 0.625 0.25 0.625 0.25 0.6875001 0.25 0.5625001 0.3125 0.5625001 0.3125 0.625 0.3125 0.625 0.3125 0.6875001 0.25 0.6875001 0.1875 0.5000001 0.1875 0.5625001 0.125 0.5625001 0.1875 0.5625001 0.1875 0.625 0.125 0.6250001 0.125 0.6250001 0.1875 0.625 0.1875 0.6875001 0.125 0.6875001 0.1875 0.6875001 0.1875 0.7500001 0.1875 0.6875001 0.25 0.6875001 0.25 0.7500001 0.3125 0.6875001 0.3125001 0.7500001 0.25 0.7500001 0.375 0.6875001 0.3750001 0.7500001 0.3125001 0.7500001 0.375 0.6250001 0.375 0.6875001 0.3125 0.6875001 0.3125 0.5625001 0.375 0.5625001 0.375 0.6250001 0.3125001 0.5000001 0.3750001 0.5000001 0.375 0.5625001 0.25 0.5000001 0.3125001 0.5000001 0.3125 0.5625001 0.25 0.5000001 0.25 0.5625001 0.1875 0.5625001 0.2083575 0.6250001 0.25 0.625 0.25 0.5833574 0.25 0.5833574 0.25 0.625 0.2916426 0.6250001 0.2083575 0.6250001 0.2104803 0.6645197 0.25 0.6666427 0.25 0.6666427 0.2895197 0.6645198 0.2916426 0.6250001 0.1783834 0.5879188 0.2104803 0.5854804 0.2129188 0.5533835 0.2104803 0.5854804 0.25 0.5833574 0.25 0.5488041 0.25 0.5488041 0.25 0.5833574 0.2895197 0.5854804 0.2870813 0.5533835 0.2895197 0.5854804 0.3216166 0.5879188 0.2895197 0.5854804 0.2916426 0.6250001 0.326196 0.6250001 0.2895197 0.6645198 0.3216167 0.6620814 0.326196 0.6250001 0.2870813 0.6966167 0.3125 0.6875001 0.3216167 0.6620814 0.25 0.701196 0.2870813 0.6966167 0.2895197 0.6645198 0.2104803 0.6645197 0.2129188 0.6966166 0.25 0.701196 0.1783834 0.6620814 0.1875 0.6875001 0.2129188 0.6966166 0.173804 0.6250001 0.1783834 0.6620814 0.2104803 0.6645197 0.173804 0.6250001 0.2083575 0.6250001 0.2104803 0.5854804 0.3032212 0.7397778 0.2959949 0.7298539 0.25 0.736497 0.25 0.736497 0.2040051 0.7298539 0.1967788 0.7397779 0.2900637 0.7170144 0.25 0.7235485 0.25 0.736497 0.25 0.736497 0.25 0.7235485 0.2099363 0.7170144 0.3750001 0.7500001 0.3454741 0.7204741 0.3032212 0.7397778 0.3125001 0.7500001 0.3032212 0.7397778 0.25 0.7444059 0.25 0.7444059 0.1967788 0.7397779 0.1875 0.7500001 0.1967788 0.7397779 0.1545259 0.7204741 0.125 0.7500001 0.2040051 0.7298539 0.1667631 0.708237 0.1545259 0.7204741 0.2040051 0.7298539 0.2099363 0.7170144 0.1775033 0.6974968 0.2099363 0.7170144 0.2129188 0.6966166 0.1875 0.6875001 0.25 0.7235485 0.25 0.701196 0.2129188 0.6966166 0.2870813 0.6966167 0.25 0.701196 0.25 0.7235485 0.3125 0.6875001 0.2870813 0.6966167 0.2900637 0.7170144 0.3224967 0.6974968 0.2900637 0.7170144 0.2959949 0.7298539 0.3454741 0.7204741 0.3332369 0.7082369 0.2959949 0.7298539 0.1967788 0.5102223 0.2040051 0.5201462 0.25 0.5135031 0.25 0.5135031 0.2959949 0.5201461 0.3032212 0.5102223 0.2099363 0.5329856 0.25 0.5264517 0.25 0.5135031 0.25 0.5135031 0.25 0.5264517 0.2900637 0.5329857 0.125 0.5000001 0.1545259 0.529526 0.1967788 0.5102223 0.1875 0.5000001 0.1967788 0.5102223 0.25 0.5055941 0.25 0.5055941 0.3032212 0.5102223 0.3125001 0.5000001 0.3032212 0.5102223 0.3454741 0.529526 0.3750001 0.5000001 0.2959949 0.5201461 0.3332369 0.5417632 0.3454741 0.529526 0.2959949 0.5201461 0.2900637 0.5329857 0.3224967 0.5525034 0.2900637 0.5329857 0.2870813 0.5533835 0.3125 0.5625001 0.25 0.5264517 0.25 0.5488041 0.2870813 0.5533835 0.2129188 0.5533835 0.25 0.5488041 0.25 0.5264517 0.1875 0.5625 0.2129188 0.5533835 0.2099363 0.5329856 0.1775033 0.5525034 0.2099363 0.5329856 0.2040051 0.5201462 0.1545259 0.529526 0.1667631 0.5417631 0.2040051 0.5201462 0.3647778 0.5717789 0.3548539 0.5790051 0.3614969 0.6250001 0.3614969 0.6250001 0.3548539 0.6709949 0.3647778 0.6782212 0.3420144 0.5849364 0.3485485 0.6250001 0.3614969 0.6250001 0.3614969 0.6250001 0.3485485 0.6250001 0.3420144 0.6650638 0.3750001 0.5000001 0.3454741 0.529526 0.3647778 0.5717789 0.375 0.5625001 0.3647778 0.5717789 0.3694059 0.6250001 0.3694059 0.6250001 0.3647778 0.6782212 0.375 0.6875001 0.3647778 0.6782212 0.3454741 0.7204741 0.3750001 0.7500001 0.3548539 0.6709949 0.3332369 0.7082369 0.3454741 0.7204741 0.3548539 0.6709949 0.3420144 0.6650638 0.3224967 0.6974968 0.3420144 0.6650638 0.3216167 0.6620814 0.3125 0.6875001 0.3485485 0.6250001 0.326196 0.6250001 0.3216167 0.6620814 0.3216166 0.5879188 0.326196 0.6250001 0.3485485 0.6250001 0.3125 0.5625001 0.3216166 0.5879188 0.3420144 0.5849364 0.3224967 0.5525034 0.3420144 0.5849364 0.3548539 0.5790051 0.3454741 0.529526 0.3332369 0.5417632 0.3548539 0.5790051 0.1352223 0.6782212 0.1451461 0.6709949 0.1385031 0.6250001 0.1385031 0.6250001 0.1451461 0.5790051 0.1352223 0.5717789 0.1579856 0.6650637 0.1514516 0.6250001 0.1385031 0.6250001 0.1385031 0.6250001 0.1514516 0.6250001 0.1579856 0.5849364 0.125 0.7500001 0.1545259 0.7204741 0.1352223 0.6782212 0.125 0.6875001 0.1352223 0.6782212 0.1305941 0.6250001 0.1305941 0.6250001 0.1352223 0.5717789 0.125 0.5625001 0.1352223 0.5717789 0.1545259 0.529526 0.125 0.5000001 0.1451461 0.5790051 0.1667631 0.5417631 0.1545259 0.529526 0.1451461 0.5790051 0.1579856 0.5849364 0.1775033 0.5525034 0.1579856 0.5849364 0.1783834 0.5879188 0.1875 0.5625 0.1514516 0.6250001 0.173804 0.6250001 0.1783834 0.5879188 0.1783834 0.6620814 0.173804 0.6250001 0.1514516 0.6250001 0.1875 0.6875001 0.1783834 0.6620814 0.1579856 0.6650637 0.1775033 0.6974968 0.1579856 0.6650637 0.1451461 0.6709949 0.1545259 0.7204741 0.1667631 0.708237 0.1451461 0.6709949 0.1875 0.7118746 0.25 0.7104914 0.25 0.7255756 0.1875 0.7259981 0.25 0.7255756 0.25 0.7382947 0.3125 0.7118746 0.3125 0.725998 0.25 0.7255756 0.3125 0.725998 0.3125 0.7383475 0.25 0.7382947 0.125 0.7038543 0.1875 0.6927039 0.1875 0.7118746 0.125 0.7153909 0.1875 0.7118746 0.1875 0.7259981 0.125 0.7269272 0.1875 0.7259981 0.1875 0.7383475 0.125 0.7384636 0.1875 0.7383475 0.1875 0.7500001 0.1875 0.7383475 0.25 0.7382947 0.25 0.7500001 0.3125 0.7383475 0.3125001 0.7500001 0.25 0.7500001 0.3750001 0.7384637 0.3750001 0.7500001 0.3125001 0.7500001 0.3750001 0.7269272 0.3750001 0.7384637 0.3125 0.7383475 0.3750001 0.7153909 0.3750001 0.7269272 0.3125 0.725998 0.3750001 0.7038544 0.3750001 0.7153909 0.3125 0.7118746 0.3125 0.6927039 0.3125 0.7118746 0.25 0.7104914 0.1875 0.6927039 0.25 0.6903386 0.25 0.7104914 0.2046727 0.7083815 0.2063922 0.7235646 0.25 0.7236891 0.25 0.7083971 0.25 0.7236891 0.2936078 0.7235647 0.2063922 0.7235646 0.2102347 0.7338015 0.25 0.7342089 0.25 0.7236891 0.25 0.7342089 0.2897654 0.7338016 0.1666666 0.6876355 0.1671127 0.708366 0.2046727 0.7083815 0.2044271 0.6876356 0.2046727 0.7083815 0.25 0.7083971 0.25 0.6876355 0.25 0.7083971 0.2953273 0.7083815 0.2955729 0.6876356 0.2953273 0.7083815 0.3328873 0.708366 0.2953273 0.7083815 0.2936078 0.7235647 0.3297647 0.7234399 0.2936078 0.7235647 0.2897654 0.7338016 0.3220627 0.7333359 0.2897654 0.7338016 0.2870813 0.7401464 0.3125 0.7384636 0.25 0.7342089 0.25 0.7409916 0.2870813 0.7401464 0.2102347 0.7338015 0.2129188 0.7401463 0.25 0.7409916 0.1875 0.7384636 0.2129188 0.7401463 0.2102347 0.7338015 0.1779373 0.7333359 0.2102347 0.7338015 0.2063922 0.7235646 0.1702353 0.7234399 0.2063922 0.7235646 0.2046727 0.7083815 0.1307267 0.5504592 0.1343557 0.5328515 0.1281226 0.5316502 0.1343557 0.5328515 0.1446277 0.519418 0.1349133 0.517522 0.1431327 0.5512459 0.1470149 0.5335931 0.1343557 0.5328515 0.1470149 0.5335931 0.157431 0.5209435 0.1446277 0.519418 0.125651 0.5700573 0.1259599 0.5484794 0.125 0.5452966 0.1259599 0.5484794 0.1281226 0.5316502 0.125 0.5301977 0.1281226 0.5316502 0.1349133 0.517522 0.125 0.5150989 0.1349133 0.517522 0.1545259 0.507133 0.125 0.5 0.1446277 0.519418 0.1667631 0.5100892 0.1545259 0.507133 0.157431 0.5209435 0.1775033 0.5126839 0.1667631 0.5100892 0.1779373 0.5216948 0.1875 0.5150989 0.1775033 0.5126839 0.1702353 0.5338389 0.1779373 0.5216948 0.157431 0.5209435 0.1671127 0.5513758 0.1702353 0.5338389 0.1470149 0.5335931 0.1666666 0.5742393 0.1671127 0.5513758 0.1431327 0.5512459 0.1425781 0.5740951 0.1431327 0.5512459 0.1307267 0.5504592 0.1302083 0.5730856 0.1307267 0.5504592 0.1259599 0.5484794 0.2959949 0.7462815 0.25 0.7475076 0.25 0.7489675 0.25 0.7475076 0.2040051 0.7462815 0.1967788 0.7481132 0.2900637 0.7439115 0.25 0.7451175 0.25 0.7475076 0.25 0.7475076 0.25 0.7451175 0.2099363 0.7439115 0.3750001 0.7500001 0.3454741 0.7445501 0.3032212 0.7481132 0.3032212 0.7481132 0.25 0.7489675 0.25 0.7500001 0.25 0.7489675 0.1967788 0.7481132 0.1875 0.7500001 0.1967788 0.7481132 0.1545259 0.7445501 0.125 0.7500001 0.1967788 0.7481132 0.2040051 0.7462815 0.1667631 0.7422913 0.2040051 0.7462815 0.2099363 0.7439115 0.1775033 0.7403088 0.2099363 0.7439115 0.2129188 0.7401463 0.1875 0.7384636 0.25 0.7451175 0.25 0.7409916 0.2129188 0.7401463 0.2870813 0.7401464 0.25 0.7409916 0.25 0.7451175 0.3125 0.7384636 0.2870813 0.7401464 0.2900637 0.7439115 0.3224967 0.7403088 0.2900637 0.7439115 0.2959949 0.7462815 0.3332369 0.7422912 0.2959949 0.7462815 0.3032212 0.7481132 0.2046321 0.5047156 0.2550154 0.5020505 0.2525801 0.5007282 0.2550154 0.5020505 0.3131269 0.5007281 0.3128225 0.50015 0.2108165 0.5077595 0.2570409 0.5047155 0.2550154 0.5020505 0.2570409 0.5047155 0.3133801 0.5023916 0.3131269 0.5007281 0.1545259 0.507133 0.1971014 0.5023916 0.1875 0.5000001 0.1971014 0.5023916 0.2525801 0.5007282 0.25 0.5000001 0.2525801 0.5007282 0.3128225 0.50015 0.3125001 0.5000001 0.3128225 0.50015 0.375 0.5000001 0.3750001 0.5000001 0.3128225 0.50015 0.3131269 0.5007281 0.375 0.5000001 0.3131269 0.5007281 0.3133801 0.5023916 0.375 0.5000001 0.3133801 0.5023916 0.3134886 0.507133 0.375 0.5 0.257909 0.5100892 0.3134886 0.507133 0.3133801 0.5023916 0.2139074 0.5126839 0.257909 0.5100892 0.2570409 0.5047155 0.1875 0.5150989 0.2139074 0.5126839 0.2108165 0.5077595 0.1775033 0.5126839 0.2108165 0.5077595 0.2046321 0.5047156 0.1667631 0.5100892 0.2046321 0.5047156 0.1971014 0.5023916 0.3692733 0.7094042 0.3656443 0.724312 0.3718774 0.7254796 0.3656443 0.724312 0.3553724 0.7350902 0.3650867 0.73657 0.3568673 0.7085074 0.3529852 0.7236425 0.3656443 0.724312 0.3529852 0.7236425 0.342569 0.7339117 0.3553724 0.7350902 0.374349 0.692535 0.3740401 0.7116937 0.3750001 0.7153909 0.3740401 0.7116937 0.3718774 0.7254796 0.3750001 0.7269272 0.3718774 0.7254796 0.3650867 0.73657 0.3750001 0.7384637 0.3650867 0.73657 0.3454741 0.7445501 0.3750001 0.7500001 0.3553724 0.7350902 0.3332369 0.7422912 0.3454741 0.7445501 0.342569 0.7339117 0.3224967 0.7403088 0.3332369 0.7422912 0.3220627 0.7333359 0.3125 0.7384636 0.3224967 0.7403088 0.3297647 0.7234399 0.3220627 0.7333359 0.342569 0.7339117 0.3328873 0.708366 0.3297647 0.7234399 0.3529852 0.7236425 0.3333333 0.6876355 0.3328873 0.708366 0.3568673 0.7085074 0.3574219 0.6878044 0.3568673 0.7085074 0.3692733 0.7094042 0.3697917 0.6889871 0.3692733 0.7094042 0.3740401 0.7116937 0.3746881 0.5961386 0.3725043 0.5960489 0.3706598 0.6304354 0.3744575 0.6311534 0.3706598 0.6304354 0.3699002 0.6621187 0.3725043 0.5960489 0.3656548 0.5960886 0.3599175 0.6301758 0.3706598 0.6304354 0.3599175 0.6301758 0.3577339 0.6612732 0.3750001 0.5603953 0.375 0.5603954 0.3746881 0.5961386 0.3750001 0.5962601 0.3746881 0.5961386 0.3744575 0.6311534 0.3750001 0.6321249 0.3744575 0.6311534 0.3743626 0.664352 0.3750001 0.6679897 0.3743626 0.664352 0.374349 0.692535 0.3743626 0.664352 0.3699002 0.6621187 0.3697917 0.6889871 0.3699002 0.6621187 0.3577339 0.6612732 0.3574219 0.6878044 0.3337674 0.6611834 0.3333333 0.6876355 0.3574219 0.6878044 0.3599175 0.6301758 0.3368056 0.6303859 0.3337674 0.6611834 0.3656548 0.5960886 0.3458659 0.5968719 0.3368056 0.6303859 0.3750001 0.5603954 0.375 0.5603954 0.3458659 0.5968719 0.3750001 0.5603954 0.3750001 0.5603954 0.3656548 0.5960886 0.375 0.5603954 0.3750001 0.5603954 0.3725043 0.5960489 0.1349133 0.73657 0.1446277 0.7350901 0.1343557 0.7243119 0.1281226 0.7254795 0.1343557 0.7243119 0.1307268 0.7094042 0.1446277 0.7350901 0.157431 0.7339117 0.1470149 0.7236425 0.1343557 0.7243119 0.1470149 0.7236425 0.1431327 0.7085074 0.125 0.7500001 0.1545259 0.7445501 0.1349133 0.73657 0.125 0.7384636 0.1349133 0.73657 0.1281226 0.7254795 0.125 0.7269272 0.1281226 0.7254795 0.1259599 0.7116936 0.125 0.7153909 0.1259599 0.7116936 0.125651 0.692535 0.1259599 0.7116936 0.1307268 0.7094042 0.1302083 0.6889871 0.1307268 0.7094042 0.1431327 0.7085074 0.1425781 0.6878045 0.1431327 0.7085074 0.1671127 0.708366 0.1666666 0.6876355 0.1470149 0.7236425 0.1702353 0.7234399 0.1671127 0.708366 0.157431 0.7339117 0.1779373 0.7333359 0.1702353 0.7234399 0.1775033 0.7403088 0.1875 0.7384636 0.1779373 0.7333359 0.1667631 0.7422913 0.1775033 0.7403088 0.157431 0.7339117 0.1545259 0.7445501 0.1667631 0.7422913 0.1446277 0.7350901 0.2047526 0.6017435 0.2045356 0.631792 0.2508681 0.6315397 0.2526042 0.601018 0.2508681 0.6315397 0.2980686 0.6309629 0.2045356 0.631792 0.2044407 0.661359 0.2501085 0.6613276 0.2508681 0.6315397 0.2501085 0.6613276 0.2958849 0.6612554 0.1666666 0.5742393 0.1666666 0.6018472 0.2047526 0.6017435 0.2049696 0.5740951 0.2047526 0.6017435 0.2526042 0.601018 0.2543403 0.5730857 0.2526042 0.601018 0.3035753 0.5991883 0.3035753 0.5991883 0.3458659 0.5968719 0.375 0.5603954 0.3035753 0.5991883 0.2980686 0.6309629 0.3368056 0.6303859 0.2980686 0.6309629 0.2958849 0.6612554 0.3337674 0.6611834 0.2958849 0.6612554 0.2955729 0.6876356 0.3333333 0.6876355 0.2501085 0.6613276 0.25 0.6876355 0.2955729 0.6876356 0.2044407 0.661359 0.2044271 0.6876356 0.25 0.6876355 0.1666666 0.6613637 0.1666666 0.6876355 0.2044271 0.6876356 0.1666666 0.631828 0.1666666 0.6613637 0.2044407 0.661359 0.1666666 0.6018472 0.1666666 0.631828 0.2045356 0.631792 0.2498915 0.6002732 0.25 0.631927 0.1875 0.6319888 0.25 0.631927 0.25 0.6632344 0.1875 0.6645727 0.2498915 0.6002732 0.3122694 0.5991453 0.3125 0.6319888 0.25 0.631927 0.3125 0.6319888 0.3125 0.6645725 0.1873915 0.5699131 0.1874864 0.5991453 0.125 0.5962601 0.1874864 0.5991453 0.1875 0.6319888 0.125 0.6321249 0.1875 0.6319888 0.1875 0.6645727 0.125 0.6679896 0.1875 0.6645727 0.1875 0.6927039 0.125 0.7038543 0.1875 0.6645727 0.25 0.6632344 0.25 0.6903386 0.25 0.6632344 0.3125 0.6645725 0.3125 0.6927039 0.3125 0.6645725 0.3750001 0.6679897 0.3750001 0.7038544 0.3125 0.6319888 0.3750001 0.6321249 0.3750001 0.6679897 0.3122694 0.5991453 0.3750001 0.5962601 0.3750001 0.6321249 0.3098958 0.5699311 0.3750001 0.5603953 0.3750001 0.5962601 0.2491319 0.571932 0.3098958 0.5699311 0.3122694 0.5991453 0.2491319 0.571932 0.2498915 0.6002732 0.1874864 0.5991453 0.1872016 0.5151981 0.2476128 0.5152431 0.2465278 0.5313513 0.2465278 0.5313513 0.2475043 0.5494785 0.187188 0.5482978 0.2476128 0.5152431 0.3034668 0.5152025 0.2999132 0.5310269 0.2465278 0.5313513 0.2999132 0.5310269 0.3032363 0.5483744 0.125 0.5 0.1875 0.5000001 0.1872016 0.5151981 0.1872016 0.5151981 0.187066 0.5309908 0.125 0.5301977 0.187066 0.5309908 0.187188 0.5482978 0.125 0.5452966 0.187188 0.5482978 0.1873915 0.5699131 0.125 0.5603953 0.2475043 0.5494785 0.2491319 0.571932 0.1873915 0.5699131 0.2475043 0.5494785 0.3032363 0.5483744 0.3098958 0.5699311 0.3032363 0.5483744 0.3462999 0.5461617 0.3750001 0.5603953 0.2999132 0.5310269 0.3402778 0.5304861 0.3462999 0.5461617 0.3034668 0.5152025 0.3463542 0.5151349 0.3402778 0.5304861 0.3125001 0.5000001 0.3750001 0.5000001 0.3463542 0.5151349 0.25 0.5000001 0.3125001 0.5000001 0.3034668 0.5152025 0.1875 0.5000001 0.25 0.5000001 0.2476128 0.5152431 0.2111284 0.5209435 0.2071277 0.5335931 0.2558835 0.5328515 0.2571494 0.5194179 0.2558835 0.5328515 0.3132354 0.5316503 0.2071277 0.5335931 0.2053207 0.551246 0.2551842 0.5504592 0.2558835 0.5328515 0.2551842 0.5504592 0.3129311 0.5484796 0.1875 0.5150989 0.1779373 0.5216948 0.2111284 0.5209435 0.2139074 0.5126839 0.2111284 0.5209435 0.2571494 0.5194179 0.2571494 0.5194179 0.3133937 0.5175221 0.3134886 0.507133 0.3133937 0.5175221 0.375 0.5150989 0.375 0.5 0.3132354 0.5316503 0.3750001 0.5301977 0.375 0.5150989 0.3129311 0.5484796 0.3750001 0.5452966 0.3750001 0.5301977 0.3105469 0.5700753 0.375 0.5603954 0.3750001 0.5452966 0.2551842 0.5504592 0.2543403 0.5730857 0.3105469 0.5700753 0.2053207 0.551246 0.2049696 0.5740951 0.2543403 0.5730857 0.1671127 0.5513758 0.1666666 0.5742393 0.2049696 0.5740951 0.1702353 0.5338389 0.1671127 0.5513758 0.2053207 0.551246 0.1779373 0.5216948 0.1702353 0.5338389 0.2071277 0.5335931 0.3659669 0.5151033 0.3726128 0.5150989 0.3715277 0.5301977 0.3624132 0.5302338 0.3715277 0.5301977 0.3726128 0.5452965 0.3726128 0.5150989 0.3747016 0.5150989 0.374566 0.5301977 0.3715277 0.5301977 0.374566 0.5301977 0.3747016 0.5452966 0.3750001 0.5000001 0.375 0.5000001 0.3659669 0.5151033 0.3463542 0.5151349 0.3659669 0.5151033 0.3624132 0.5302338 0.3402778 0.5304861 0.3624132 0.5302338 0.3659669 0.5453732 0.3462999 0.5461617 0.3659669 0.5453732 0.375 0.5603954 0.3659669 0.5453732 0.3726128 0.5452965 0.3750001 0.5603954 0.3726128 0.5452965 0.3747016 0.5452966 0.3750001 0.5603954 0.3747016 0.5452966 0.3750001 0.5452966 0.375 0.5603954 0.374566 0.5301977 0.3750001 0.5301977 0.3750001 0.5452966 0.3747016 0.5150989 0.375 0.5150989 0.3750001 0.5301977 0.375 0.5000001 0.375 0.5 0.375 0.5150989 0.375 0.5000001 0.375 0.5000001 0.3747016 0.5150989 0.375 0.5000001 0.375 0.5000001 0.3726128 0.5150989 0.1302083 0.662299 0.1302083 0.6318775 0.125651 0.6319826 0.1302083 0.6318775 0.1302083 0.6010602 0.125651 0.5992437 0.1425781 0.6614805 0.1425781 0.6318342 0.1302083 0.6318775 0.1425781 0.6318342 0.1425781 0.6017488 0.1302083 0.6010602 0.125651 0.692535 0.125651 0.6644557 0.125 0.6679896 0.125651 0.6644557 0.125651 0.6319826 0.125 0.6321249 0.125651 0.6319826 0.125651 0.5992437 0.125 0.5962601 0.125651 0.5992437 0.125651 0.5700573 0.125 0.5603953 0.1302083 0.6010602 0.1302083 0.5730856 0.125651 0.5700573 0.1425781 0.6017488 0.1425781 0.5740951 0.1302083 0.5730856 0.1666666 0.6018472 0.1666666 0.5742393 0.1425781 0.5740951 0.1666666 0.631828 0.1666666 0.6018472 0.1425781 0.6017488 0.1666666 0.6613637 0.1666666 0.631828 0.1425781 0.6318342 0.1666666 0.6876355 0.1666666 0.6613637 0.1425781 0.6614805 0.1425781 0.6878045 0.1425781 0.6614805 0.1302083 0.662299 0.1302083 0.6889871 0.1302083 0.662299 0.125651 0.6644557 0.1875 0.7118746 0.25 0.7104914 0.25 0.7255756 0.1875 0.7259981 0.25 0.7255756 0.25 0.7382947 0.3125 0.7118746 0.3125 0.725998 0.25 0.7255756 0.3125 0.725998 0.3125 0.7383475 0.25 0.7382947 0.125 0.7038543 0.1875 0.6927039 0.1875 0.7118746 0.125 0.7153909 0.1875 0.7118746 0.1875 0.7259981 0.125 0.7269272 0.1875 0.7259981 0.1875 0.7383475 0.125 0.7384636 0.1875 0.7383475 0.1875 0.7500001 0.1875 0.7383475 0.25 0.7382947 0.25 0.7500001 0.3125 0.7383475 0.3125001 0.7500001 0.25 0.7500001 0.3750001 0.7384637 0.3750001 0.7500001 0.3125001 0.7500001 0.3750001 0.7269272 0.3750001 0.7384637 0.3125 0.7383475 0.3750001 0.7153909 0.3750001 0.7269272 0.3125 0.725998 0.3750001 0.7038544 0.3750001 0.7153909 0.3125 0.7118746 0.3125 0.6927039 0.3125 0.7118746 0.25 0.7104914 0.1875 0.6927039 0.25 0.6903386 0.25 0.7104914 0.2063922 0.7235646 0.25 0.7236891 0.25 0.7083971 0.25 0.7236891 0.2936078 0.7235647 0.2953273 0.7083815 0.2102347 0.7338015 0.25 0.7342089 0.25 0.7236891 0.25 0.7342089 0.2897654 0.7338016 0.2936078 0.7235647 0.1671127 0.708366 0.2046727 0.7083815 0.2044271 0.6876356 0.2046727 0.7083815 0.25 0.7083971 0.25 0.6876355 0.25 0.7083971 0.2953273 0.7083815 0.2955729 0.6876356 0.2955729 0.6876356 0.2953273 0.7083815 0.3328873 0.708366 0.2953273 0.7083815 0.2936078 0.7235647 0.3297647 0.7234399 0.2936078 0.7235647 0.2897654 0.7338016 0.3220627 0.7333359 0.2897654 0.7338016 0.2870813 0.7401464 0.3125 0.7384636 0.25 0.7409916 0.2870813 0.7401464 0.2897654 0.7338016 0.2129188 0.7401463 0.25 0.7409916 0.25 0.7342089 0.1875 0.7384636 0.2129188 0.7401463 0.2102347 0.7338015 0.1779373 0.7333359 0.2102347 0.7338015 0.2063922 0.7235646 0.1702353 0.7234399 0.2063922 0.7235646 0.2046727 0.7083815 0.1307267 0.5504592 0.1343557 0.5328515 0.1281226 0.5316502 0.1343557 0.5328515 0.1446277 0.519418 0.1349133 0.517522 0.1431327 0.5512459 0.1470149 0.5335931 0.1343557 0.5328515 0.1470149 0.5335931 0.157431 0.5209435 0.1446277 0.519418 0.125651 0.5700573 0.1259599 0.5484794 0.125 0.5452966 0.1259599 0.5484794 0.1281226 0.5316502 0.125 0.5301977 0.1281226 0.5316502 0.1349133 0.517522 0.125 0.5150989 0.1349133 0.517522 0.1545259 0.507133 0.125 0.5 0.1446277 0.519418 0.1667631 0.5100892 0.1545259 0.507133 0.157431 0.5209435 0.1775033 0.5126839 0.1667631 0.5100892 0.1779373 0.5216948 0.1875 0.5150989 0.1775033 0.5126839 0.1702353 0.5338389 0.1779373 0.5216948 0.157431 0.5209435 0.1671127 0.5513758 0.1702353 0.5338389 0.1470149 0.5335931 0.1666666 0.5742393 0.1671127 0.5513758 0.1431327 0.5512459 0.1425781 0.5740951 0.1431327 0.5512459 0.1307267 0.5504592 0.1302083 0.5730856 0.1307267 0.5504592 0.1259599 0.5484794 0.3032212 0.7481132 0.2959949 0.7462815 0.25 0.7475076 0.25 0.7489675 0.25 0.7475076 0.2040051 0.7462815 0.2900637 0.7439115 0.25 0.7451175 0.25 0.7475076 0.25 0.7475076 0.25 0.7451175 0.2099363 0.7439115 0.3750001 0.7500001 0.3454741 0.7445501 0.3032212 0.7481132 0.3125001 0.7500001 0.3032212 0.7481132 0.25 0.7489675 0.25 0.7500001 0.25 0.7489675 0.1967788 0.7481132 0.1967788 0.7481132 0.1545259 0.7445501 0.125 0.7500001 0.1967788 0.7481132 0.2040051 0.7462815 0.1667631 0.7422913 0.2040051 0.7462815 0.2099363 0.7439115 0.1775033 0.7403088 0.2099363 0.7439115 0.2129188 0.7401463 0.1875 0.7384636 0.25 0.7451175 0.25 0.7409916 0.2129188 0.7401463 0.2870813 0.7401464 0.25 0.7409916 0.25 0.7451175 0.3125 0.7384636 0.2870813 0.7401464 0.2900637 0.7439115 0.3224967 0.7403088 0.2900637 0.7439115 0.2959949 0.7462815 0.3332369 0.7422912 0.2959949 0.7462815 0.3032212 0.7481132 0.1971014 0.5023916 0.2046321 0.5047156 0.2550154 0.5020505 0.2525801 0.5007282 0.2550154 0.5020505 0.3131269 0.5007281 0.2046321 0.5047156 0.2108165 0.5077595 0.2570409 0.5047155 0.2550154 0.5020505 0.2570409 0.5047155 0.3133801 0.5023916 0.125 0.5 0.1545259 0.507133 0.1971014 0.5023916 0.1875 0.5000001 0.1971014 0.5023916 0.2525801 0.5007282 0.25 0.5000001 0.2525801 0.5007282 0.3128225 0.50015 0.3125001 0.5000001 0.3128225 0.50015 0.375 0.5000001 0.3128225 0.50015 0.3131269 0.5007281 0.375 0.5000001 0.3131269 0.5007281 0.3133801 0.5023916 0.375 0.5000001 0.3133801 0.5023916 0.3134886 0.507133 0.375 0.5 0.2570409 0.5047155 0.257909 0.5100892 0.3134886 0.507133 0.2108165 0.5077595 0.2139074 0.5126839 0.257909 0.5100892 0.1875 0.5150989 0.2139074 0.5126839 0.2108165 0.5077595 0.1775033 0.5126839 0.2108165 0.5077595 0.2046321 0.5047156 0.1667631 0.5100892 0.2046321 0.5047156 0.1971014 0.5023916 0.3692733 0.7094042 0.3656443 0.724312 0.3718774 0.7254796 0.3656443 0.724312 0.3553724 0.7350902 0.3650867 0.73657 0.3568673 0.7085074 0.3529852 0.7236425 0.3656443 0.724312 0.3529852 0.7236425 0.342569 0.7339117 0.3553724 0.7350902 0.374349 0.692535 0.3740401 0.7116937 0.3750001 0.7153909 0.3740401 0.7116937 0.3718774 0.7254796 0.3750001 0.7269272 0.3718774 0.7254796 0.3650867 0.73657 0.3750001 0.7384637 0.3650867 0.73657 0.3454741 0.7445501 0.3750001 0.7500001 0.3553724 0.7350902 0.3332369 0.7422912 0.3454741 0.7445501 0.342569 0.7339117 0.3224967 0.7403088 0.3332369 0.7422912 0.3220627 0.7333359 0.3125 0.7384636 0.3224967 0.7403088 0.3297647 0.7234399 0.3220627 0.7333359 0.342569 0.7339117 0.3328873 0.708366 0.3297647 0.7234399 0.3529852 0.7236425 0.3333333 0.6876355 0.3328873 0.708366 0.3568673 0.7085074 0.3574219 0.6878044 0.3568673 0.7085074 0.3692733 0.7094042 0.3697917 0.6889871 0.3692733 0.7094042 0.3740401 0.7116937 0.3746881 0.5961386 0.3725043 0.5960489 0.3706598 0.6304354 0.3744575 0.6311534 0.3706598 0.6304354 0.3699002 0.6621187 0.3725043 0.5960489 0.3656548 0.5960886 0.3599175 0.6301758 0.3706598 0.6304354 0.3599175 0.6301758 0.3577339 0.6612732 0.3750001 0.5603953 0.375 0.5603954 0.3746881 0.5961386 0.3750001 0.5962601 0.3746881 0.5961386 0.3744575 0.6311534 0.3750001 0.6321249 0.3744575 0.6311534 0.3743626 0.664352 0.3750001 0.6679897 0.3743626 0.664352 0.374349 0.692535 0.3743626 0.664352 0.3699002 0.6621187 0.3697917 0.6889871 0.3699002 0.6621187 0.3577339 0.6612732 0.3574219 0.6878044 0.3577339 0.6612732 0.3337674 0.6611834 0.3333333 0.6876355 0.3599175 0.6301758 0.3368056 0.6303859 0.3337674 0.6611834 0.3656548 0.5960886 0.3458659 0.5968719 0.3368056 0.6303859 0.3750001 0.5603954 0.375 0.5603954 0.3458659 0.5968719 0.3750001 0.5603954 0.3750001 0.5603954 0.3656548 0.5960886 0.375 0.5603954 0.3750001 0.5603954 0.3725043 0.5960489 0.1349133 0.73657 0.1446277 0.7350901 0.1343557 0.7243119 0.1281226 0.7254795 0.1343557 0.7243119 0.1307268 0.7094042 0.1446277 0.7350901 0.157431 0.7339117 0.1470149 0.7236425 0.1343557 0.7243119 0.1470149 0.7236425 0.1431327 0.7085074 0.125 0.7500001 0.1545259 0.7445501 0.1349133 0.73657 0.125 0.7384636 0.1349133 0.73657 0.1281226 0.7254795 0.125 0.7269272 0.1281226 0.7254795 0.1259599 0.7116936 0.125 0.7153909 0.1259599 0.7116936 0.125651 0.692535 0.1259599 0.7116936 0.1307268 0.7094042 0.1302083 0.6889871 0.1307268 0.7094042 0.1431327 0.7085074 0.1425781 0.6878045 0.1431327 0.7085074 0.1671127 0.708366 0.1666666 0.6876355 0.1470149 0.7236425 0.1702353 0.7234399 0.1671127 0.708366 0.157431 0.7339117 0.1779373 0.7333359 0.1702353 0.7234399 0.1775033 0.7403088 0.1875 0.7384636 0.1779373 0.7333359 0.1667631 0.7422913 0.1775033 0.7403088 0.157431 0.7339117 0.1545259 0.7445501 0.1667631 0.7422913 0.1446277 0.7350901 0.2045356 0.631792 0.2508681 0.6315397 0.2526042 0.601018 0.2508681 0.6315397 0.2980686 0.6309629 0.3035753 0.5991883 0.2044407 0.661359 0.2501085 0.6613276 0.2508681 0.6315397 0.2501085 0.6613276 0.2958849 0.6612554 0.2980686 0.6309629 0.1666666 0.5742393 0.1666666 0.6018472 0.2047526 0.6017435 0.2047526 0.6017435 0.2526042 0.601018 0.2543403 0.5730857 0.2526042 0.601018 0.3035753 0.5991883 0.3105469 0.5700753 0.3035753 0.5991883 0.3458659 0.5968719 0.375 0.5603954 0.2980686 0.6309629 0.3368056 0.6303859 0.3458659 0.5968719 0.2958849 0.6612554 0.3337674 0.6611834 0.3368056 0.6303859 0.2955729 0.6876356 0.3333333 0.6876355 0.3337674 0.6611834 0.25 0.6876355 0.2955729 0.6876356 0.2958849 0.6612554 0.2044271 0.6876356 0.25 0.6876355 0.2501085 0.6613276 0.1666666 0.6876355 0.2044271 0.6876356 0.2044407 0.661359 0.1666666 0.6613637 0.2044407 0.661359 0.2045356 0.631792 0.1666666 0.6018472 0.1666666 0.631828 0.2045356 0.631792 0.2498915 0.6002732 0.25 0.631927 0.1875 0.6319888 0.25 0.631927 0.25 0.6632344 0.1875 0.6645727 0.2498915 0.6002732 0.3122694 0.5991453 0.3125 0.6319888 0.25 0.631927 0.3125 0.6319888 0.3125 0.6645725 0.1873915 0.5699131 0.1874864 0.5991453 0.125 0.5962601 0.1874864 0.5991453 0.1875 0.6319888 0.125 0.6321249 0.1875 0.6319888 0.1875 0.6645727 0.125 0.6679896 0.1875 0.6645727 0.1875 0.6927039 0.125 0.7038543 0.25 0.6632344 0.25 0.6903386 0.1875 0.6927039 0.3125 0.6645725 0.3125 0.6927039 0.25 0.6903386 0.3125 0.6645725 0.3750001 0.6679897 0.3750001 0.7038544 0.3125 0.6319888 0.3750001 0.6321249 0.3750001 0.6679897 0.3122694 0.5991453 0.3750001 0.5962601 0.3750001 0.6321249 0.3098958 0.5699311 0.3750001 0.5603953 0.3750001 0.5962601 0.2491319 0.571932 0.3098958 0.5699311 0.3122694 0.5991453 0.2491319 0.571932 0.2498915 0.6002732 0.1874864 0.5991453 0.2476128 0.5152431 0.2465278 0.5313513 0.187066 0.5309908 0.2465278 0.5313513 0.2475043 0.5494785 0.187188 0.5482978 0.3034668 0.5152025 0.2999132 0.5310269 0.2465278 0.5313513 0.2465278 0.5313513 0.2999132 0.5310269 0.3032363 0.5483744 0.1875 0.5000001 0.1872016 0.5151981 0.125 0.5150989 0.1872016 0.5151981 0.187066 0.5309908 0.125 0.5301977 0.187066 0.5309908 0.187188 0.5482978 0.125 0.5452966 0.187188 0.5482978 0.1873915 0.5699131 0.125 0.5603953 0.2475043 0.5494785 0.2491319 0.571932 0.1873915 0.5699131 0.2475043 0.5494785 0.3032363 0.5483744 0.3098958 0.5699311 0.3032363 0.5483744 0.3462999 0.5461617 0.3750001 0.5603953 0.2999132 0.5310269 0.3402778 0.5304861 0.3462999 0.5461617 0.3034668 0.5152025 0.3463542 0.5151349 0.3402778 0.5304861 0.3750001 0.5000001 0.3463542 0.5151349 0.3034668 0.5152025 0.3125001 0.5000001 0.3034668 0.5152025 0.2476128 0.5152431 0.25 0.5000001 0.2476128 0.5152431 0.1872016 0.5151981 0.2111284 0.5209435 0.2071277 0.5335931 0.2558835 0.5328515 0.2558835 0.5328515 0.3132354 0.5316503 0.3133937 0.5175221 0.2053207 0.551246 0.2551842 0.5504592 0.2558835 0.5328515 0.2551842 0.5504592 0.3129311 0.5484796 0.3132354 0.5316503 0.1875 0.5150989 0.1779373 0.5216948 0.2111284 0.5209435 0.2139074 0.5126839 0.2111284 0.5209435 0.2571494 0.5194179 0.2571494 0.5194179 0.3133937 0.5175221 0.3134886 0.507133 0.3133937 0.5175221 0.375 0.5150989 0.375 0.5 0.3132354 0.5316503 0.3750001 0.5301977 0.375 0.5150989 0.3129311 0.5484796 0.3750001 0.5452966 0.3750001 0.5301977 0.3105469 0.5700753 0.375 0.5603954 0.3750001 0.5452966 0.2543403 0.5730857 0.3105469 0.5700753 0.3129311 0.5484796 0.2049696 0.5740951 0.2543403 0.5730857 0.2551842 0.5504592 0.1671127 0.5513758 0.1666666 0.5742393 0.2049696 0.5740951 0.1702353 0.5338389 0.1671127 0.5513758 0.2053207 0.551246 0.1779373 0.5216948 0.1702353 0.5338389 0.2071277 0.5335931 0.3659669 0.5151033 0.3726128 0.5150989 0.3715277 0.5301977 0.3624132 0.5302338 0.3715277 0.5301977 0.3726128 0.5452965 0.3726128 0.5150989 0.3747016 0.5150989 0.374566 0.5301977 0.3715277 0.5301977 0.374566 0.5301977 0.3747016 0.5452966 0.3750001 0.5000001 0.375 0.5000001 0.3659669 0.5151033 0.3463542 0.5151349 0.3659669 0.5151033 0.3624132 0.5302338 0.3402778 0.5304861 0.3624132 0.5302338 0.3659669 0.5453732 0.3462999 0.5461617 0.3659669 0.5453732 0.375 0.5603954 0.3659669 0.5453732 0.3726128 0.5452965 0.3750001 0.5603954 0.3726128 0.5452965 0.3747016 0.5452966 0.3750001 0.5603954 0.3747016 0.5452966 0.3750001 0.5452966 0.375 0.5603954 0.374566 0.5301977 0.3750001 0.5301977 0.3750001 0.5452966 0.3747016 0.5150989 0.375 0.5150989 0.3750001 0.5301977 0.375 0.5000001 0.375 0.5 0.375 0.5150989 0.375 0.5000001 0.375 0.5000001 0.3747016 0.5150989 0.375 0.5000001 0.375 0.5000001 0.3726128 0.5150989 0.1302083 0.662299 0.1302083 0.6318775 0.125651 0.6319826 0.1302083 0.6318775 0.1302083 0.6010602 0.125651 0.5992437 0.1425781 0.6614805 0.1425781 0.6318342 0.1302083 0.6318775 0.1425781 0.6318342 0.1425781 0.6017488 0.1302083 0.6010602 0.125651 0.692535 0.125651 0.6644557 0.125 0.6679896 0.125651 0.6644557 0.125651 0.6319826 0.125 0.6321249 0.125651 0.6319826 0.125651 0.5992437 0.125 0.5962601 0.125651 0.5992437 0.125651 0.5700573 0.125 0.5603953 0.1302083 0.6010602 0.1302083 0.5730856 0.125651 0.5700573 0.1425781 0.6017488 0.1425781 0.5740951 0.1302083 0.5730856 0.1666666 0.6018472 0.1666666 0.5742393 0.1425781 0.5740951 0.1666666 0.631828 0.1666666 0.6018472 0.1425781 0.6017488 0.1666666 0.6613637 0.1666666 0.631828 0.1425781 0.6318342 0.1425781 0.6878045 0.1666666 0.6876355 0.1666666 0.6613637 0.1425781 0.6878045 0.1425781 0.6614805 0.1302083 0.662299 0.1302083 0.6889871 0.1302083 0.662299 0.125651 0.6644557 0.1875 0.7118746 0.25 0.7104914 0.25 0.7255756 0.1875 0.7259981 0.25 0.7255756 0.25 0.7382947 0.3125 0.7118746 0.3125 0.725998 0.25 0.7255756 0.3125 0.725998 0.3125 0.7383475 0.25 0.7382947 0.125 0.7038543 0.1875 0.6927039 0.1875 0.7118746 0.125 0.7153909 0.1875 0.7118746 0.1875 0.7259981 0.125 0.7269272 0.1875 0.7259981 0.1875 0.7383475 0.125 0.7384636 0.1875 0.7383475 0.1875 0.7500001 0.1875 0.7383475 0.25 0.7382947 0.25 0.7500001 0.3125 0.7383475 0.3125001 0.7500001 0.25 0.7500001 0.3750001 0.7384637 0.3750001 0.7500001 0.3125001 0.7500001 0.3750001 0.7269272 0.3750001 0.7384637 0.3125 0.7383475 0.3750001 0.7153909 0.3750001 0.7269272 0.3125 0.725998 0.3750001 0.7038544 0.3750001 0.7153909 0.3125 0.7118746 0.3125 0.6927039 0.3125 0.7118746 0.25 0.7104914 0.1875 0.6927039 0.25 0.6903386 0.25 0.7104914 0.2063922 0.7235646 0.25 0.7236891 0.25 0.7083971 0.25 0.7083971 0.25 0.7236891 0.2936078 0.7235647 0.2102347 0.7338015 0.25 0.7342089 0.25 0.7236891 0.25 0.7236891 0.25 0.7342089 0.2897654 0.7338016 0.1671127 0.708366 0.2046727 0.7083815 0.2044271 0.6876356 0.2046727 0.7083815 0.25 0.7083971 0.25 0.6876355 0.25 0.6876355 0.25 0.7083971 0.2953273 0.7083815 0.2955729 0.6876356 0.2953273 0.7083815 0.3328873 0.708366 0.2953273 0.7083815 0.2936078 0.7235647 0.3297647 0.7234399 0.2936078 0.7235647 0.2897654 0.7338016 0.3220627 0.7333359 0.2897654 0.7338016 0.2870813 0.7401464 0.3125 0.7384636 0.25 0.7342089 0.25 0.7409916 0.2870813 0.7401464 0.2129188 0.7401463 0.25 0.7409916 0.25 0.7342089 0.1875 0.7384636 0.2129188 0.7401463 0.2102347 0.7338015 0.1779373 0.7333359 0.2102347 0.7338015 0.2063922 0.7235646 0.1702353 0.7234399 0.2063922 0.7235646 0.2046727 0.7083815 0.1307267 0.5504592 0.1343557 0.5328515 0.1281226 0.5316502 0.1343557 0.5328515 0.1446277 0.519418 0.1349133 0.517522 0.1431327 0.5512459 0.1470149 0.5335931 0.1343557 0.5328515 0.1470149 0.5335931 0.157431 0.5209435 0.1446277 0.519418 0.125651 0.5700573 0.1259599 0.5484794 0.125 0.5452966 0.1259599 0.5484794 0.1281226 0.5316502 0.125 0.5301977 0.1281226 0.5316502 0.1349133 0.517522 0.125 0.5150989 0.1349133 0.517522 0.1545259 0.507133 0.125 0.5 0.1446277 0.519418 0.1667631 0.5100892 0.1545259 0.507133 0.157431 0.5209435 0.1775033 0.5126839 0.1667631 0.5100892 0.1779373 0.5216948 0.1875 0.5150989 0.1775033 0.5126839 0.1702353 0.5338389 0.1779373 0.5216948 0.157431 0.5209435 0.1671127 0.5513758 0.1702353 0.5338389 0.1470149 0.5335931 0.1666666 0.5742393 0.1671127 0.5513758 0.1431327 0.5512459 0.1425781 0.5740951 0.1431327 0.5512459 0.1307267 0.5504592 0.1302083 0.5730856 0.1307267 0.5504592 0.1259599 0.5484794 0.2959949 0.7462815 0.25 0.7475076 0.25 0.7489675 0.25 0.7489675 0.25 0.7475076 0.2040051 0.7462815 0.2900637 0.7439115 0.25 0.7451175 0.25 0.7475076 0.25 0.7475076 0.25 0.7451175 0.2099363 0.7439115 0.3750001 0.7500001 0.3454741 0.7445501 0.3032212 0.7481132 0.3125001 0.7500001 0.3032212 0.7481132 0.25 0.7489675 0.25 0.7489675 0.1967788 0.7481132 0.1875 0.7500001 0.1967788 0.7481132 0.1545259 0.7445501 0.125 0.7500001 0.1967788 0.7481132 0.2040051 0.7462815 0.1667631 0.7422913 0.2040051 0.7462815 0.2099363 0.7439115 0.1775033 0.7403088 0.2099363 0.7439115 0.2129188 0.7401463 0.1875 0.7384636 0.25 0.7451175 0.25 0.7409916 0.2129188 0.7401463 0.2870813 0.7401464 0.25 0.7409916 0.25 0.7451175 0.3125 0.7384636 0.2870813 0.7401464 0.2900637 0.7439115 0.3224967 0.7403088 0.2900637 0.7439115 0.2959949 0.7462815 0.3332369 0.7422912 0.2959949 0.7462815 0.3032212 0.7481132 0.2046321 0.5047156 0.2550154 0.5020505 0.2525801 0.5007282 0.2525801 0.5007282 0.2550154 0.5020505 0.3131269 0.5007281 0.2108165 0.5077595 0.2570409 0.5047155 0.2550154 0.5020505 0.2550154 0.5020505 0.2570409 0.5047155 0.3133801 0.5023916 0.1545259 0.507133 0.1971014 0.5023916 0.1875 0.5000001 0.1971014 0.5023916 0.2525801 0.5007282 0.25 0.5000001 0.2525801 0.5007282 0.3128225 0.50015 0.3125001 0.5000001 0.3125001 0.5000001 0.3128225 0.50015 0.375 0.5000001 0.3128225 0.50015 0.3131269 0.5007281 0.375 0.5000001 0.3131269 0.5007281 0.3133801 0.5023916 0.375 0.5000001 0.3133801 0.5023916 0.3134886 0.507133 0.375 0.5 0.2570409 0.5047155 0.257909 0.5100892 0.3134886 0.507133 0.2139074 0.5126839 0.257909 0.5100892 0.2570409 0.5047155 0.1875 0.5150989 0.2139074 0.5126839 0.2108165 0.5077595 0.1775033 0.5126839 0.2108165 0.5077595 0.2046321 0.5047156 0.1667631 0.5100892 0.2046321 0.5047156 0.1971014 0.5023916 0.3692733 0.7094042 0.3656443 0.724312 0.3718774 0.7254796 0.3656443 0.724312 0.3553724 0.7350902 0.3650867 0.73657 0.3568673 0.7085074 0.3529852 0.7236425 0.3656443 0.724312 0.3529852 0.7236425 0.342569 0.7339117 0.3553724 0.7350902 0.374349 0.692535 0.3740401 0.7116937 0.3750001 0.7153909 0.3740401 0.7116937 0.3718774 0.7254796 0.3750001 0.7269272 0.3718774 0.7254796 0.3650867 0.73657 0.3750001 0.7384637 0.3650867 0.73657 0.3454741 0.7445501 0.3750001 0.7500001 0.3553724 0.7350902 0.3332369 0.7422912 0.3454741 0.7445501 0.342569 0.7339117 0.3224967 0.7403088 0.3332369 0.7422912 0.3220627 0.7333359 0.3125 0.7384636 0.3224967 0.7403088 0.3297647 0.7234399 0.3220627 0.7333359 0.342569 0.7339117 0.3328873 0.708366 0.3297647 0.7234399 0.3529852 0.7236425 0.3333333 0.6876355 0.3328873 0.708366 0.3568673 0.7085074 0.3574219 0.6878044 0.3568673 0.7085074 0.3692733 0.7094042 0.3697917 0.6889871 0.3692733 0.7094042 0.3740401 0.7116937 0.3746881 0.5961386 0.3725043 0.5960489 0.3706598 0.6304354 0.3744575 0.6311534 0.3706598 0.6304354 0.3699002 0.6621187 0.3725043 0.5960489 0.3656548 0.5960886 0.3599175 0.6301758 0.3706598 0.6304354 0.3599175 0.6301758 0.3577339 0.6612732 0.3750001 0.5603953 0.375 0.5603954 0.3746881 0.5961386 0.3750001 0.5962601 0.3746881 0.5961386 0.3744575 0.6311534 0.3750001 0.6321249 0.3744575 0.6311534 0.3743626 0.664352 0.3750001 0.6679897 0.3743626 0.664352 0.374349 0.692535 0.3743626 0.664352 0.3699002 0.6621187 0.3697917 0.6889871 0.3699002 0.6621187 0.3577339 0.6612732 0.3574219 0.6878044 0.3337674 0.6611834 0.3333333 0.6876355 0.3574219 0.6878044 0.3599175 0.6301758 0.3368056 0.6303859 0.3337674 0.6611834 0.3656548 0.5960886 0.3458659 0.5968719 0.3368056 0.6303859 0.3750001 0.5603954 0.375 0.5603954 0.3458659 0.5968719 0.3750001 0.5603954 0.3750001 0.5603954 0.3656548 0.5960886 0.375 0.5603954 0.3750001 0.5603954 0.3725043 0.5960489 0.1349133 0.73657 0.1446277 0.7350901 0.1343557 0.7243119 0.1281226 0.7254795 0.1343557 0.7243119 0.1307268 0.7094042 0.1446277 0.7350901 0.157431 0.7339117 0.1470149 0.7236425 0.1343557 0.7243119 0.1470149 0.7236425 0.1431327 0.7085074 0.125 0.7500001 0.1545259 0.7445501 0.1349133 0.73657 0.125 0.7384636 0.1349133 0.73657 0.1281226 0.7254795 0.125 0.7269272 0.1281226 0.7254795 0.1259599 0.7116936 0.125 0.7153909 0.1259599 0.7116936 0.125651 0.692535 0.1259599 0.7116936 0.1307268 0.7094042 0.1302083 0.6889871 0.1307268 0.7094042 0.1431327 0.7085074 0.1425781 0.6878045 0.1431327 0.7085074 0.1671127 0.708366 0.1666666 0.6876355 0.1470149 0.7236425 0.1702353 0.7234399 0.1671127 0.708366 0.157431 0.7339117 0.1779373 0.7333359 0.1702353 0.7234399 0.1775033 0.7403088 0.1875 0.7384636 0.1779373 0.7333359 0.1667631 0.7422913 0.1775033 0.7403088 0.157431 0.7339117 0.1545259 0.7445501 0.1667631 0.7422913 0.1446277 0.7350901 0.2047526 0.6017435 0.2045356 0.631792 0.2508681 0.6315397 0.2508681 0.6315397 0.2980686 0.6309629 0.3035753 0.5991883 0.2045356 0.631792 0.2044407 0.661359 0.2501085 0.6613276 0.2508681 0.6315397 0.2501085 0.6613276 0.2958849 0.6612554 0.1666666 0.5742393 0.1666666 0.6018472 0.2047526 0.6017435 0.2049696 0.5740951 0.2047526 0.6017435 0.2526042 0.601018 0.2526042 0.601018 0.3035753 0.5991883 0.3105469 0.5700753 0.3035753 0.5991883 0.3458659 0.5968719 0.375 0.5603954 0.2980686 0.6309629 0.3368056 0.6303859 0.3458659 0.5968719 0.2958849 0.6612554 0.3337674 0.6611834 0.3368056 0.6303859 0.2958849 0.6612554 0.2955729 0.6876356 0.3333333 0.6876355 0.2501085 0.6613276 0.25 0.6876355 0.2955729 0.6876356 0.2044407 0.661359 0.2044271 0.6876356 0.25 0.6876355 0.1666666 0.6876355 0.2044271 0.6876356 0.2044407 0.661359 0.1666666 0.631828 0.1666666 0.6613637 0.2044407 0.661359 0.1666666 0.6018472 0.1666666 0.631828 0.2045356 0.631792 0.2498915 0.6002732 0.25 0.631927 0.1875 0.6319888 0.25 0.631927 0.25 0.6632344 0.1875 0.6645727 0.2498915 0.6002732 0.3122694 0.5991453 0.3125 0.6319888 0.25 0.631927 0.3125 0.6319888 0.3125 0.6645725 0.1873915 0.5699131 0.1874864 0.5991453 0.125 0.5962601 0.1874864 0.5991453 0.1875 0.6319888 0.125 0.6321249 0.1875 0.6319888 0.1875 0.6645727 0.125 0.6679896 0.1875 0.6645727 0.1875 0.6927039 0.125 0.7038543 0.25 0.6632344 0.25 0.6903386 0.1875 0.6927039 0.25 0.6632344 0.3125 0.6645725 0.3125 0.6927039 0.3125 0.6645725 0.3750001 0.6679897 0.3750001 0.7038544 0.3125 0.6319888 0.3750001 0.6321249 0.3750001 0.6679897 0.3122694 0.5991453 0.3750001 0.5962601 0.3750001 0.6321249 0.3098958 0.5699311 0.3750001 0.5603953 0.3750001 0.5962601 0.2491319 0.571932 0.3098958 0.5699311 0.3122694 0.5991453 0.2491319 0.571932 0.2498915 0.6002732 0.1874864 0.5991453 0.2476128 0.5152431 0.2465278 0.5313513 0.187066 0.5309908 0.2465278 0.5313513 0.2475043 0.5494785 0.187188 0.5482978 0.2476128 0.5152431 0.3034668 0.5152025 0.2999132 0.5310269 0.2465278 0.5313513 0.2999132 0.5310269 0.3032363 0.5483744 0.125 0.5 0.1875 0.5000001 0.1872016 0.5151981 0.1872016 0.5151981 0.187066 0.5309908 0.125 0.5301977 0.187066 0.5309908 0.187188 0.5482978 0.125 0.5452966 0.187188 0.5482978 0.1873915 0.5699131 0.125 0.5603953 0.2475043 0.5494785 0.2491319 0.571932 0.1873915 0.5699131 0.2475043 0.5494785 0.3032363 0.5483744 0.3098958 0.5699311 0.3032363 0.5483744 0.3462999 0.5461617 0.3750001 0.5603953 0.2999132 0.5310269 0.3402778 0.5304861 0.3462999 0.5461617 0.3034668 0.5152025 0.3463542 0.5151349 0.3402778 0.5304861 0.3125001 0.5000001 0.3750001 0.5000001 0.3463542 0.5151349 0.25 0.5000001 0.3125001 0.5000001 0.3034668 0.5152025 0.1875 0.5000001 0.25 0.5000001 0.2476128 0.5152431 0.2111284 0.5209435 0.2071277 0.5335931 0.2558835 0.5328515 0.2558835 0.5328515 0.3132354 0.5316503 0.3133937 0.5175221 0.2071277 0.5335931 0.2053207 0.551246 0.2551842 0.5504592 0.2551842 0.5504592 0.3129311 0.5484796 0.3132354 0.5316503 0.1875 0.5150989 0.1779373 0.5216948 0.2111284 0.5209435 0.2139074 0.5126839 0.2111284 0.5209435 0.2571494 0.5194179 0.2571494 0.5194179 0.3133937 0.5175221 0.3134886 0.507133 0.3133937 0.5175221 0.375 0.5150989 0.375 0.5 0.3132354 0.5316503 0.3750001 0.5301977 0.375 0.5150989 0.3129311 0.5484796 0.3750001 0.5452966 0.3750001 0.5301977 0.3105469 0.5700753 0.375 0.5603954 0.3750001 0.5452966 0.2543403 0.5730857 0.3105469 0.5700753 0.3129311 0.5484796 0.2053207 0.551246 0.2049696 0.5740951 0.2543403 0.5730857 0.1671127 0.5513758 0.1666666 0.5742393 0.2049696 0.5740951 0.1702353 0.5338389 0.1671127 0.5513758 0.2053207 0.551246 0.1779373 0.5216948 0.1702353 0.5338389 0.2071277 0.5335931 0.3659669 0.5151033 0.3726128 0.5150989 0.3715277 0.5301977 0.3624132 0.5302338 0.3715277 0.5301977 0.3726128 0.5452965 0.3726128 0.5150989 0.3747016 0.5150989 0.374566 0.5301977 0.3715277 0.5301977 0.374566 0.5301977 0.3747016 0.5452966 0.3750001 0.5000001 0.375 0.5000001 0.3659669 0.5151033 0.3463542 0.5151349 0.3659669 0.5151033 0.3624132 0.5302338 0.3402778 0.5304861 0.3624132 0.5302338 0.3659669 0.5453732 0.3462999 0.5461617 0.3659669 0.5453732 0.375 0.5603954 0.3659669 0.5453732 0.3726128 0.5452965 0.3750001 0.5603954 0.3726128 0.5452965 0.3747016 0.5452966 0.3750001 0.5603954 0.3747016 0.5452966 0.3750001 0.5452966 0.375 0.5603954 0.374566 0.5301977 0.3750001 0.5301977 0.3750001 0.5452966 0.3747016 0.5150989 0.375 0.5150989 0.3750001 0.5301977 0.375 0.5000001 0.375 0.5 0.375 0.5150989 0.375 0.5000001 0.375 0.5000001 0.3747016 0.5150989 0.375 0.5000001 0.375 0.5000001 0.3726128 0.5150989 0.1302083 0.662299 0.1302083 0.6318775 0.125651 0.6319826 0.1302083 0.6318775 0.1302083 0.6010602 0.125651 0.5992437 0.1425781 0.6614805 0.1425781 0.6318342 0.1302083 0.6318775 0.1425781 0.6318342 0.1425781 0.6017488 0.1302083 0.6010602 0.125651 0.692535 0.125651 0.6644557 0.125 0.6679896 0.125651 0.6644557 0.125651 0.6319826 0.125 0.6321249 0.125651 0.6319826 0.125651 0.5992437 0.125 0.5962601 0.125651 0.5992437 0.125651 0.5700573 0.125 0.5603953 0.1302083 0.6010602 0.1302083 0.5730856 0.125651 0.5700573 0.1425781 0.6017488 0.1425781 0.5740951 0.1302083 0.5730856 0.1666666 0.6018472 0.1666666 0.5742393 0.1425781 0.5740951 0.1666666 0.631828 0.1666666 0.6018472 0.1425781 0.6017488 0.1666666 0.6613637 0.1666666 0.631828 0.1425781 0.6318342 0.1425781 0.6878045 0.1666666 0.6876355 0.1666666 0.6613637 0.1425781 0.6878045 0.1425781 0.6614805 0.1302083 0.662299 0.1302083 0.6889871 0.1302083 0.662299 0.125651 0.6644557 0.3750001 1 0.4510856 1 0.4531303 0.8750001 0.3750001 0.7500001 0.4510855 0.7500001 0.4670894 0.7698703 0.4202353 0.7952354 0.4670085 0.777646 0.4708818 0.805185 0.4666481 0.875 0.4708819 0.9448152 0.4375 0.9375001 0.3854167 0.8750001 0.3902392 0.8750001 0.4202353 0.9547647 0.3854167 0.8750001 0.4166667 0.7916668 0.4202353 0.7952354 0.3902392 0.8750001 0.4202353 0.7952354 0.4375 0.8125001 0.3902392 0.8750001 0.423804 0.8750001 0.4375 0.9375001 0.4131944 0.9618057 0.4166667 0.9583334 0.4675428 0.9774119 0.4131945 0.7881946 0.4670894 0.7698703 0.4675427 0.7725882 0.4375 0.8125001 0.4708818 0.805185 0.4666481 0.875 0.4202353 0.9547647 0.4375 0.9375001 0.4708819 0.9448152 0.3750001 0.7500001 0.375 0.8750001 0.4531303 0.8750001 0.4166667 0.7916668 0.4675427 0.7725882 0.4670085 0.777646 0.3750001 1 0.375 0.8750001 0.3836806 0.8750001 0.3750001 0.7500001 0.4131945 0.7881946 0.3836806 0.8750001 0.3836806 0.8750001 0.4131945 0.7881946 0.4166667 0.7916668 0.3836806 0.8750001 0.3854167 0.8750001 0.4166667 0.9583334 0.4166667 0.9583334 0.4202353 0.9547647 0.4670085 0.9723542 0.4600667 0.875 0.4531303 0.8750001 0.4510856 1 0.4755965 0.8750001 0.4666481 0.875 0.4708818 0.805185 0.4798801 0.945297 0.4745473 0.9729843 0.4670085 0.9723542 0.4745472 0.7770158 0.4670085 0.777646 0.4675427 0.7725882 0.4722414 0.7694875 0.4670894 0.7698703 0.4510855 0.7500001 0.4733788 0.9778906 0.4722414 0.9805125 0.4670894 0.9801298 0.3750001 1 0.4131944 0.9618057 0.4670894 0.9801298 0.4510856 1 0.4670894 0.9801298 0.4722414 0.9805125 0.4670894 0.7698703 0.4722414 0.7694875 0.4733788 0.7721095 0.4670085 0.777646 0.4745472 0.7770158 0.47988 0.8047031 0.4675428 0.9774119 0.4670085 0.9723542 0.4745473 0.9729843 0.4708819 0.9448152 0.4666481 0.875 0.4755965 0.8750001 0.4510855 0.7500001 0.4531303 0.8750001 0.4600667 0.875 0.4375 0.0625 0.5000001 0.0625 0.5000001 0.125 0.5625001 0.0625 0.5625001 0.125 0.5000001 0.125 0.5000001 0.125 0.5000001 0.1875 0.4375 0.1875 0.5000001 0.125 0.5625001 0.125 0.5625001 0.1875 0.3750001 0 0.4375 0 0.4375 0.0625 0.4375 0 0.5000001 0 0.5000001 0.0625 0.5625001 0 0.5625001 0.0625 0.5000001 0.0625 0.6250001 0 0.6250001 0.0625 0.5625001 0.0625 0.6250001 0.0625 0.6250001 0.125 0.5625001 0.125 0.5625001 0.125 0.6250001 0.125 0.6250001 0.1875 0.5625001 0.1875 0.6250001 0.1875 0.625 0.25 0.5000001 0.1875 0.5625001 0.1875 0.5625001 0.25 0.5000001 0.1875 0.5000001 0.25 0.4375 0.25 0.4375 0.1875 0.4375 0.25 0.375 0.25 0.4375 0.125 0.4375 0.1875 0.375 0.1875 0.375 0.0625 0.4375 0.0625 0.4375 0.125 0.4375 0.3125 0.5000001 0.3125 0.5000001 0.3750001 0.5625001 0.3125 0.5625001 0.3750001 0.5000001 0.3750001 0.5000001 0.3750001 0.5000001 0.4375 0.4375 0.4375 0.5000001 0.3750001 0.5625001 0.3750001 0.5625001 0.4375 0.375 0.25 0.4375 0.25 0.4375 0.3125 0.4375 0.25 0.5000001 0.25 0.5000001 0.3125 0.5625001 0.25 0.5625001 0.3125 0.5000001 0.3125 0.625 0.25 0.6250001 0.3125 0.5625001 0.3125 0.6250001 0.3125 0.6250001 0.3750001 0.5625001 0.3750001 0.5625001 0.3750001 0.6250001 0.3750001 0.6250001 0.4375 0.5625001 0.4375 0.6250001 0.4375 0.625 0.5 0.5000001 0.4375 0.5625001 0.4375 0.5625001 0.5 0.5000001 0.4375 0.5000001 0.5000001 0.4375 0.5000001 0.4375 0.4375 0.4375 0.5000001 0.375 0.5 0.4375 0.3750001 0.4375 0.4375 0.375 0.4375 0.375 0.3125 0.4375 0.3125 0.4375 0.3750001 0.4375 0.5625001 0.5000001 0.5625001 0.5000001 0.625 0.5625001 0.5625001 0.5625001 0.625 0.5000001 0.625 0.5000001 0.625 0.5000001 0.6875001 0.4375 0.6875001 0.5000001 0.625 0.5625001 0.625 0.5625001 0.6875001 0.375 0.5 0.4375 0.5000001 0.4375 0.5625001 0.4375 0.5000001 0.5000001 0.5000001 0.5000001 0.5625001 0.5625001 0.5 0.5625001 0.5625001 0.5000001 0.5625001 0.625 0.5 0.625 0.5625001 0.5625001 0.5625001 0.625 0.5625001 0.625 0.625 0.5625001 0.625 0.5625001 0.625 0.625 0.625 0.6250001 0.6875001 0.5625001 0.6875001 0.6250001 0.6875001 0.625 0.75 0.5000001 0.6875001 0.5625001 0.6875001 0.5625001 0.7500001 0.5000001 0.6875001 0.5000001 0.75 0.4375 0.75 0.4375 0.6875001 0.4375 0.75 0.375 0.75 0.4375 0.625 0.4375 0.6875001 0.375 0.6875001 0.3750001 0.5625001 0.4375 0.5625001 0.4375 0.625 0.4375 0.8125001 0.5000001 0.8125001 0.5000001 0.8750001 0.5625001 0.8125001 0.5625001 0.8750001 0.5000001 0.8750001 0.5000001 0.8750001 0.5000001 0.9375001 0.4375 0.9375001 0.5000001 0.8750001 0.5625001 0.8750001 0.5625001 0.9375001 0.375 0.75 0.4375 0.75 0.4375 0.8125001 0.4375 0.75 0.5000001 0.75 0.5000001 0.8125001 0.5625001 0.7500001 0.5625001 0.8125001 0.5000001 0.8125001 0.625 0.75 0.6250001 0.8125001 0.5625001 0.8125001 0.6250001 0.8125001 0.6250001 0.8750001 0.5625001 0.8750001 0.5625001 0.8750001 0.6250001 0.8750001 0.6250001 0.9375001 0.5625001 0.9375001 0.6250001 0.9375001 0.6250001 1 0.5000001 0.9375001 0.5625001 0.9375001 0.5625001 1 0.5000001 0.9375001 0.5000001 1 0.4375 1 0.4375 0.9375001 0.4375 1 0.3750001 1 0.4375 0.8750001 0.4375 0.9375001 0.375 0.9375001 0.375 0.8125001 0.4375 0.8125001 0.4375 0.8750001 0.1875 0.5625001 0.25 0.5625001 0.25 0.625 0.3125 0.5625001 0.3125 0.625 0.25 0.625 0.25 0.625 0.25 0.6875001 0.1875 0.6875001 0.25 0.625 0.3125 0.625 0.3125 0.6875001 0.125 0.5000001 0.1875 0.5000001 0.1875 0.5625001 0.1875 0.5000001 0.25 0.5000001 0.25 0.5625001 0.3125001 0.5000001 0.3125 0.5625001 0.25 0.5625001 0.375 0.5 0.3750001 0.5625001 0.3125 0.5625001 0.3750001 0.5625001 0.3750001 0.625 0.3125 0.625 0.3125 0.625 0.3750001 0.625 0.375 0.6875001 0.3125 0.6875001 0.375 0.6875001 0.375 0.75 0.25 0.6875001 0.3125 0.6875001 0.3125001 0.7500001 0.25 0.6875001 0.25 0.7500001 0.1875 0.7500001 0.1875 0.6875001 0.1875 0.7500001 0.125 0.7500001 0.1875 0.625 0.1875 0.6875001 0.125 0.6875001 0.125 0.5625001 0.1875 0.5625001 0.1875 0.625 0.6875001 0.5625001 0.75 0.5625001 0.75 0.625 0.8125001 0.5625001 0.8125001 0.625 0.75 0.625 0.75 0.625 0.75 0.6875001 0.6875001 0.6875001 0.75 0.625 0.8125001 0.625 0.8125001 0.6875001 0.625 0.5 0.6875001 0.5000001 0.6875001 0.5625001 0.6875001 0.5000001 0.7500001 0.5000001 0.75 0.5625001 0.8125001 0.5000001 0.8125001 0.5625001 0.75 0.5625001 0.8750001 0.5000001 0.8750001 0.5625001 0.8125001 0.5625001 0.8750001 0.5625001 0.8750001 0.6250001 0.8125001 0.625 0.8125001 0.625 0.8750001 0.6250001 0.8750001 0.6875001 0.8125001 0.6875001 0.8750001 0.6875001 0.8750001 0.7500001 0.75 0.6875001 0.8125001 0.6875001 0.8125001 0.7500001 0.75 0.6875001 0.7500001 0.7500001 0.6875001 0.7500001 0.6875001 0.6875001 0.6875001 0.7500001 0.625 0.75 0.6875001 0.625 0.6875001 0.6875001 0.6250001 0.6875001 0.625 0.5625001 0.6875001 0.5625001 0.6875001 0.625 0.5833334 0.375 0.6197918 0.375 0.6197918 0.5000001 0.5833333 0.25 0.6197918 0.25 0.6197918 0.375 0.6197918 0.25 0.6250001 0.25 0.6250001 0.375 0.6197918 0.375 0.6250001 0.375 0.6250001 0.5000001 0.375 0.75 0.4947916 0.7500001 0.4956598 0.8750001 0.5833333 0.7500001 0.5868056 0.8750001 0.4956598 0.8750001 0.5868056 0.8750001 0.625 1 0.5000001 1 0.4956598 0.8750001 0.5000001 1 0.3750001 1 0.3750001 0 0.5000001 0 0.4956597 0.125 0.5000001 0 0.625 0 0.5868055 0.125 0.5868055 0.125 0.5833333 0.25 0.4947916 0.25 0.4956597 0.125 0.4947916 0.25 0.375 0.25 0.125 0.5000001 0.25 0.5000001 0.25 0.625 0.375 0.5 0.3750001 0.625 0.25 0.625 0.25 0.625 0.3750001 0.625 0.375 0.75 0.25 0.625 0.25 0.7500001 0.125 0.7500001 0.375 0.5 0.4947916 0.5 0.4947916 0.625 0.4947916 0.5 0.5833333 0.5000001 0.5833333 0.625 0.5833333 0.625 0.5833333 0.7500001 0.4947916 0.7500001 0.4947916 0.625 0.4947916 0.7500001 0.375 0.75 0.375 0.25 0.4947916 0.25 0.4947916 0.375 0.4947916 0.25 0.5833333 0.25 0.5833334 0.375 0.4947916 0.375 0.5833334 0.375 0.5833333 0.5000001 0.4947916 0.375 0.4947916 0.5 0.375 0.5 0.6250001 0.125 0.6250001 0.125 0.6250001 0.25 0.6250001 0.125 0.625 0 0.6250001 0 0.6250001 0.125 0.6250001 0 0.6250001 0 0.6250001 0.125 0.6250001 0.125 0.625 0.25 0.625 1 0.5868056 0.8750001 0.6206598 0.8750001 0.5868056 0.8750001 0.5833333 0.7500001 0.6197917 0.7500001 0.6206598 0.8750001 0.6197917 0.7500001 0.6250001 0.7500001 0.6250001 1 0.6206598 0.8750001 0.6250001 0.8750001 0.5868055 0.125 0.6206598 0.125 0.6197918 0.25 0.5868055 0.125 0.625 0 0.6250001 0 0.6206598 0.125 0.6250001 0 0.625 0 0.6206598 0.125 0.6250001 0.125 0.6250001 0.25 0.5833333 0.7500001 0.5833333 0.625 0.6197918 0.625 0.5833333 0.5000001 0.6197918 0.5000001 0.6197918 0.625 0.6197918 0.5000001 0.6250001 0.5000001 0.6250001 0.6250001 0.6197917 0.7500001 0.6197918 0.625 0.6250001 0.6250001 0.625 0.5 0.7500001 0.5000001 0.7534723 0.625 0.8750001 0.5000001 0.8750001 0.6250001 0.7534723 0.625 0.7534723 0.625 0.8750001 0.6250001 0.8750001 0.7500001 0.7534723 0.625 0.7500001 0.7500001 0.625 0.75 0.6250001 0.8750001 0.6250001 0.8750001 0.6250001 1 0.6250001 0.7500001 0.625868 0.75 0.6250001 0.8750001 0.6250001 0.8750001 0.625868 0.75 0.625 0.75 0.6250001 0.8750001 0.6250001 0.8750001 0.6250001 1 0.6250001 0.5000001 0.6250001 0.375 0.6250001 0.375 0.6250001 0.375 0.6250001 0.25 0.6250001 0.25 0.6250001 0.375 0.6250001 0.25 0.625 0.25 0.6250001 0.375 0.6250001 0.375 0.625 0.5 0.6250001 0.6250001 0.6284723 0.625 0.625868 0.75 0.6250001 0.6250001 0.6250001 0.5000001 0.6258681 0.5 0.6284723 0.625 0.6258681 0.5 0.625 0.5 0.6284723 0.625 0.6597223 0.625 0.625 0.75 0.5833334 0.375 0.6197918 0.375 0.6197918 0.5000001 0.5833333 0.25 0.6197918 0.25 0.6197918 0.375 0.6197918 0.25 0.6250001 0.25 0.6250001 0.375 0.6197918 0.375 0.6250001 0.375 0.6250001 0.5000001 0.375 0.75 0.4947916 0.7500001 0.4956598 0.8750001 0.5833333 0.7500001 0.5868056 0.8750001 0.4956598 0.8750001 0.5868056 0.8750001 0.625 1 0.5000001 1 0.4956598 0.8750001 0.5000001 1 0.3750001 1 0.3750001 0 0.5000001 0 0.4956597 0.125 0.5000001 0 0.625 0 0.5868055 0.125 0.5868055 0.125 0.5833333 0.25 0.4947916 0.25 0.4956597 0.125 0.4947916 0.25 0.375 0.25 0.125 0.5000001 0.25 0.5000001 0.25 0.625 0.375 0.5 0.3750001 0.625 0.25 0.625 0.25 0.625 0.3750001 0.625 0.375 0.75 0.25 0.625 0.25 0.7500001 0.125 0.7500001 0.375 0.5 0.4947916 0.5 0.4947916 0.625 0.4947916 0.5 0.5833333 0.5000001 0.5833333 0.625 0.5833333 0.625 0.5833333 0.7500001 0.4947916 0.7500001 0.4947916 0.625 0.4947916 0.7500001 0.375 0.75 0.375 0.25 0.4947916 0.25 0.4947916 0.375 0.4947916 0.25 0.5833333 0.25 0.5833334 0.375 0.4947916 0.375 0.5833334 0.375 0.5833333 0.5000001 0.4947916 0.375 0.4947916 0.5 0.375 0.5 0.6250001 0.125 0.6250001 0.125 0.6250001 0.25 0.6250001 0.125 0.625 0 0.6250001 0 0.6250001 0.125 0.6250001 0 0.6250001 0 0.6250001 0.125 0.6250001 0.125 0.625 0.25 0.625 1 0.5868056 0.8750001 0.6206598 0.8750001 0.5868056 0.8750001 0.5833333 0.7500001 0.6197917 0.7500001 0.6206598 0.8750001 0.6197917 0.7500001 0.6250001 0.7500001 0.6250001 1 0.6206598 0.8750001 0.6250001 0.8750001 0.5868055 0.125 0.6206598 0.125 0.6197918 0.25 0.5868055 0.125 0.625 0 0.6250001 0 0.6206598 0.125 0.6250001 0 0.625 0 0.6206598 0.125 0.6250001 0.125 0.6250001 0.25 0.5833333 0.7500001 0.5833333 0.625 0.6197918 0.625 0.5833333 0.5000001 0.6197918 0.5000001 0.6197918 0.625 0.6197918 0.5000001 0.6250001 0.5000001 0.6250001 0.6250001 0.6197917 0.7500001 0.6197918 0.625 0.6250001 0.6250001 0.625 0.5 0.7500001 0.5000001 0.7534723 0.625 0.8750001 0.5000001 0.8750001 0.6250001 0.7534723 0.625 0.7534723 0.625 0.8750001 0.6250001 0.8750001 0.7500001 0.7534723 0.625 0.7500001 0.7500001 0.625 0.75 0.6250001 0.8750001 0.6250001 0.8750001 0.6250001 1 0.6250001 0.7500001 0.625868 0.75 0.6250001 0.8750001 0.6250001 0.8750001 0.625868 0.75 0.625 0.75 0.6250001 0.8750001 0.6250001 0.8750001 0.6250001 1 0.6250001 0.5000001 0.6250001 0.375 0.6250001 0.375 0.6250001 0.375 0.6250001 0.25 0.6250001 0.25 0.6250001 0.375 0.6250001 0.25 0.625 0.25 0.6250001 0.375 0.6250001 0.375 0.625 0.5 0.6250001 0.6250001 0.6284723 0.625 0.625868 0.75 0.6250001 0.6250001 0.6250001 0.5000001 0.6258681 0.5 0.6284723 0.625 0.6258681 0.5 0.625 0.5 0.6284723 0.625 0.6597223 0.625 0.625 0.75 0.5833334 0.375 0.6197918 0.375 0.6197918 0.5000001 0.5833333 0.25 0.6197918 0.25 0.6197918 0.375 0.6197918 0.25 0.6250001 0.25 0.6250001 0.375 0.6197918 0.375 0.6250001 0.375 0.6250001 0.5000001 0.375 0.75 0.4947916 0.7500001 0.4956598 0.8750001 0.5833333 0.7500001 0.5868056 0.8750001 0.4956598 0.8750001 0.5868056 0.8750001 0.625 1 0.5000001 1 0.4956598 0.8750001 0.5000001 1 0.3750001 1 0.3750001 0 0.5000001 0 0.4956597 0.125 0.5000001 0 0.625 0 0.5868055 0.125 0.5868055 0.125 0.5833333 0.25 0.4947916 0.25 0.4956597 0.125 0.4947916 0.25 0.375 0.25 0.125 0.5000001 0.25 0.5000001 0.25 0.625 0.375 0.5 0.3750001 0.625 0.25 0.625 0.25 0.625 0.3750001 0.625 0.375 0.75 0.25 0.625 0.25 0.7500001 0.125 0.7500001 0.375 0.5 0.4947916 0.5 0.4947916 0.625 0.4947916 0.5 0.5833333 0.5000001 0.5833333 0.625 0.5833333 0.625 0.5833333 0.7500001 0.4947916 0.7500001 0.4947916 0.625 0.4947916 0.7500001 0.375 0.75 0.375 0.25 0.4947916 0.25 0.4947916 0.375 0.4947916 0.25 0.5833333 0.25 0.5833334 0.375 0.4947916 0.375 0.5833334 0.375 0.5833333 0.5000001 0.4947916 0.375 0.4947916 0.5 0.375 0.5 0.6250001 0.125 0.6250001 0.125 0.6250001 0.25 0.6250001 0.125 0.625 0 0.6250001 0 0.6250001 0.125 0.6250001 0 0.6250001 0 0.6250001 0.125 0.6250001 0.125 0.625 0.25 0.625 1 0.5868056 0.8750001 0.6206598 0.8750001 0.5868056 0.8750001 0.5833333 0.7500001 0.6197917 0.7500001 0.6206598 0.8750001 0.6197917 0.7500001 0.6250001 0.7500001 0.6250001 1 0.6206598 0.8750001 0.6250001 0.8750001 0.5868055 0.125 0.6206598 0.125 0.6197918 0.25 0.5868055 0.125 0.625 0 0.6250001 0 0.6206598 0.125 0.6250001 0 0.625 0 0.6206598 0.125 0.6250001 0.125 0.6250001 0.25 0.5833333 0.7500001 0.5833333 0.625 0.6197918 0.625 0.5833333 0.5000001 0.6197918 0.5000001 0.6197918 0.625 0.6197918 0.5000001 0.6250001 0.5000001 0.6250001 0.6250001 0.6197917 0.7500001 0.6197918 0.625 0.6250001 0.6250001 0.625 0.5 0.7500001 0.5000001 0.7534723 0.625 0.8750001 0.5000001 0.8750001 0.6250001 0.7534723 0.625 0.7534723 0.625 0.8750001 0.6250001 0.8750001 0.7500001 0.7534723 0.625 0.7500001 0.7500001 0.625 0.75 0.6250001 0.8750001 0.6250001 0.8750001 0.6250001 1 0.6250001 0.7500001 0.625868 0.75 0.6250001 0.8750001 0.6250001 0.8750001 0.625868 0.75 0.625 0.75 0.6250001 0.8750001 0.6250001 0.8750001 0.6250001 1 0.6250001 0.5000001 0.6250001 0.375 0.6250001 0.375 0.6250001 0.375 0.6250001 0.25 0.6250001 0.25 0.6250001 0.375 0.6250001 0.25 0.625 0.25 0.6250001 0.375 0.6250001 0.375 0.625 0.5 0.6250001 0.6250001 0.6284723 0.625 0.625868 0.75 0.6250001 0.6250001 0.6250001 0.5000001 0.6258681 0.5 0.6284723 0.625 0.6258681 0.5 0.625 0.5 0.6284723 0.625 0.6597223 0.625 0.625 0.75</float_array>
          <technique_common>
            <accessor source="#Cube_012-mesh-map-0-array" count="15600" stride="2">
              <param name="S" type="float"/>
              <param name="T" type="float"/>
            </accessor>
          </technique_common>
        </source>
        <vertices id="Cube_012-mesh-vertices">
          <input semantic="POSITION" source="#Cube_012-mesh-positions"/>
        </vertices>
        <triangles material="feathers-material" count="1280">
          <input semantic="VERTEX" source="#Cube_012-mesh-vertices" offset="0"/>
          <input semantic="NORMAL" source="#Cube_012-mesh-normals" offset="1"/>
          <input semantic="TEXCOORD" source="#Cube_012-mesh-map-0" offset="2" set="0"/>
          <p>44 0 0 48 1 1 47 2 2 45 3 3 49 4 4 48 1 5 47 2 6 51 5 7 50 6 8 48 1 9 52 7 10 51 5 11 0 8 12 44 0 13 10 9 14 11 10 15 45 3 16 44 0 17 12 11 18 46 12 19 45 3 20 1 13 21 46 12 22 13 14 23 46 12 24 15 15 25 49 4 26 49 4 27 16 16 28 52 7 29 52 7 30 3 17 31 17 18 32 51 5 33 17 18 34 18 19 35 50 6 36 18 19 37 19 20 38 50 6 39 2 21 40 8 22 41 9 23 42 50 6 43 8 22 44 10 9 45 47 2 46 9 23 47 53 24 48 57 25 49 56 26 50 54 27 51 58 28 52 57 25 53 57 25 54 59 29 55 56 26 56 58 28 57 60 30 58 57 25 59 2 21 60 53 24 61 22 31 62 19 20 63 54 27 64 53 24 65 18 19 66 55 32 67 54 27 68 3 17 69 55 32 70 17 18 71 23 33 72 58 28 73 55 32 74 58 28 75 25 34 76 61 35 77 61 35 78 7 36 79 26 37 80 61 35 81 27 38 82 60 30 83 60 30 84 28 39 85 59 29 86 59 29 87 6 40 88 20 41 89 56 26 90 20 41 91 21 42 92 22 31 93 56 26 94 21 42 95 63 43 96 65 44 97 62 45 98 64 46 99 66 47 100 63 43 101 66 47 102 68 48 103 65 44 104 67 49 105 69 50 106 66 47 107 6 40 108 62 45 109 31 51 110 27 38 111 62 45 112 28 39 113 26 37 114 63 43 115 27 38 116 7 36 117 64 46 118 26 37 119 32 52 120 67 49 121 64 46 122 33 53 123 70 54 124 67 49 125 70 54 126 5 55 127 35 56 128 70 54 129 36 57 130 69 50 131 69 50 132 37 58 133 68 48 134 68 48 135 4 59 136 29 60 137 65 44 138 29 60 139 30 61 140 62 45 141 30 61 142 31 51 143 72 62 144 74 63 145 71 64 146 73 65 147 75 66 148 72 62 149 74 63 150 78 67 151 77 68 152 75 66 153 79 69 154 78 67 155 4 59 156 71 64 157 40 70 158 36 57 159 71 64 160 37 58 161 35 56 162 72 62 163 36 57 164 5 55 165 73 65 166 35 56 167 41 71 168 76 72 169 73 65 170 76 72 171 43 73 172 79 69 173 79 69 174 1 13 175 13 14 176 78 67 177 13 14 178 12 11 179 77 68 180 12 11 181 11 10 182 77 68 183 0 8 184 38 74 185 74 63 186 38 74 187 39 75 188 40 70 189 74 63 190 39 75 191 80 76 192 84 77 193 83 78 194 82 79 195 84 77 196 81 80 197 83 78 198 87 81 199 86 82 200 85 83 201 87 81 202 84 77 203 22 31 204 8 22 205 2 21 206 21 42 207 80 76 208 22 31 209 21 42 210 82 79 211 81 80 212 20 41 213 31 51 214 82 79 215 31 51 216 85 83 217 82 79 218 30 61 219 88 84 220 85 83 221 29 60 222 40 70 223 88 84 224 88 84 225 39 75 226 87 81 227 86 82 228 39 75 229 38 74 230 10 9 231 38 74 232 0 8 233 9 23 234 86 82 235 10 9 236 8 22 237 83 78 238 9 23 239 90 85 240 92 86 241 89 87 242 90 85 243 94 88 244 93 89 245 93 89 246 95 90 247 92 86 248 93 89 249 97 91 250 96 92 251 25 34 252 32 52 253 7 36 254 24 93 255 89 87 256 25 34 257 24 93 258 91 94 259 90 85 260 23 33 261 16 16 262 91 94 263 91 94 264 15 15 265 94 88 266 94 88 267 14 95 268 97 91 269 97 91 270 1 13 271 43 73 272 96 92 273 43 73 274 42 96 275 96 92 276 41 71 277 95 90 278 95 90 279 5 55 280 34 97 281 92 86 282 34 97 283 33 53 284 89 87 285 33 53 286 32 52 287 142 98 288 146 99 289 143 100 290 143 100 291 147 101 292 144 102 293 145 103 294 149 104 295 146 99 296 146 99 297 150 105 298 147 101 299 98 106 300 142 98 301 109 107 302 109 107 303 143 100 304 110 108 305 110 108 306 144 102 307 111 109 308 144 102 309 99 110 310 111 109 311 144 102 312 113 111 313 112 112 314 147 101 315 114 113 316 113 111 317 150 105 318 101 114 319 114 113 320 149 104 321 115 115 322 150 105 323 148 116 324 116 117 325 149 104 326 100 118 327 148 116 328 106 119 329 107 120 330 148 116 331 145 103 332 108 121 333 145 103 334 142 98 335 151 122 336 155 123 337 152 124 338 152 124 339 156 125 340 153 126 341 157 127 342 155 123 343 154 128 344 158 129 345 156 125 346 155 123 347 100 118 348 151 122 349 117 130 350 117 130 351 152 124 352 116 117 353 116 117 354 153 126 355 115 115 356 153 126 357 101 114 358 115 115 359 156 125 360 121 131 361 153 126 362 156 125 363 123 132 364 122 133 365 159 134 366 105 135 367 123 132 368 125 136 369 159 134 370 158 129 371 126 137 372 158 129 373 157 127 374 104 138 375 157 127 376 118 139 377 118 139 378 154 128 379 119 140 380 120 141 381 154 128 382 151 122 383 163 142 384 161 143 385 160 144 386 164 145 387 162 146 388 161 143 389 166 147 390 164 145 391 163 142 392 167 148 393 165 149 394 164 145 395 104 138 396 160 144 397 126 137 398 160 144 399 125 136 400 126 137 401 161 143 402 124 150 403 125 136 404 162 146 405 105 135 406 124 150 407 165 149 408 130 151 409 162 146 410 168 152 411 131 153 412 165 149 413 168 152 414 103 154 415 132 155 416 134 156 417 168 152 418 167 148 419 135 157 420 167 148 421 166 147 422 102 158 423 166 147 424 127 159 425 127 159 426 163 142 427 128 160 428 128 160 429 160 144 430 129 161 431 172 162 432 170 163 433 169 164 434 173 165 435 171 166 436 170 163 437 172 162 438 176 167 439 173 165 440 173 165 441 177 168 442 174 169 443 102 158 444 169 164 445 135 157 446 169 164 447 134 156 448 135 157 449 170 163 450 133 170 451 134 156 452 171 166 453 103 154 454 133 170 455 174 169 456 139 171 457 171 166 458 174 169 459 141 172 460 140 173 461 177 168 462 99 110 463 141 172 464 176 167 465 111 109 466 177 168 467 175 174 468 110 108 469 176 167 470 98 106 471 175 174 472 136 175 473 136 175 474 172 162 475 137 176 476 138 177 477 172 162 478 169 164 479 178 178 480 182 179 481 179 180 482 182 179 483 180 181 484 179 180 485 181 182 486 185 183 487 182 179 488 185 183 489 183 184 490 182 179 491 106 119 492 120 141 493 100 118 494 178 178 495 119 140 496 120 141 497 119 140 498 180 181 499 118 139 500 118 139 501 129 161 502 104 138 503 183 184 504 129 161 505 180 181 506 186 185 507 128 160 508 183 184 509 138 177 510 127 159 511 186 185 512 137 176 513 186 185 514 185 183 515 184 186 516 137 176 517 185 183 518 108 121 519 136 175 520 184 186 521 107 120 522 184 186 523 181 182 524 106 119 525 181 182 526 178 178 527 190 187 528 188 188 529 187 189 530 188 188 531 192 190 532 189 191 533 193 192 534 191 193 535 190 187 536 191 193 537 195 194 538 192 190 539 130 151 540 123 132 541 105 135 542 187 189 543 122 133 544 123 132 545 122 133 546 189 191 547 121 131 548 121 131 549 114 113 550 101 114 551 189 191 552 113 111 553 114 113 554 192 190 555 112 112 556 113 111 557 195 194 558 99 110 559 112 112 560 194 195 561 141 172 562 195 194 563 139 171 564 194 195 565 193 192 566 103 154 567 193 192 568 132 155 569 132 155 570 190 187 571 131 153 572 131 153 573 187 189 574 130 151 575 268 196 576 272 197 577 271 198 578 270 199 579 272 197 580 269 200 581 272 197 582 274 201 583 271 198 584 272 197 585 276 202 586 275 203 587 196 204 588 268 196 589 229 205 590 240 206 591 269 200 592 268 196 593 238 207 594 269 200 595 239 208 596 200 209 597 270 199 598 238 207 599 237 210 600 273 211 601 270 199 602 236 212 603 276 202 604 273 211 605 276 202 606 202 213 607 228 214 608 275 203 609 228 214 610 227 215 611 275 203 612 226 216 613 274 201 614 274 201 615 198 217 616 231 218 617 230 219 618 274 201 619 231 218 620 229 205 621 271 198 622 230 219 623 277 220 624 281 221 625 280 222 626 279 223 627 281 221 628 278 224 629 281 221 630 283 225 631 280 222 632 281 221 633 285 226 634 284 227 635 199 228 636 277 220 637 234 229 638 222 230 639 278 224 640 277 220 641 221 231 642 279 223 643 278 224 644 198 217 645 279 223 646 220 232 647 226 216 648 282 233 649 279 223 650 282 233 651 228 214 652 285 226 653 285 226 654 202 213 655 219 234 656 285 226 657 218 235 658 284 227 659 284 227 660 217 236 661 283 225 662 283 225 663 203 237 664 232 238 665 280 222 666 232 238 667 233 239 668 234 229 669 280 222 670 233 239 671 287 240 672 289 241 673 286 242 674 288 243 675 290 244 676 287 240 677 290 244 678 292 245 679 289 241 680 291 246 681 293 247 682 290 244 683 203 237 684 286 242 685 210 248 686 218 235 687 286 242 688 217 236 689 219 234 690 287 240 691 218 235 692 202 213 693 288 243 694 219 234 695 235 249 696 291 246 697 288 243 698 236 212 699 294 250 700 291 246 701 237 210 702 223 251 703 294 250 704 294 250 705 224 252 706 293 247 707 293 247 708 225 253 709 292 245 710 208 254 711 225 253 712 201 255 713 209 256 714 292 245 715 208 254 716 210 248 717 289 241 718 209 256 719 296 257 720 298 258 721 295 259 722 296 257 723 300 260 724 299 261 725 299 261 726 301 262 727 298 258 728 299 261 729 303 263 730 302 264 731 213 265 732 261 266 733 201 255 734 212 267 735 295 259 736 213 265 737 212 267 738 297 268 739 296 257 740 211 269 741 256 270 742 297 268 743 297 268 744 257 271 745 300 260 746 300 260 747 258 272 748 303 263 749 303 263 750 204 273 751 247 274 752 302 264 753 247 274 754 248 275 755 302 264 756 249 276 757 301 262 758 301 262 759 206 277 760 259 278 761 298 258 762 259 278 763 260 279 764 295 259 765 260 279 766 261 266 767 304 280 768 308 281 769 307 282 770 305 283 771 309 284 772 308 281 773 307 282 774 311 285 775 310 286 776 308 281 777 312 287 778 311 285 779 216 288 780 243 289 781 197 290 782 216 288 783 305 283 784 304 280 785 215 291 786 306 292 787 305 283 788 214 293 789 229 205 790 306 292 791 306 292 792 230 219 793 309 284 794 309 284 795 231 218 796 312 287 797 312 287 798 198 217 799 220 232 800 311 285 801 220 232 802 221 231 803 310 286 804 221 231 805 222 230 806 310 286 807 199 228 808 241 294 809 307 282 810 241 294 811 242 295 812 304 280 813 242 295 814 243 289 815 313 296 816 317 297 817 316 298 818 315 299 819 317 297 820 314 300 821 317 297 822 319 301 823 316 298 824 317 297 825 321 302 826 320 303 827 201 255 828 313 296 829 213 265 830 224 252 831 313 296 832 225 253 833 223 251 834 314 300 835 224 252 836 200 209 837 315 299 838 223 251 839 315 299 840 239 208 841 318 304 842 239 208 843 321 302 844 318 304 845 321 302 846 196 204 847 214 293 848 320 303 849 214 293 850 215 291 851 319 301 852 215 291 853 216 288 854 319 301 855 197 290 856 211 269 857 316 298 858 211 269 859 212 267 860 213 265 861 316 298 862 212 267 863 322 305 864 326 306 865 325 307 866 324 308 867 326 306 868 323 309 869 325 307 870 329 310 871 328 311 872 327 312 873 329 310 874 326 306 875 206 277 876 322 305 877 244 313 878 249 276 879 323 309 880 322 305 881 247 274 882 323 309 883 248 275 884 204 273 885 324 308 886 247 274 887 255 314 888 327 312 889 324 308 890 254 315 891 330 316 892 327 312 893 253 317 894 252 318 895 330 316 896 330 316 897 251 319 898 329 310 899 328 311 900 251 319 901 250 320 902 246 321 903 250 320 904 207 322 905 245 323 906 328 311 907 246 321 908 244 313 909 325 307 910 245 323 911 331 324 912 335 325 913 334 326 914 333 327 915 335 325 916 332 328 917 334 326 918 338 329 919 337 330 920 336 331 921 338 329 922 335 325 923 199 228 924 331 324 925 267 332 926 234 229 927 332 328 928 331 324 929 232 238 930 332 328 931 233 239 932 203 237 933 333 327 934 232 238 935 262 333 936 336 331 937 333 327 938 263 334 939 339 335 940 336 331 941 339 335 942 207 322 943 250 320 944 338 329 945 250 320 946 251 319 947 338 329 948 252 318 949 337 330 950 337 330 951 205 336 952 265 337 953 266 338 954 337 330 955 265 337 956 267 332 957 334 326 958 266 338 959 341 339 960 343 340 961 340 341 962 342 342 963 344 343 964 341 339 965 344 343 966 346 344 967 343 340 968 345 345 969 347 346 970 344 343 971 210 248 972 262 333 973 203 237 974 209 256 975 340 341 976 210 248 977 208 254 978 341 339 979 209 256 980 201 255 981 342 342 982 208 254 983 261 266 984 345 345 985 342 342 986 260 279 987 348 347 988 345 345 989 259 278 990 244 313 991 348 347 992 348 347 993 245 323 994 347 346 995 347 346 996 246 321 997 346 344 998 346 344 999 207 322 1000 264 348 1001 343 340 1002 264 348 1003 263 334 1004 340 341 1005 263 334 1006 262 333 1007 349 349 1008 353 350 1009 352 351 1010 350 352 1011 354 353 1012 353 350 1013 352 351 1014 356 354 1015 355 355 1016 353 350 1017 357 356 1018 356 354 1019 197 290 1020 349 349 1021 256 270 1022 243 289 1023 350 352 1024 349 349 1025 242 295 1026 351 357 1027 350 352 1028 241 294 1029 267 332 1030 351 357 1031 351 357 1032 266 338 1033 354 353 1034 354 353 1035 265 337 1036 357 356 1037 357 356 1038 205 336 1039 253 317 1040 356 354 1041 253 317 1042 254 315 1043 355 355 1044 254 315 1045 255 314 1046 258 272 1047 255 314 1048 204 273 1049 257 271 1050 355 355 1051 258 272 1052 256 270 1053 352 351 1054 257 271 1055 402 358 1056 406 359 1057 405 360 1058 403 361 1059 407 362 1060 406 359 1061 405 360 1062 409 363 1063 408 364 1064 406 359 1065 410 365 1066 409 363 1067 358 366 1068 402 358 1069 368 367 1070 374 368 1071 403 361 1072 402 358 1073 373 369 1074 404 370 1075 403 361 1076 372 371 1077 371 372 1078 404 370 1079 404 370 1080 370 373 1081 407 362 1082 407 362 1083 369 374 1084 410 365 1085 410 365 1086 361 375 1087 377 376 1088 409 363 1089 377 376 1090 376 377 1091 408 364 1092 376 377 1093 375 378 1094 366 379 1095 375 378 1096 359 380 1097 367 381 1098 408 364 1099 366 379 1100 368 367 1101 405 360 1102 367 381 1103 411 382 1104 415 383 1105 414 384 1106 412 385 1107 416 386 1108 415 383 1109 414 384 1110 418 387 1111 417 388 1112 415 383 1113 419 389 1114 418 387 1115 363 390 1116 411 382 1117 386 391 1118 380 392 1119 412 385 1120 411 382 1121 379 393 1122 413 394 1123 412 385 1124 378 395 1125 387 396 1126 413 394 1127 413 394 1128 388 397 1129 416 386 1130 416 386 1131 389 398 1132 419 389 1133 419 389 1134 364 399 1135 381 400 1136 418 387 1137 381 400 1138 382 401 1139 417 388 1140 382 401 1141 383 402 1142 384 403 1143 383 402 1144 365 404 1145 385 405 1146 417 388 1147 384 403 1148 386 391 1149 414 384 1150 385 405 1151 420 406 1152 424 407 1153 423 408 1154 421 409 1155 425 410 1156 424 407 1157 424 407 1158 426 411 1159 423 408 1160 425 410 1161 427 412 1162 424 407 1163 359 380 1164 420 406 1165 395 413 1166 375 378 1167 421 409 1168 420 406 1169 376 377 1170 422 414 1171 421 409 1172 361 375 1173 422 414 1174 377 376 1175 390 415 1176 425 410 1177 422 414 1178 425 410 1179 392 416 1180 428 417 1181 428 417 1182 364 399 1183 389 398 1184 428 417 1185 388 397 1186 427 412 1187 427 412 1188 387 396 1189 426 411 1190 426 411 1191 362 418 1192 393 419 1193 423 408 1194 393 419 1195 394 420 1196 395 413 1197 423 408 1198 394 420 1199 430 421 1200 432 422 1201 429 423 1202 431 424 1203 433 425 1204 430 421 1205 432 422 1206 436 426 1207 435 427 1208 433 425 1209 437 428 1210 436 426 1211 369 374 1212 390 415 1213 361 375 1214 370 373 1215 429 423 1216 369 374 1217 371 372 1218 430 421 1219 370 373 1220 371 372 1221 396 429 1222 431 424 1223 431 424 1224 397 430 1225 434 431 1226 397 430 1227 437 428 1228 434 431 1229 398 432 1230 383 402 1231 437 428 1232 436 426 1233 383 402 1234 382 401 1235 435 427 1236 382 401 1237 381 400 1238 392 416 1239 381 400 1240 364 399 1241 391 433 1242 435 427 1243 392 416 1244 429 423 1245 391 433 1246 390 415 1247 438 434 1248 442 435 1249 441 436 1250 439 437 1251 443 438 1252 442 435 1253 442 435 1254 444 439 1255 441 436 1256 443 438 1257 445 440 1258 442 435 1259 360 441 1260 438 434 1261 396 429 1262 372 371 1263 439 437 1264 438 434 1265 373 369 1266 440 442 1267 439 437 1268 374 368 1269 399 443 1270 440 442 1271 440 442 1272 400 444 1273 443 438 1274 400 444 1275 446 445 1276 443 438 1277 401 446 1278 386 391 1279 446 445 1280 446 445 1281 385 405 1282 445 440 1283 445 440 1284 384 403 1285 444 439 1286 444 439 1287 365 404 1288 398 432 1289 441 436 1290 398 432 1291 397 430 1292 396 429 1293 441 436 1294 397 430 1295 448 447 1296 450 448 1297 447 449 1298 449 450 1299 451 451 1300 448 447 1301 450 448 1302 454 452 1303 453 453 1304 451 451 1305 455 454 1306 454 452 1307 368 367 1308 399 443 1309 358 366 1310 367 381 1311 447 449 1312 368 367 1313 366 379 1314 448 447 1315 367 381 1316 359 380 1317 449 450 1318 366 379 1319 395 413 1320 452 455 1321 449 450 1322 394 420 1323 455 454 1324 452 455 1325 455 454 1326 362 418 1327 378 395 1328 454 452 1329 378 395 1330 379 393 1331 453 453 1332 379 393 1333 380 392 1334 401 446 1335 380 392 1336 363 390 1337 400 444 1338 453 453 1339 401 446 1340 447 449 1341 400 444 1342 399 443 1343 500 456 1344 504 457 1345 501 458 1346 501 458 1347 505 459 1348 502 460 1349 503 461 1350 507 462 1351 504 457 1352 504 457 1353 508 463 1354 505 459 1355 456 464 1356 500 456 1357 472 465 1358 472 465 1359 501 458 1360 471 466 1361 471 466 1362 502 460 1363 470 467 1364 470 467 1365 469 468 1366 458 469 1367 502 460 1368 468 470 1369 469 468 1370 505 459 1371 467 471 1372 468 470 1373 508 463 1374 459 472 1375 467 471 1376 507 462 1377 475 473 1378 508 463 1379 506 474 1380 474 475 1381 507 462 1382 464 476 1383 473 477 1384 506 474 1385 465 478 1386 506 474 1387 503 461 1388 466 479 1389 503 461 1390 500 456 1391 509 480 1392 513 481 1393 510 482 1394 510 482 1395 514 483 1396 511 484 1397 512 485 1398 516 486 1399 513 481 1400 513 481 1401 517 487 1402 514 483 1403 461 488 1404 509 480 1405 478 489 1406 478 489 1407 510 482 1408 477 490 1409 477 490 1410 511 484 1411 476 491 1412 476 491 1413 485 492 1414 460 493 1415 511 484 1416 486 494 1417 485 492 1418 514 483 1419 487 495 1420 486 494 1421 517 487 1422 462 496 1423 487 495 1424 516 486 1425 479 497 1426 517 487 1427 515 498 1428 480 499 1429 516 486 1430 482 500 1431 481 501 1432 515 498 1433 483 502 1434 515 498 1435 512 485 1436 484 503 1437 512 485 1438 509 480 1439 518 504 1440 522 505 1441 519 506 1442 519 506 1443 523 507 1444 520 508 1445 524 509 1446 522 505 1447 521 510 1448 525 511 1449 523 507 1450 522 505 1451 457 512 1452 518 504 1453 473 477 1454 473 477 1455 519 506 1456 474 475 1457 474 475 1458 520 508 1459 475 473 1460 520 508 1461 459 472 1462 475 473 1463 523 507 1464 488 513 1465 520 508 1466 523 507 1467 490 514 1468 489 515 1469 526 516 1470 462 496 1471 490 514 1472 486 494 1473 526 516 1474 525 511 1475 485 492 1476 525 511 1477 524 509 1478 460 493 1479 524 509 1480 491 517 1481 491 517 1482 521 510 1483 492 518 1484 493 519 1485 521 510 1486 518 504 1487 530 520 1488 528 521 1489 527 522 1490 531 523 1491 529 524 1492 528 521 1493 530 520 1494 534 525 1495 531 523 1496 531 523 1497 535 526 1498 532 527 1499 488 513 1500 467 471 1501 459 472 1502 527 522 1503 468 470 1504 467 471 1505 528 521 1506 469 468 1507 468 470 1508 469 468 1509 494 528 1510 458 469 1511 529 524 1512 495 529 1513 494 528 1514 535 526 1515 495 529 1516 532 527 1517 481 501 1518 496 530 1519 535 526 1520 534 525 1521 481 501 1522 535 526 1523 533 531 1524 480 499 1525 534 525 1526 490 514 1527 479 497 1528 533 531 1529 489 515 1530 533 531 1531 530 520 1532 489 515 1533 527 522 1534 488 513 1535 536 532 1536 540 533 1537 537 534 1538 537 534 1539 541 535 1540 538 536 1541 542 537 1542 540 533 1543 539 538 1544 543 539 1545 541 535 1546 540 533 1547 458 469 1548 536 532 1549 470 467 1550 470 467 1551 537 534 1552 471 466 1553 471 466 1554 538 536 1555 472 465 1556 472 465 1557 497 540 1558 456 464 1559 538 536 1560 498 541 1561 497 540 1562 544 542 1563 498 541 1564 541 535 1565 484 503 1566 499 543 1567 544 542 1568 483 502 1569 544 542 1570 543 539 1571 482 500 1572 543 539 1573 542 537 1574 463 544 1575 542 537 1576 496 530 1577 496 530 1578 539 538 1579 495 529 1580 494 528 1581 539 538 1582 536 532 1583 548 545 1584 546 546 1585 545 547 1586 549 548 1587 547 549 1588 546 546 1589 548 545 1590 552 550 1591 549 548 1592 549 548 1593 553 551 1594 550 552 1595 497 540 1596 466 479 1597 456 464 1598 545 547 1599 465 478 1600 466 479 1601 546 546 1602 464 476 1603 465 478 1604 547 549 1605 457 512 1606 464 476 1607 550 552 1608 493 519 1609 547 549 1610 553 551 1611 492 518 1612 550 552 1613 553 551 1614 460 493 1615 491 517 1616 552 550 1617 476 491 1618 553 551 1619 551 553 1620 477 490 1621 552 550 1622 499 543 1623 478 489 1624 551 553 1625 498 541 1626 551 553 1627 548 545 1628 498 541 1629 545 547 1630 497 540 1631 598 554 1632 602 555 1633 601 556 1634 600 557 1635 602 555 1636 599 558 1637 602 555 1638 604 559 1639 601 556 1640 602 555 1641 606 560 1642 605 561 1643 554 562 1644 598 554 1645 583 563 1646 594 564 1647 599 558 1648 598 554 1649 592 565 1650 599 558 1651 593 566 1652 558 567 1653 600 557 1654 592 565 1655 591 568 1656 603 569 1657 600 557 1658 603 569 1659 589 570 1660 606 560 1661 606 560 1662 560 571 1663 582 572 1664 605 561 1665 582 572 1666 581 573 1667 605 561 1668 580 574 1669 604 559 1670 604 559 1671 556 575 1672 585 576 1673 601 556 1674 585 576 1675 584 577 1676 583 563 1677 601 556 1678 584 577 1679 607 578 1680 611 579 1681 610 580 1682 609 581 1683 611 579 1684 608 582 1685 611 579 1686 613 583 1687 610 580 1688 611 579 1689 615 584 1690 614 585 1691 557 586 1692 607 578 1693 588 587 1694 576 588 1695 608 582 1696 607 578 1697 574 589 1698 608 582 1699 575 590 1700 556 575 1701 609 581 1702 574 589 1703 580 574 1704 612 591 1705 609 581 1706 612 591 1707 582 572 1708 615 584 1709 615 584 1710 560 571 1711 573 592 1712 614 585 1713 573 592 1714 572 593 1715 614 585 1716 571 594 1717 613 583 1718 613 583 1719 561 595 1720 586 596 1721 610 580 1722 586 596 1723 587 597 1724 588 587 1725 610 580 1726 587 597 1727 616 598 1728 620 599 1729 619 600 1730 618 601 1731 620 599 1732 617 602 1733 620 599 1734 622 603 1735 619 600 1736 620 599 1737 624 604 1738 623 605 1739 561 595 1740 616 598 1741 564 606 1742 571 594 1743 617 602 1744 616 598 1745 573 592 1746 617 602 1747 572 593 1748 560 571 1749 618 601 1750 573 592 1751 589 570 1752 621 607 1753 618 601 1754 621 607 1755 591 568 1756 624 604 1757 624 604 1758 558 567 1759 577 608 1760 623 605 1761 577 608 1762 578 609 1763 623 605 1764 579 610 1765 622 603 1766 622 603 1767 559 611 1768 562 612 1769 619 600 1770 562 612 1771 563 613 1772 564 606 1773 619 600 1774 563 613 1775 625 614 1776 629 615 1777 628 616 1778 627 617 1779 629 615 1780 626 618 1781 629 615 1782 631 619 1783 628 616 1784 629 615 1785 633 620 1786 632 621 1787 559 611 1788 625 614 1789 562 612 1790 567 622 1791 626 618 1792 625 614 1793 565 623 1794 626 618 1795 566 624 1796 555 625 1797 627 617 1798 565 623 1799 597 626 1800 630 627 1801 627 617 1802 630 627 1803 595 628 1804 633 620 1805 633 620 1806 557 586 1807 588 587 1808 632 621 1809 588 587 1810 587 597 1811 632 621 1812 586 596 1813 631 619 1814 631 619 1815 561 595 1816 564 606 1817 628 616 1818 564 606 1819 563 613 1820 562 612 1821 628 616 1822 563 613 1823 634 629 1824 638 630 1825 637 631 1826 636 632 1827 638 630 1828 635 633 1829 638 630 1830 640 634 1831 637 631 1832 638 630 1833 642 635 1834 641 636 1835 555 625 1836 634 629 1837 597 626 1838 570 637 1839 635 633 1840 634 629 1841 568 638 1842 635 633 1843 569 639 1844 554 562 1845 636 632 1846 568 638 1847 583 563 1848 639 640 1849 636 632 1850 639 640 1851 585 576 1852 642 635 1853 642 635 1854 556 575 1855 574 589 1856 641 636 1857 574 589 1858 575 590 1859 641 636 1860 576 588 1861 640 634 1862 640 634 1863 557 586 1864 595 628 1865 637 631 1866 595 628 1867 596 641 1868 597 626 1869 637 631 1870 596 641 1871 643 642 1872 647 643 1873 646 644 1874 645 645 1875 647 643 1876 644 646 1877 647 643 1878 649 647 1879 646 644 1880 647 643 1881 651 648 1882 650 649 1883 559 611 1884 643 642 1885 567 622 1886 579 610 1887 644 646 1888 643 642 1889 577 608 1890 644 646 1891 578 609 1892 558 567 1893 645 645 1894 577 608 1895 592 565 1896 648 650 1897 645 645 1898 648 650 1899 594 564 1900 651 648 1901 651 648 1902 554 562 1903 568 638 1904 650 649 1905 568 638 1906 569 639 1907 650 649 1908 570 637 1909 649 647 1910 649 647 1911 555 625 1912 565 623 1913 646 644 1914 565 623 1915 566 624 1916 567 622 1917 646 644 1918 566 624 1919 44 0 7800 45 3 7801 48 1 7802 45 3 7803 46 12 7804 49 4 7805 47 2 7806 48 1 7807 51 5 7808 48 1 7809 49 4 7810 52 7 7811 0 8 7812 11 10 7813 44 0 7814 11 10 7815 12 11 7816 45 3 7817 12 11 7818 13 14 7819 46 12 7820 1 13 7821 14 95 7822 46 12 7823 46 12 7824 14 95 7825 15 15 7826 49 4 7827 15 15 7828 16 16 7829 52 7 7830 16 16 7831 3 17 7832 51 5 7833 52 7 7834 17 18 7835 50 6 7836 51 5 7837 18 19 7838 50 6 7839 19 20 7840 2 21 7841 9 23 7842 47 2 7843 50 6 7844 10 9 7845 44 0 7846 47 2 7847 53 24 7848 54 27 7849 57 25 7850 54 27 7851 55 32 7852 58 28 7853 57 25 7854 60 30 7855 59 29 7856 58 28 7857 61 35 7858 60 30 7859 2 21 7860 19 20 7861 53 24 7862 19 20 7863 18 19 7864 54 27 7865 18 19 7866 17 18 7867 55 32 7868 3 17 7869 23 33 7870 55 32 7871 23 33 7872 24 93 7873 58 28 7874 58 28 7875 24 93 7876 25 34 7877 61 35 7878 25 34 7879 7 36 7880 61 35 7881 26 37 7882 27 38 7883 60 30 7884 27 38 7885 28 39 7886 59 29 7887 28 39 7888 6 40 7889 56 26 7890 59 29 7891 20 41 7892 22 31 7893 53 24 7894 56 26 7895 63 43 7896 66 47 7897 65 44 7898 64 46 7899 67 49 7900 66 47 7901 66 47 7902 69 50 7903 68 48 7904 67 49 7905 70 54 7906 69 50 7907 6 40 7908 28 39 7909 62 45 7910 27 38 7911 63 43 7912 62 45 7913 26 37 7914 64 46 7915 63 43 7916 7 36 7917 32 52 7918 64 46 7919 32 52 7920 33 53 7921 67 49 7922 33 53 7923 34 97 7924 70 54 7925 70 54 7926 34 97 7927 5 55 7928 70 54 7929 35 56 7930 36 57 7931 69 50 7932 36 57 7933 37 58 7934 68 48 7935 37 58 7936 4 59 7937 65 44 7938 68 48 7939 29 60 7940 62 45 7941 65 44 7942 30 61 7943 72 62 7944 75 66 7945 74 63 7946 73 65 7947 76 72 7948 75 66 7949 74 63 7950 75 66 7951 78 67 7952 75 66 7953 76 72 7954 79 69 7955 4 59 7956 37 58 7957 71 64 7958 36 57 7959 72 62 7960 71 64 7961 35 56 7962 73 65 7963 72 62 7964 5 55 7965 41 71 7966 73 65 7967 41 71 7968 42 96 7969 76 72 7970 76 72 7971 42 96 7972 43 73 7973 79 69 7974 43 73 7975 1 13 7976 78 67 7977 79 69 7978 13 14 7979 77 68 7980 78 67 7981 12 11 7982 77 68 7983 11 10 7984 0 8 7985 74 63 7986 77 68 7987 38 74 7988 40 70 7989 71 64 7990 74 63 7991 80 76 7992 81 80 7993 84 77 7994 82 79 7995 85 83 7996 84 77 7997 83 78 7998 84 77 7999 87 81 8000 85 83 8001 88 84 8002 87 81 8003 22 31 8004 80 76 8005 8 22 8006 21 42 8007 81 80 8008 80 76 8009 21 42 8010 20 41 8011 82 79 8012 20 41 8013 6 40 8014 31 51 8015 31 51 8016 30 61 8017 85 83 8018 30 61 8019 29 60 8020 88 84 8021 29 60 8022 4 59 8023 40 70 8024 88 84 8025 40 70 8026 39 75 8027 86 82 8028 87 81 8029 39 75 8030 10 9 8031 86 82 8032 38 74 8033 9 23 8034 83 78 8035 86 82 8036 8 22 8037 80 76 8038 83 78 8039 90 85 8040 93 89 8041 92 86 8042 90 85 8043 91 94 8044 94 88 8045 93 89 8046 96 92 8047 95 90 8048 93 89 8049 94 88 8050 97 91 8051 25 34 8052 89 87 8053 32 52 8054 24 93 8055 90 85 8056 89 87 8057 24 93 8058 23 33 8059 91 94 8060 23 33 8061 3 17 8062 16 16 8063 91 94 8064 16 16 8065 15 15 8066 94 88 8067 15 15 8068 14 95 8069 97 91 8070 14 95 8071 1 13 8072 96 92 8073 97 91 8074 43 73 8075 96 92 8076 42 96 8077 41 71 8078 95 90 8079 41 71 8080 5 55 8081 92 86 8082 95 90 8083 34 97 8084 89 87 8085 92 86 8086 33 53 8087 142 98 8088 145 103 8089 146 99 8090 143 100 8091 146 99 8092 147 101 8093 145 103 8094 148 116 8095 149 104 8096 146 99 8097 149 104 8098 150 105 8099 98 106 8100 108 121 8101 142 98 8102 109 107 8103 142 98 8104 143 100 8105 110 108 8106 143 100 8107 144 102 8108 144 102 8109 112 112 8110 99 110 8111 144 102 8112 147 101 8113 113 111 8114 147 101 8115 150 105 8116 114 113 8117 150 105 8118 115 115 8119 101 114 8120 149 104 8121 116 117 8122 115 115 8123 148 116 8124 117 130 8125 116 117 8126 100 118 8127 117 130 8128 148 116 8129 107 120 8130 106 119 8131 148 116 8132 108 121 8133 107 120 8134 145 103 8135 151 122 8136 154 128 8137 155 123 8138 152 124 8139 155 123 8140 156 125 8141 157 127 8142 158 129 8143 155 123 8144 158 129 8145 159 134 8146 156 125 8147 100 118 8148 120 141 8149 151 122 8150 117 130 8151 151 122 8152 152 124 8153 116 117 8154 152 124 8155 153 126 8156 153 126 8157 121 131 8158 101 114 8159 156 125 8160 122 133 8161 121 131 8162 156 125 8163 159 134 8164 123 132 8165 159 134 8166 124 150 8167 105 135 8168 125 136 8169 124 150 8170 159 134 8171 126 137 8172 125 136 8173 158 129 8174 104 138 8175 126 137 8176 157 127 8177 118 139 8178 157 127 8179 154 128 8180 120 141 8181 119 140 8182 154 128 8183 163 142 8184 164 145 8185 161 143 8186 164 145 8187 165 149 8188 162 146 8189 166 147 8190 167 148 8191 164 145 8192 167 148 8193 168 152 8194 165 149 8195 104 138 8196 129 161 8197 160 144 8198 160 144 8199 161 143 8200 125 136 8201 161 143 8202 162 146 8203 124 150 8204 162 146 8205 130 151 8206 105 135 8207 165 149 8208 131 153 8209 130 151 8210 168 152 8211 132 155 8212 131 153 8213 168 152 8214 133 170 8215 103 154 8216 134 156 8217 133 170 8218 168 152 8219 135 157 8220 134 156 8221 167 148 8222 102 158 8223 135 157 8224 166 147 8225 127 159 8226 166 147 8227 163 142 8228 128 160 8229 163 142 8230 160 144 8231 172 162 8232 173 165 8233 170 163 8234 173 165 8235 174 169 8236 171 166 8237 172 162 8238 175 174 8239 176 167 8240 173 165 8241 176 167 8242 177 168 8243 102 158 8244 138 177 8245 169 164 8246 169 164 8247 170 163 8248 134 156 8249 170 163 8250 171 166 8251 133 170 8252 171 166 8253 139 171 8254 103 154 8255 174 169 8256 140 173 8257 139 171 8258 174 169 8259 177 168 8260 141 172 8261 177 168 8262 111 109 8263 99 110 8264 176 167 8265 110 108 8266 111 109 8267 175 174 8268 109 107 8269 110 108 8270 98 106 8271 109 107 8272 175 174 8273 136 175 8274 175 174 8275 172 162 8276 138 177 8277 137 176 8278 172 162 8279 178 178 8280 181 182 8281 182 179 8282 182 179 8283 183 184 8284 180 181 8285 181 182 8286 184 186 8287 185 183 8288 185 183 8289 186 185 8290 183 184 8291 106 119 8292 178 178 8293 120 141 8294 178 178 8295 179 180 8296 119 140 8297 119 140 8298 179 180 8299 180 181 8300 118 139 8301 180 181 8302 129 161 8303 183 184 8304 128 160 8305 129 161 8306 186 185 8307 127 159 8308 128 160 8309 138 177 8310 102 158 8311 127 159 8312 137 176 8313 138 177 8314 186 185 8315 184 186 8316 136 175 8317 137 176 8318 108 121 8319 98 106 8320 136 175 8321 107 120 8322 108 121 8323 184 186 8324 106 119 8325 107 120 8326 181 182 8327 190 187 8328 191 193 8329 188 188 8330 188 188 8331 191 193 8332 192 190 8333 193 192 8334 194 195 8335 191 193 8336 191 193 8337 194 195 8338 195 194 8339 130 151 8340 187 189 8341 123 132 8342 187 189 8343 188 188 8344 122 133 8345 122 133 8346 188 188 8347 189 191 8348 121 131 8349 189 191 8350 114 113 8351 189 191 8352 192 190 8353 113 111 8354 192 190 8355 195 194 8356 112 112 8357 195 194 8358 141 172 8359 99 110 8360 194 195 8361 140 173 8362 141 172 8363 139 171 8364 140 173 8365 194 195 8366 103 154 8367 139 171 8368 193 192 8369 132 155 8370 193 192 8371 190 187 8372 131 153 8373 190 187 8374 187 189 8375 268 196 8376 269 200 8377 272 197 8378 270 199 8379 273 211 8380 272 197 8381 272 197 8382 275 203 8383 274 201 8384 272 197 8385 273 211 8386 276 202 8387 196 204 8388 240 206 8389 268 196 8390 240 206 8391 239 208 8392 269 200 8393 238 207 8394 270 199 8395 269 200 8396 200 209 8397 237 210 8398 270 199 8399 237 210 8400 236 212 8401 273 211 8402 236 212 8403 235 249 8404 276 202 8405 276 202 8406 235 249 8407 202 213 8408 275 203 8409 276 202 8410 228 214 8411 275 203 8412 227 215 8413 226 216 8414 274 201 8415 226 216 8416 198 217 8417 230 219 8418 271 198 8419 274 201 8420 229 205 8421 268 196 8422 271 198 8423 277 220 8424 278 224 8425 281 221 8426 279 223 8427 282 233 8428 281 221 8429 281 221 8430 284 227 8431 283 225 8432 281 221 8433 282 233 8434 285 226 8435 199 228 8436 222 230 8437 277 220 8438 222 230 8439 221 231 8440 278 224 8441 221 231 8442 220 232 8443 279 223 8444 198 217 8445 226 216 8446 279 223 8447 226 216 8448 227 215 8449 282 233 8450 282 233 8451 227 215 8452 228 214 8453 285 226 8454 228 214 8455 202 213 8456 285 226 8457 219 234 8458 218 235 8459 284 227 8460 218 235 8461 217 236 8462 283 225 8463 217 236 8464 203 237 8465 280 222 8466 283 225 8467 232 238 8468 234 229 8469 277 220 8470 280 222 8471 287 240 8472 290 244 8473 289 241 8474 288 243 8475 291 246 8476 290 244 8477 290 244 8478 293 247 8479 292 245 8480 291 246 8481 294 250 8482 293 247 8483 203 237 8484 217 236 8485 286 242 8486 218 235 8487 287 240 8488 286 242 8489 219 234 8490 288 243 8491 287 240 8492 202 213 8493 235 249 8494 288 243 8495 235 249 8496 236 212 8497 291 246 8498 236 212 8499 237 210 8500 294 250 8501 237 210 8502 200 209 8503 223 251 8504 294 250 8505 223 251 8506 224 252 8507 293 247 8508 224 252 8509 225 253 8510 208 254 8511 292 245 8512 225 253 8513 209 256 8514 289 241 8515 292 245 8516 210 248 8517 286 242 8518 289 241 8519 296 257 8520 299 261 8521 298 258 8522 296 257 8523 297 268 8524 300 260 8525 299 261 8526 302 264 8527 301 262 8528 299 261 8529 300 260 8530 303 263 8531 213 265 8532 295 259 8533 261 266 8534 212 267 8535 296 257 8536 295 259 8537 212 267 8538 211 269 8539 297 268 8540 211 269 8541 197 290 8542 256 270 8543 297 268 8544 256 270 8545 257 271 8546 300 260 8547 257 271 8548 258 272 8549 303 263 8550 258 272 8551 204 273 8552 302 264 8553 303 263 8554 247 274 8555 302 264 8556 248 275 8557 249 276 8558 301 262 8559 249 276 8560 206 277 8561 298 258 8562 301 262 8563 259 278 8564 295 259 8565 298 258 8566 260 279 8567 304 280 8568 305 283 8569 308 281 8570 305 283 8571 306 292 8572 309 284 8573 307 282 8574 308 281 8575 311 285 8576 308 281 8577 309 284 8578 312 287 8579 216 288 8580 304 280 8581 243 289 8582 216 288 8583 215 291 8584 305 283 8585 215 291 8586 214 293 8587 306 292 8588 214 293 8589 196 204 8590 229 205 8591 306 292 8592 229 205 8593 230 219 8594 309 284 8595 230 219 8596 231 218 8597 312 287 8598 231 218 8599 198 217 8600 311 285 8601 312 287 8602 220 232 8603 310 286 8604 311 285 8605 221 231 8606 310 286 8607 222 230 8608 199 228 8609 307 282 8610 310 286 8611 241 294 8612 304 280 8613 307 282 8614 242 295 8615 313 296 8616 314 300 8617 317 297 8618 315 299 8619 318 304 8620 317 297 8621 317 297 8622 320 303 8623 319 301 8624 317 297 8625 318 304 8626 321 302 8627 201 255 8628 225 253 8629 313 296 8630 224 252 8631 314 300 8632 313 296 8633 223 251 8634 315 299 8635 314 300 8636 200 209 8637 238 207 8638 315 299 8639 315 299 8640 238 207 8641 239 208 8642 239 208 8643 240 206 8644 321 302 8645 321 302 8646 240 206 8647 196 204 8648 320 303 8649 321 302 8650 214 293 8651 319 301 8652 320 303 8653 215 291 8654 319 301 8655 216 288 8656 197 290 8657 316 298 8658 319 301 8659 211 269 8660 213 265 8661 313 296 8662 316 298 8663 322 305 8664 323 309 8665 326 306 8666 324 308 8667 327 312 8668 326 306 8669 325 307 8670 326 306 8671 329 310 8672 327 312 8673 330 316 8674 329 310 8675 206 277 8676 249 276 8677 322 305 8678 249 276 8679 248 275 8680 323 309 8681 247 274 8682 324 308 8683 323 309 8684 204 273 8685 255 314 8686 324 308 8687 255 314 8688 254 315 8689 327 312 8690 254 315 8691 253 317 8692 330 316 8693 253 317 8694 205 336 8695 252 318 8696 330 316 8697 252 318 8698 251 319 8699 328 311 8700 329 310 8701 251 319 8702 246 321 8703 328 311 8704 250 320 8705 245 323 8706 325 307 8707 328 311 8708 244 313 8709 322 305 8710 325 307 8711 331 324 8712 332 328 8713 335 325 8714 333 327 8715 336 331 8716 335 325 8717 334 326 8718 335 325 8719 338 329 8720 336 331 8721 339 335 8722 338 329 8723 199 228 8724 234 229 8725 331 324 8726 234 229 8727 233 239 8728 332 328 8729 232 238 8730 333 327 8731 332 328 8732 203 237 8733 262 333 8734 333 327 8735 262 333 8736 263 334 8737 336 331 8738 263 334 8739 264 348 8740 339 335 8741 339 335 8742 264 348 8743 207 322 8744 338 329 8745 339 335 8746 250 320 8747 338 329 8748 251 319 8749 252 318 8750 337 330 8751 252 318 8752 205 336 8753 266 338 8754 334 326 8755 337 330 8756 267 332 8757 331 324 8758 334 326 8759 341 339 8760 344 343 8761 343 340 8762 342 342 8763 345 345 8764 344 343 8765 344 343 8766 347 346 8767 346 344 8768 345 345 8769 348 347 8770 347 346 8771 210 248 8772 340 341 8773 262 333 8774 209 256 8775 341 339 8776 340 341 8777 208 254 8778 342 342 8779 341 339 8780 201 255 8781 261 266 8782 342 342 8783 261 266 8784 260 279 8785 345 345 8786 260 279 8787 259 278 8788 348 347 8789 259 278 8790 206 277 8791 244 313 8792 348 347 8793 244 313 8794 245 323 8795 347 346 8796 245 323 8797 246 321 8798 346 344 8799 246 321 8800 207 322 8801 343 340 8802 346 344 8803 264 348 8804 340 341 8805 343 340 8806 263 334 8807 349 349 8808 350 352 8809 353 350 8810 350 352 8811 351 357 8812 354 353 8813 352 351 8814 353 350 8815 356 354 8816 353 350 8817 354 353 8818 357 356 8819 197 290 8820 243 289 8821 349 349 8822 243 289 8823 242 295 8824 350 352 8825 242 295 8826 241 294 8827 351 357 8828 241 294 8829 199 228 8830 267 332 8831 351 357 8832 267 332 8833 266 338 8834 354 353 8835 266 338 8836 265 337 8837 357 356 8838 265 337 8839 205 336 8840 356 354 8841 357 356 8842 253 317 8843 355 355 8844 356 354 8845 254 315 8846 258 272 8847 355 355 8848 255 314 8849 257 271 8850 352 351 8851 355 355 8852 256 270 8853 349 349 8854 352 351 8855 402 358 8856 403 361 8857 406 359 8858 403 361 8859 404 370 8860 407 362 8861 405 360 8862 406 359 8863 409 363 8864 406 359 8865 407 362 8866 410 365 8867 358 366 8868 374 368 8869 402 358 8870 374 368 8871 373 369 8872 403 361 8873 373 369 8874 372 371 8875 404 370 8876 372 371 8877 360 441 8878 371 372 8879 404 370 8880 371 372 8881 370 373 8882 407 362 8883 370 373 8884 369 374 8885 410 365 8886 369 374 8887 361 375 8888 409 363 8889 410 365 8890 377 376 8891 408 364 8892 409 363 8893 376 377 8894 366 379 8895 408 364 8896 375 378 8897 367 381 8898 405 360 8899 408 364 8900 368 367 8901 402 358 8902 405 360 8903 411 382 8904 412 385 8905 415 383 8906 412 385 8907 413 394 8908 416 386 8909 414 384 8910 415 383 8911 418 387 8912 415 383 8913 416 386 8914 419 389 8915 363 390 8916 380 392 8917 411 382 8918 380 392 8919 379 393 8920 412 385 8921 379 393 8922 378 395 8923 413 394 8924 378 395 8925 362 418 8926 387 396 8927 413 394 8928 387 396 8929 388 397 8930 416 386 8931 388 397 8932 389 398 8933 419 389 8934 389 398 8935 364 399 8936 418 387 8937 419 389 8938 381 400 8939 417 388 8940 418 387 8941 382 401 8942 384 403 8943 417 388 8944 383 402 8945 385 405 8946 414 384 8947 417 388 8948 386 391 8949 411 382 8950 414 384 8951 420 406 8952 421 409 8953 424 407 8954 421 409 8955 422 414 8956 425 410 8957 424 407 8958 427 412 8959 426 411 8960 425 410 8961 428 417 8962 427 412 8963 359 380 8964 375 378 8965 420 406 8966 375 378 8967 376 377 8968 421 409 8969 376 377 8970 377 376 8971 422 414 8972 361 375 8973 390 415 8974 422 414 8975 390 415 8976 391 433 8977 425 410 8978 425 410 8979 391 433 8980 392 416 8981 428 417 8982 392 416 8983 364 399 8984 428 417 8985 389 398 8986 388 397 8987 427 412 8988 388 397 8989 387 396 8990 426 411 8991 387 396 8992 362 418 8993 423 408 8994 426 411 8995 393 419 8996 395 413 8997 420 406 8998 423 408 8999 430 421 9000 433 425 9001 432 422 9002 431 424 9003 434 431 9004 433 425 9005 432 422 9006 433 425 9007 436 426 9008 433 425 9009 434 431 9010 437 428 9011 369 374 9012 429 423 9013 390 415 9014 370 373 9015 430 421 9016 429 423 9017 371 372 9018 431 424 9019 430 421 9020 371 372 9021 360 441 9022 396 429 9023 431 424 9024 396 429 9025 397 430 9026 397 430 9027 398 432 9028 437 428 9029 398 432 9030 365 404 9031 383 402 9032 436 426 9033 437 428 9034 383 402 9035 435 427 9036 436 426 9037 382 401 9038 392 416 9039 435 427 9040 381 400 9041 391 433 9042 432 422 9043 435 427 9044 429 423 9045 432 422 9046 391 433 9047 438 434 9048 439 437 9049 442 435 9050 439 437 9051 440 442 9052 443 438 9053 442 435 9054 445 440 9055 444 439 9056 443 438 9057 446 445 9058 445 440 9059 360 441 9060 372 371 9061 438 434 9062 372 371 9063 373 369 9064 439 437 9065 373 369 9066 374 368 9067 440 442 9068 374 368 9069 358 366 9070 399 443 9071 440 442 9072 399 443 9073 400 444 9074 400 444 9075 401 446 9076 446 445 9077 401 446 9078 363 390 9079 386 391 9080 446 445 9081 386 391 9082 385 405 9083 445 440 9084 385 405 9085 384 403 9086 444 439 9087 384 403 9088 365 404 9089 441 436 9090 444 439 9091 398 432 9092 396 429 9093 438 434 9094 441 436 9095 448 447 9096 451 451 9097 450 448 9098 449 450 9099 452 455 9100 451 451 9101 450 448 9102 451 451 9103 454 452 9104 451 451 9105 452 455 9106 455 454 9107 368 367 9108 447 449 9109 399 443 9110 367 381 9111 448 447 9112 447 449 9113 366 379 9114 449 450 9115 448 447 9116 359 380 9117 395 413 9118 449 450 9119 395 413 9120 394 420 9121 452 455 9122 394 420 9123 393 419 9124 455 454 9125 455 454 9126 393 419 9127 362 418 9128 454 452 9129 455 454 9130 378 395 9131 453 453 9132 454 452 9133 379 393 9134 401 446 9135 453 453 9136 380 392 9137 400 444 9138 450 448 9139 453 453 9140 447 449 9141 450 448 9142 400 444 9143 500 456 9144 503 461 9145 504 457 9146 501 458 9147 504 457 9148 505 459 9149 503 461 9150 506 474 9151 507 462 9152 504 457 9153 507 462 9154 508 463 9155 456 464 9156 466 479 9157 500 456 9158 472 465 9159 500 456 9160 501 458 9161 471 466 9162 501 458 9163 502 460 9164 470 467 9165 502 460 9166 469 468 9167 502 460 9168 505 459 9169 468 470 9170 505 459 9171 508 463 9172 467 471 9173 508 463 9174 475 473 9175 459 472 9176 507 462 9177 474 475 9178 475 473 9179 506 474 9180 473 477 9181 474 475 9182 464 476 9183 457 512 9184 473 477 9185 465 478 9186 464 476 9187 506 474 9188 466 479 9189 465 478 9190 503 461 9191 509 480 9192 512 485 9193 513 481 9194 510 482 9195 513 481 9196 514 483 9197 512 485 9198 515 498 9199 516 486 9200 513 481 9201 516 486 9202 517 487 9203 461 488 9204 484 503 9205 509 480 9206 478 489 9207 509 480 9208 510 482 9209 477 490 9210 510 482 9211 511 484 9212 476 491 9213 511 484 9214 485 492 9215 511 484 9216 514 483 9217 486 494 9218 514 483 9219 517 487 9220 487 495 9221 517 487 9222 479 497 9223 462 496 9224 516 486 9225 480 499 9226 479 497 9227 515 498 9228 481 501 9229 480 499 9230 482 500 9231 463 544 9232 481 501 9233 483 502 9234 482 500 9235 515 498 9236 484 503 9237 483 502 9238 512 485 9239 518 504 9240 521 510 9241 522 505 9242 519 506 9243 522 505 9244 523 507 9245 524 509 9246 525 511 9247 522 505 9248 525 511 9249 526 516 9250 523 507 9251 457 512 9252 493 519 9253 518 504 9254 473 477 9255 518 504 9256 519 506 9257 474 475 9258 519 506 9259 520 508 9260 520 508 9261 488 513 9262 459 472 9263 523 507 9264 489 515 9265 488 513 9266 523 507 9267 526 516 9268 490 514 9269 526 516 9270 487 495 9271 462 496 9272 486 494 9273 487 495 9274 526 516 9275 485 492 9276 486 494 9277 525 511 9278 460 493 9279 485 492 9280 524 509 9281 491 517 9282 524 509 9283 521 510 9284 493 519 9285 492 518 9286 521 510 9287 530 520 9288 531 523 9289 528 521 9290 531 523 9291 532 527 9292 529 524 9293 530 520 9294 533 531 9295 534 525 9296 531 523 9297 534 525 9298 535 526 9299 488 513 9300 527 522 9301 467 471 9302 527 522 9303 528 521 9304 468 470 9305 528 521 9306 529 524 9307 469 468 9308 469 468 9309 529 524 9310 494 528 9311 529 524 9312 532 527 9313 495 529 9314 535 526 9315 496 530 9316 495 529 9317 481 501 9318 463 544 9319 496 530 9320 534 525 9321 480 499 9322 481 501 9323 533 531 9324 479 497 9325 480 499 9326 490 514 9327 462 496 9328 479 497 9329 489 515 9330 490 514 9331 533 531 9332 489 515 9333 530 520 9334 527 522 9335 536 532 9336 539 538 9337 540 533 9338 537 534 9339 540 533 9340 541 535 9341 542 537 9342 543 539 9343 540 533 9344 543 539 9345 544 542 9346 541 535 9347 458 469 9348 494 528 9349 536 532 9350 470 467 9351 536 532 9352 537 534 9353 471 466 9354 537 534 9355 538 536 9356 472 465 9357 538 536 9358 497 540 9359 538 536 9360 541 535 9361 498 541 9362 544 542 9363 499 543 9364 498 541 9365 484 503 9366 461 488 9367 499 543 9368 483 502 9369 484 503 9370 544 542 9371 482 500 9372 483 502 9373 543 539 9374 463 544 9375 482 500 9376 542 537 9377 496 530 9378 542 537 9379 539 538 9380 494 528 9381 495 529 9382 539 538 9383 548 545 9384 549 548 9385 546 546 9386 549 548 9387 550 552 9388 547 549 9389 548 545 9390 551 553 9391 552 550 9392 549 548 9393 552 550 9394 553 551 9395 497 540 9396 545 547 9397 466 479 9398 545 547 9399 546 546 9400 465 478 9401 546 546 9402 547 549 9403 464 476 9404 547 549 9405 493 519 9406 457 512 9407 550 552 9408 492 518 9409 493 519 9410 553 551 9411 491 517 9412 492 518 9413 553 551 9414 476 491 9415 460 493 9416 552 550 9417 477 490 9418 476 491 9419 551 553 9420 478 489 9421 477 490 9422 499 543 9423 461 488 9424 478 489 9425 498 541 9426 499 543 9427 551 553 9428 498 541 9429 548 545 9430 545 547 9431 598 554 9432 599 558 9433 602 555 9434 600 557 9435 603 569 9436 602 555 9437 602 555 9438 605 561 9439 604 559 9440 602 555 9441 603 569 9442 606 560 9443 554 562 9444 594 564 9445 598 554 9446 594 564 9447 593 566 9448 599 558 9449 592 565 9450 600 557 9451 599 558 9452 558 567 9453 591 568 9454 600 557 9455 591 568 9456 590 2645 9457 603 569 9458 603 569 9459 590 2645 9460 589 570 9461 606 560 9462 589 570 9463 560 571 9464 605 561 9465 606 560 9466 582 572 9467 605 561 9468 581 573 9469 580 574 9470 604 559 9471 580 574 9472 556 575 9473 601 556 9474 604 559 9475 585 576 9476 583 563 9477 598 554 9478 601 556 9479 607 578 9480 608 582 9481 611 579 9482 609 581 9483 612 591 9484 611 579 9485 611 579 9486 614 585 9487 613 583 9488 611 579 9489 612 591 9490 615 584 9491 557 586 9492 576 588 9493 607 578 9494 576 588 9495 575 590 9496 608 582 9497 574 589 9498 609 581 9499 608 582 9500 556 575 9501 580 574 9502 609 581 9503 580 574 9504 581 573 9505 612 591 9506 612 591 9507 581 573 9508 582 572 9509 615 584 9510 582 572 9511 560 571 9512 614 585 9513 615 584 9514 573 592 9515 614 585 9516 572 593 9517 571 594 9518 613 583 9519 571 594 9520 561 595 9521 610 580 9522 613 583 9523 586 596 9524 588 587 9525 607 578 9526 610 580 9527 616 598 9528 617 602 9529 620 599 9530 618 601 9531 621 607 9532 620 599 9533 620 599 9534 623 605 9535 622 603 9536 620 599 9537 621 607 9538 624 604 9539 561 595 9540 571 594 9541 616 598 9542 571 594 9543 572 593 9544 617 602 9545 573 592 9546 618 601 9547 617 602 9548 560 571 9549 589 570 9550 618 601 9551 589 570 9552 590 2645 9553 621 607 9554 621 607 9555 590 2645 9556 591 568 9557 624 604 9558 591 568 9559 558 567 9560 623 605 9561 624 604 9562 577 608 9563 623 605 9564 578 609 9565 579 610 9566 622 603 9567 579 610 9568 559 611 9569 619 600 9570 622 603 9571 562 612 9572 564 606 9573 616 598 9574 619 600 9575 625 614 9576 626 618 9577 629 615 9578 627 617 9579 630 627 9580 629 615 9581 629 615 9582 632 621 9583 631 619 9584 629 615 9585 630 627 9586 633 620 9587 559 611 9588 567 622 9589 625 614 9590 567 622 9591 566 624 9592 626 618 9593 565 623 9594 627 617 9595 626 618 9596 555 625 9597 597 626 9598 627 617 9599 597 626 9600 596 641 9601 630 627 9602 630 627 9603 596 641 9604 595 628 9605 633 620 9606 595 628 9607 557 586 9608 632 621 9609 633 620 9610 588 587 9611 632 621 9612 587 597 9613 586 596 9614 631 619 9615 586 596 9616 561 595 9617 628 616 9618 631 619 9619 564 606 9620 562 612 9621 625 614 9622 628 616 9623 634 629 9624 635 633 9625 638 630 9626 636 632 9627 639 640 9628 638 630 9629 638 630 9630 641 636 9631 640 634 9632 638 630 9633 639 640 9634 642 635 9635 555 625 9636 570 637 9637 634 629 9638 570 637 9639 569 639 9640 635 633 9641 568 638 9642 636 632 9643 635 633 9644 554 562 9645 583 563 9646 636 632 9647 583 563 9648 584 577 9649 639 640 9650 639 640 9651 584 577 9652 585 576 9653 642 635 9654 585 576 9655 556 575 9656 641 636 9657 642 635 9658 574 589 9659 641 636 9660 575 590 9661 576 588 9662 640 634 9663 576 588 9664 557 586 9665 637 631 9666 640 634 9667 595 628 9668 597 626 9669 634 629 9670 637 631 9671 643 642 9672 644 646 9673 647 643 9674 645 645 9675 648 650 9676 647 643 9677 647 643 9678 650 649 9679 649 647 9680 647 643 9681 648 650 9682 651 648 9683 559 611 9684 579 610 9685 643 642 9686 579 610 9687 578 609 9688 644 646 9689 577 608 9690 645 645 9691 644 646 9692 558 567 9693 592 565 9694 645 645 9695 592 565 9696 593 566 9697 648 650 9698 648 650 9699 593 566 9700 594 564 9701 651 648 9702 594 564 9703 554 562 9704 650 649 9705 651 648 9706 568 638 9707 650 649 9708 569 639 9709 570 637 9710 649 647 9711 570 637 9712 555 625 9713 646 644 9714 649 647 9715 565 623 9716 567 622 9717 643 642 9718 646 644 9719</p>
        </triangles>
        <triangles material="Material_001-material" count="3072">
          <input semantic="VERTEX" source="#Cube_012-mesh-vertices" offset="0"/>
          <input semantic="NORMAL" source="#Cube_012-mesh-normals" offset="1"/>
          <input semantic="TEXCOORD" source="#Cube_012-mesh-map-0" offset="2" set="0"/>
          <p>1134 784 2304 1136 785 2305 1133 786 2306 1134 784 2307 1138 787 2308 1137 788 2309 1136 785 2310 1140 789 2311 1139 790 2312 1138 787 2313 1140 789 2314 1137 788 2315 845 791 2316 850 792 2317 790 793 2318 846 794 2319 1133 786 2320 845 791 2321 846 794 2322 1135 795 2323 1134 784 2324 847 796 2325 854 797 2326 1135 795 2327 1135 795 2328 855 798 2329 1138 787 2330 855 798 2331 1141 799 2332 1138 787 2333 856 800 2334 851 801 2335 1141 799 2336 1141 799 2337 852 802 2338 1140 789 2339 1139 790 2340 852 802 2341 853 803 2342 848 804 2343 853 803 2344 792 805 2345 849 806 2346 1139 790 2347 848 804 2348 1133 786 2349 849 806 2350 850 792 2351 1143 807 2352 1145 808 2353 1142 809 2354 1143 807 2355 1147 810 2356 1146 811 2357 1145 808 2358 1149 812 2359 1148 813 2360 1147 810 2361 1149 812 2362 1146 811 2363 862 814 2364 857 815 2365 793 816 2366 861 817 2367 1142 809 2368 862 814 2369 861 817 2370 1144 818 2371 1143 807 2372 860 819 2373 865 820 2374 1144 818 2375 1144 818 2376 864 821 2377 1147 810 2378 864 821 2379 1150 822 2380 1147 810 2381 863 823 2382 868 824 2383 1150 822 2384 1150 822 2385 867 825 2386 1149 812 2387 1148 813 2388 867 825 2389 866 826 2390 859 827 2391 866 826 2392 794 828 2393 858 829 2394 1148 813 2395 859 827 2396 1142 809 2397 858 829 2398 857 815 2399 1151 830 2400 1155 831 2401 1154 832 2402 1153 833 2403 1155 831 2404 1152 834 2405 1155 831 2406 1157 835 2407 1154 832 2408 1155 831 2409 1159 836 2410 1158 837 2411 791 838 2412 1151 830 2413 874 839 2414 856 800 2415 1152 834 2416 1151 830 2417 854 797 2418 1152 834 2419 855 798 2420 789 840 2421 1153 833 2422 854 797 2423 869 841 2424 1156 842 2425 1153 833 2426 1156 842 2427 871 843 2428 1159 836 2429 1159 836 2430 794 828 2431 866 826 2432 1158 837 2433 866 826 2434 867 825 2435 1158 837 2436 868 824 2437 1157 835 2438 1157 835 2439 796 844 2440 872 845 2441 1154 832 2442 872 845 2443 873 846 2444 874 839 2445 1154 832 2446 873 846 2447 1160 847 2448 1164 848 2449 1163 849 2450 1162 850 2451 1164 848 2452 1161 851 2453 1164 848 2454 1166 852 2455 1163 849 2456 1164 848 2457 1168 853 2458 1167 854 2459 790 793 2460 1160 847 2461 880 855 2462 850 792 2463 1161 851 2464 1160 847 2465 848 804 2466 1161 851 2467 849 806 2468 792 805 2469 1162 850 2470 848 804 2471 875 856 2472 1165 857 2473 1162 850 2474 1165 857 2475 877 858 2476 1168 853 2477 1168 853 2478 795 859 2479 860 819 2480 1167 854 2481 860 819 2482 861 817 2483 1167 854 2484 862 814 2485 1166 852 2486 1166 852 2487 793 816 2488 878 860 2489 1163 849 2490 878 860 2491 879 861 2492 880 855 2493 1163 849 2494 879 861 2495 1169 862 2496 1173 863 2497 1172 864 2498 1171 865 2499 1173 863 2500 1170 866 2501 1173 863 2502 1175 867 2503 1172 864 2504 1173 863 2505 1177 868 2506 1176 869 2507 792 805 2508 1169 862 2509 875 856 2510 853 803 2511 1170 866 2512 1169 862 2513 851 801 2514 1170 866 2515 852 802 2516 791 838 2517 1171 865 2518 851 801 2519 874 839 2520 1174 870 2521 1171 865 2522 1174 870 2523 872 845 2524 1177 868 2525 1177 868 2526 796 844 2527 863 823 2528 1176 869 2529 863 823 2530 864 821 2531 1176 869 2532 865 820 2533 1175 867 2534 1175 867 2535 795 859 2536 877 858 2537 1172 864 2538 877 858 2539 876 871 2540 875 856 2541 1172 864 2542 876 871 2543 1178 872 2544 1182 873 2545 1181 874 2546 1180 875 2547 1182 873 2548 1179 876 2549 1182 873 2550 1184 877 2551 1181 874 2552 1182 873 2553 1186 878 2554 1185 879 2555 789 840 2556 1178 872 2557 869 841 2558 847 796 2559 1179 876 2560 1178 872 2561 845 791 2562 1179 876 2563 846 794 2564 790 793 2565 1180 875 2566 845 791 2567 880 855 2568 1183 880 2569 1180 875 2570 1183 880 2571 878 860 2572 1186 878 2573 1186 878 2574 793 816 2575 857 815 2576 1185 879 2577 857 815 2578 858 829 2579 1185 879 2580 859 827 2581 1184 877 2582 1184 877 2583 794 828 2584 871 843 2585 1181 874 2586 871 843 2587 870 881 2588 869 841 2589 1181 874 2590 870 881 2591 1187 882 2592 1191 883 2593 1190 884 2594 1188 885 2595 1192 886 2596 1191 883 2597 1191 883 2598 1193 887 2599 1190 884 2600 1192 886 2601 1194 888 2602 1191 883 2603 805 889 2604 1187 882 2605 938 890 2606 881 891 2607 1188 885 2608 1187 882 2609 882 892 2610 1189 893 2611 1188 885 2612 883 894 2613 890 895 2614 1189 893 2615 1189 893 2616 891 896 2617 1192 886 2618 891 896 2619 1195 897 2620 1192 886 2621 892 898 2622 920 899 2623 1195 897 2624 1195 897 2625 921 900 2626 1194 888 2627 1194 888 2628 922 901 2629 1193 887 2630 1193 887 2631 806 902 2632 940 903 2633 1190 884 2634 940 903 2635 939 904 2636 938 890 2637 1190 884 2638 939 904 2639 1196 905 2640 1200 906 2641 1199 907 2642 1197 908 2643 1201 909 2644 1200 906 2645 1199 907 2646 1203 910 2647 1202 911 2648 1200 906 2649 1204 912 2650 1203 910 2651 807 913 2652 1196 905 2653 893 914 2654 937 915 2655 1197 908 2656 1196 905 2657 936 916 2658 1198 917 2659 1197 908 2660 935 918 2661 928 919 2662 1198 917 2663 1198 917 2664 927 920 2665 1201 909 2666 1201 909 2667 926 921 2668 1204 912 2669 1204 912 2670 804 922 2671 904 923 2672 1203 910 2673 904 923 2674 903 924 2675 1202 911 2676 903 924 2677 902 925 2678 1202 911 2679 802 926 2680 895 927 2681 1199 907 2682 895 927 2683 894 928 2684 1196 905 2685 894 928 2686 893 914 2687 1206 929 2688 1208 930 2689 1205 931 2690 1207 932 2691 1209 933 2692 1206 929 2693 1209 933 2694 1211 934 2695 1208 930 2696 1210 935 2697 1212 936 2698 1209 933 2699 949 937 2700 962 938 2701 811 939 2702 948 940 2703 1205 931 2704 949 937 2705 947 941 2706 1206 929 2707 948 940 2708 797 942 2709 1207 932 2710 947 941 2711 905 943 2712 1210 935 2713 1207 932 2714 906 944 2715 1213 945 2716 1210 935 2717 907 946 2718 950 947 2719 1213 945 2720 1213 945 2721 951 948 2722 1212 936 2723 1212 936 2724 952 949 2725 1211 934 2726 1211 934 2727 812 950 2728 964 951 2729 1208 930 2730 964 951 2731 963 952 2732 1205 931 2733 963 952 2734 962 938 2735 1215 953 2736 1217 954 2737 1214 955 2738 1216 956 2739 1218 957 2740 1215 953 2741 1218 957 2742 1220 958 2743 1217 954 2744 1218 957 2745 1222 959 2746 1221 960 2747 800 961 2748 1214 955 2749 913 962 2750 891 896 2751 1214 955 2752 892 898 2753 890 895 2754 1215 953 2755 891 896 2756 798 963 2757 1216 956 2758 890 895 2759 1216 956 2760 909 964 2761 1219 965 2762 1219 965 2763 908 966 2764 1222 959 2765 1222 959 2766 802 926 2767 902 925 2768 1221 960 2769 902 925 2770 903 924 2771 1221 960 2772 904 923 2773 1220 958 2774 1220 958 2775 804 922 2776 911 967 2777 1217 954 2778 911 967 2779 912 968 2780 1214 955 2781 912 968 2782 913 962 2783 1224 969 2784 1226 970 2785 1223 971 2786 1225 972 2787 1227 973 2788 1224 969 2789 1227 973 2790 1229 974 2791 1226 970 2792 1228 975 2793 1230 976 2794 1227 973 2795 886 977 2796 905 943 2797 797 942 2798 885 978 2799 1223 971 2800 886 977 2801 884 979 2802 1224 969 2803 885 978 2804 799 980 2805 1225 972 2806 884 979 2807 1225 972 2808 915 981 2809 1228 975 2810 1228 975 2811 916 982 2812 1231 983 2813 1231 983 2814 803 984 2815 896 985 2816 1231 983 2817 897 986 2818 1230 976 2819 1230 976 2820 898 987 2821 1229 974 2822 1229 974 2823 801 988 2824 907 946 2825 1226 970 2826 907 946 2827 906 944 2828 1223 971 2829 906 944 2830 905 943 2831 1233 989 2832 1235 990 2833 1232 991 2834 1234 992 2835 1236 993 2836 1233 989 2837 1236 993 2838 1238 994 2839 1235 990 2840 1237 995 2841 1239 996 2842 1236 993 2843 922 901 2844 929 997 2845 806 902 2846 921 900 2847 1232 991 2848 922 901 2849 920 899 2850 1233 989 2851 921 900 2852 800 961 2853 1234 992 2854 920 899 2855 913 962 2856 1237 995 2857 1234 992 2858 912 968 2859 1240 998 2860 1237 995 2861 911 967 2862 926 921 2863 1240 998 2864 1240 998 2865 927 920 2866 1239 996 2867 1239 996 2868 928 919 2869 1238 994 2870 1238 994 2871 808 999 2872 931 1000 2873 1235 990 2874 931 1000 2875 930 1001 2876 1232 991 2877 930 1001 2878 929 997 2879 1241 1002 2880 1245 1003 2881 1244 1004 2882 1242 1005 2883 1246 1006 2884 1245 1003 2885 1244 1004 2886 1248 1007 2887 1247 1008 2888 1245 1003 2889 1249 1009 2890 1248 1007 2891 809 1010 2892 1241 1002 2893 959 1011 2894 943 1012 2895 1242 1005 2896 1241 1002 2897 942 1013 2898 1243 1014 2899 1242 1005 2900 941 1015 2901 929 997 2902 1243 1014 2903 1243 1014 2904 930 1001 2905 1246 1006 2906 1246 1006 2907 931 1000 2908 1249 1009 2909 931 1000 2910 944 1016 2911 1249 1009 2912 1248 1007 2913 944 1016 2914 945 1017 2915 1247 1008 2916 945 1017 2917 946 1018 2918 961 1019 2919 946 1018 2920 810 1020 2921 960 1021 2922 1247 1008 2923 961 1019 2924 959 1011 2925 1244 1004 2926 960 1021 2927 1250 1022 2928 1254 1023 2929 1253 1024 2930 1251 1025 2931 1255 1026 2932 1254 1023 2933 1253 1024 2934 1257 1027 2935 1256 1028 2936 1254 1023 2937 1258 1029 2938 1257 1027 2939 798 963 2940 1250 1022 2941 910 1030 2942 883 894 2943 1251 1025 2944 1250 1022 2945 882 892 2946 1252 1031 2947 1251 1025 2948 881 891 2949 932 1032 2950 1252 1031 2951 1252 1031 2952 933 1033 2953 1255 1026 2954 1255 1026 2955 934 1034 2956 1258 1029 2957 1258 1029 2958 807 913 2959 893 914 2960 1257 1027 2961 893 914 2962 894 928 2963 1256 1028 2964 894 928 2965 895 927 2966 908 966 2967 895 927 2968 802 926 2969 909 964 2970 1256 1028 2971 908 966 2972 910 1030 2973 1253 1024 2974 909 964 2975 1259 1035 2976 1263 1036 2977 1262 1037 2978 1260 1038 2979 1264 1039 2980 1263 1036 2981 1262 1037 2982 1266 1040 2983 1265 1041 2984 1263 1036 2985 1267 1042 2986 1266 1040 2987 812 950 2988 1259 1035 2989 923 1043 2990 958 1044 2991 1260 1038 2992 1259 1035 2993 957 1045 2994 1261 1046 2995 1260 1038 2996 810 1020 2997 1261 1046 2998 956 1047 2999 1261 1046 3000 945 1017 3001 1264 1039 3002 1264 1039 3003 944 1016 3004 1267 1042 3005 1267 1042 3006 808 999 3007 935 918 3008 1266 1040 3009 935 918 3010 936 916 3011 1265 1041 3012 936 916 3013 937 915 3014 925 1048 3015 937 915 3016 807 913 3017 924 1049 3018 1265 1041 3019 925 1048 3020 923 1043 3021 1262 1037 3022 924 1049 3023 1269 1050 3024 1271 1051 3025 1268 1052 3026 1270 1053 3027 1272 1054 3028 1269 1050 3029 1271 1051 3030 1275 1055 3031 1274 1056 3032 1272 1054 3033 1276 1057 3034 1275 1055 3035 917 1058 3036 953 1059 3037 811 939 3038 918 1060 3039 1268 1052 3040 917 1058 3041 919 1061 3042 1269 1050 3043 918 1060 3044 805 889 3045 1270 1053 3046 919 1061 3047 1270 1053 3048 939 904 3049 1273 1062 3050 1273 1062 3051 940 903 3052 1276 1057 3053 1276 1057 3054 806 902 3055 941 1015 3056 1275 1055 3057 941 1015 3058 942 1013 3059 1274 1056 3060 942 1013 3061 943 1012 3062 955 1063 3063 943 1012 3064 809 1010 3065 954 1064 3066 1274 1056 3067 955 1063 3068 1268 1052 3069 954 1064 3070 953 1059 3071 1277 1065 3072 1281 1066 3073 1280 1067 3074 1279 1068 3075 1281 1066 3076 1278 1069 3077 1280 1067 3078 1284 1070 3079 1283 1071 3080 1281 1066 3081 1285 1072 3082 1284 1070 3083 797 942 3084 1277 1065 3085 886 977 3086 948 940 3087 1277 1065 3088 947 941 3089 949 937 3090 1278 1069 3091 948 940 3092 811 939 3093 1279 1068 3094 949 937 3095 953 1059 3096 1282 1073 3097 1279 1068 3098 1282 1073 3099 955 1063 3100 1285 1072 3101 1285 1072 3102 809 1010 3103 887 1074 3104 1284 1070 3105 887 1074 3106 888 1075 3107 1283 1071 3108 888 1075 3109 889 1076 3110 884 979 3111 889 1076 3112 799 980 3113 885 978 3114 1283 1071 3115 884 979 3116 886 977 3117 1280 1067 3118 885 978 3119 1286 1077 3120 1290 1078 3121 1289 1079 3122 1287 1080 3123 1291 1081 3124 1290 1078 3125 1289 1079 3126 1293 1082 3127 1292 1083 3128 1290 1078 3129 1294 1084 3130 1293 1082 3131 801 988 3132 1286 1077 3133 950 947 3134 898 987 3135 1287 1080 3136 1286 1077 3137 896 985 3138 1287 1080 3139 897 986 3140 803 984 3141 1288 1085 3142 896 985 3143 901 1086 3144 1291 1081 3145 1288 1085 3146 900 1087 3147 1294 1084 3148 1291 1081 3149 899 1088 3150 956 1047 3151 1294 1084 3152 1293 1082 3153 956 1047 3154 957 1045 3155 1292 1083 3156 957 1045 3157 958 1044 3158 952 949 3159 958 1044 3160 812 950 3161 951 948 3162 1292 1083 3163 952 949 3164 950 947 3165 1289 1079 3166 951 948 3167 1295 1089 3168 1299 1090 3169 1298 1091 3170 1296 1092 3171 1300 1093 3172 1299 1090 3173 1298 1091 3174 1302 1094 3175 1301 1095 3176 1299 1090 3177 1303 1096 3178 1302 1094 3179 799 980 3180 1295 1089 3181 914 1097 3182 889 1076 3183 1296 1092 3184 1295 1089 3185 888 1075 3186 1297 1098 3187 1296 1092 3188 887 1074 3189 959 1011 3190 1297 1098 3191 1297 1098 3192 960 1021 3193 1300 1093 3194 1300 1093 3195 961 1019 3196 1303 1096 3197 1303 1096 3198 810 1020 3199 899 1088 3200 1302 1094 3201 899 1088 3202 900 1087 3203 1301 1095 3204 900 1087 3205 901 1086 3206 916 982 3207 901 1086 3208 803 984 3209 915 981 3210 1301 1095 3211 916 982 3212 914 1097 3213 1298 1091 3214 915 981 3215 1305 1099 3216 1307 1100 3217 1304 1101 3218 1306 1102 3219 1308 1103 3220 1305 1099 3221 1308 1103 3222 1310 1104 3223 1307 1100 3224 1309 1105 3225 1311 1106 3226 1308 1103 3227 919 1061 3228 932 1032 3229 805 889 3230 918 1060 3231 1304 1101 3232 919 1061 3233 917 1058 3234 1305 1099 3235 918 1060 3236 811 939 3237 1306 1102 3238 917 1058 3239 962 938 3240 1309 1105 3241 1306 1102 3242 963 952 3243 1312 1107 3244 1309 1105 3245 964 951 3246 923 1043 3247 1312 1107 3248 1312 1107 3249 924 1049 3250 1311 1106 3251 1311 1106 3252 925 1048 3253 1310 1104 3254 1310 1104 3255 807 913 3256 934 1034 3257 1307 1100 3258 934 1034 3259 933 1033 3260 1304 1101 3261 933 1033 3262 932 1032 3263 1313 1108 3264 1317 1109 3265 1316 1110 3266 1314 1111 3267 1318 1112 3268 1317 1109 3269 1317 1109 3270 1319 1113 3271 1316 1110 3272 1318 1112 3273 1320 1114 3274 1317 1109 3275 821 1115 3276 1313 1108 3277 1022 1116 3278 965 1117 3279 1314 1111 3280 1313 1108 3281 966 1118 3282 1315 1119 3283 1314 1111 3284 967 1120 3285 974 1121 3286 1315 1119 3287 1315 1119 3288 975 1122 3289 1318 1112 3290 975 1122 3291 1321 1123 3292 1318 1112 3293 976 1124 3294 1004 1125 3295 1321 1123 3296 1321 1123 3297 1005 1126 3298 1320 1114 3299 1320 1114 3300 1006 1127 3301 1319 1113 3302 1319 1113 3303 822 1128 3304 1024 1129 3305 1316 1110 3306 1024 1129 3307 1023 1130 3308 1022 1116 3309 1316 1110 3310 1023 1130 3311 1323 1131 3312 1325 1132 3313 1322 1133 3314 1324 1134 3315 1326 1135 3316 1323 1131 3317 1326 1135 3318 1328 1136 3319 1325 1132 3320 1327 1137 3321 1329 1138 3322 1326 1135 3323 1021 1139 3324 977 1140 3325 823 1141 3326 1020 1142 3327 1322 1133 3328 1021 1139 3329 1019 1143 3330 1323 1131 3331 1020 1142 3332 1019 1143 3333 1012 1144 3334 1324 1134 3335 1324 1134 3336 1011 1145 3337 1327 1137 3338 1327 1137 3339 1010 1146 3340 1330 1147 3341 1330 1147 3342 820 1148 3343 988 1149 3344 1330 1147 3345 987 1150 3346 1329 1138 3347 1329 1138 3348 986 1151 3349 1328 1136 3350 1328 1136 3351 818 1152 3352 979 1153 3353 1325 1132 3354 979 1153 3355 978 1154 3356 1322 1133 3357 978 1154 3358 977 1140 3359 1332 1155 3360 1334 1156 3361 1331 1157 3362 1333 1158 3363 1335 1159 3364 1332 1155 3365 1335 1159 3366 1337 1160 3367 1334 1156 3368 1336 1161 3369 1338 1162 3370 1335 1159 3371 1033 1163 3372 1046 1164 3373 827 1165 3374 1032 1166 3375 1331 1157 3376 1033 1163 3377 1031 1167 3378 1332 1155 3379 1032 1166 3380 813 1168 3381 1333 1158 3382 1031 1167 3383 989 1169 3384 1336 1161 3385 1333 1158 3386 990 1170 3387 1339 1171 3388 1336 1161 3389 991 1172 3390 1034 1173 3391 1339 1171 3392 1339 1171 3393 1035 1174 3394 1338 1162 3395 1338 1162 3396 1036 1175 3397 1337 1160 3398 1337 1160 3399 828 1176 3400 1048 1177 3401 1334 1156 3402 1048 1177 3403 1047 1178 3404 1331 1157 3405 1047 1178 3406 1046 1164 3407 1340 1179 3408 1344 1180 3409 1343 1181 3410 1341 1182 3411 1345 1183 3412 1344 1180 3413 1344 1180 3414 1346 1184 3415 1343 1181 3416 1344 1180 3417 1348 1185 3418 1347 1186 3419 816 1187 3420 1340 1179 3421 997 1188 3422 976 1124 3423 1341 1182 3424 1340 1179 3425 975 1122 3426 1342 1189 3427 1341 1182 3428 814 1190 3429 1342 1189 3430 974 1121 3431 1342 1189 3432 993 1191 3433 1345 1183 3434 1345 1183 3435 992 1192 3436 1348 1185 3437 1348 1185 3438 818 1152 3439 986 1151 3440 1347 1186 3441 986 1151 3442 987 1150 3443 1347 1186 3444 988 1149 3445 1346 1184 3446 1346 1184 3447 820 1148 3448 995 1193 3449 1343 1181 3450 995 1193 3451 996 1194 3452 1340 1179 3453 996 1194 3454 997 1188 3455 1349 1195 3456 1353 1196 3457 1352 1197 3458 1350 1198 3459 1354 1199 3460 1353 1196 3461 1352 1197 3462 1356 1200 3463 1355 1201 3464 1353 1196 3465 1357 1202 3466 1356 1200 3467 813 1168 3468 1349 1195 3469 989 1169 3470 970 1203 3471 1350 1198 3472 1349 1195 3473 969 1204 3474 1351 1205 3475 1350 1198 3476 968 1206 3477 998 1207 3478 1351 1205 3479 1351 1205 3480 999 1208 3481 1354 1199 3482 1354 1199 3483 1000 1209 3484 1357 1202 3485 1357 1202 3486 819 1210 3487 980 1211 3488 1356 1200 3489 980 1211 3490 981 1212 3491 1355 1201 3492 981 1212 3493 982 1213 3494 1355 1201 3495 817 1214 3496 991 1172 3497 1352 1197 3498 991 1172 3499 990 1170 3500 1349 1195 3501 990 1170 3502 989 1169 3503 1359 1215 3504 1361 1216 3505 1358 1217 3506 1360 1218 3507 1362 1219 3508 1359 1215 3509 1362 1219 3510 1364 1220 3511 1361 1216 3512 1363 1221 3513 1365 1222 3514 1362 1219 3515 1006 1127 3516 1013 1223 3517 822 1128 3518 1005 1126 3519 1358 1217 3520 1006 1127 3521 1004 1125 3522 1359 1215 3523 1005 1126 3524 816 1187 3525 1360 1218 3526 1004 1125 3527 997 1188 3528 1363 1221 3529 1360 1218 3530 996 1194 3531 1366 1224 3532 1363 1221 3533 995 1193 3534 1010 1146 3535 1366 1224 3536 1366 1224 3537 1011 1145 3538 1365 1222 3539 1365 1222 3540 1012 1144 3541 1364 1220 3542 1364 1220 3543 824 1225 3544 1015 1226 3545 1361 1216 3546 1015 1226 3547 1014 1227 3548 1358 1217 3549 1014 1227 3550 1013 1223 3551 1367 1228 3552 1371 1229 3553 1370 1230 3554 1368 1231 3555 1372 1232 3556 1371 1229 3557 1370 1230 3558 1374 1233 3559 1373 1234 3560 1371 1229 3561 1375 1235 3562 1374 1233 3563 825 1236 3564 1367 1228 3565 1043 1237 3566 1027 1238 3567 1368 1231 3568 1367 1228 3569 1026 1239 3570 1369 1240 3571 1368 1231 3572 1025 1241 3573 1013 1223 3574 1369 1240 3575 1369 1240 3576 1014 1227 3577 1372 1232 3578 1372 1232 3579 1015 1226 3580 1375 1235 3581 1375 1235 3582 824 1225 3583 1028 1242 3584 1374 1233 3585 1028 1242 3586 1029 1243 3587 1373 1234 3588 1029 1243 3589 1030 1244 3590 1045 1245 3591 1030 1244 3592 826 1246 3593 1044 1247 3594 1373 1234 3595 1045 1245 3596 1043 1237 3597 1370 1230 3598 1044 1247 3599 1376 1248 3600 1380 1249 3601 1379 1250 3602 1377 1251 3603 1381 1252 3604 1380 1249 3605 1379 1250 3606 1383 1253 3607 1382 1254 3608 1380 1249 3609 1384 1255 3610 1383 1253 3611 814 1190 3612 1376 1248 3613 994 1256 3614 967 1120 3615 1377 1251 3616 1376 1248 3617 966 1118 3618 1378 1257 3619 1377 1251 3620 965 1117 3621 1016 1258 3622 1378 1257 3623 1378 1257 3624 1017 1259 3625 1381 1252 3626 1381 1252 3627 1018 1260 3628 1384 1255 3629 1384 1255 3630 823 1141 3631 977 1140 3632 1383 1253 3633 977 1140 3634 978 1154 3635 1382 1254 3636 978 1154 3637 979 1153 3638 992 1192 3639 979 1153 3640 818 1152 3641 993 1191 3642 1382 1254 3643 992 1192 3644 994 1256 3645 1379 1250 3646 993 1191 3647 1386 1261 3648 1388 1262 3649 1385 1263 3650 1387 1264 3651 1389 1265 3652 1386 1261 3653 1389 1265 3654 1391 1266 3655 1388 1262 3656 1390 1267 3657 1392 1268 3658 1389 1265 3659 828 1176 3660 1385 1263 3661 1007 1269 3662 1041 1270 3663 1385 1263 3664 1042 1271 3665 1040 1272 3666 1386 1261 3667 1041 1270 3668 826 1246 3669 1387 1264 3670 1040 1272 3671 1030 1244 3672 1390 1267 3673 1387 1264 3674 1029 1243 3675 1393 1273 3676 1390 1267 3677 1028 1242 3678 1019 1143 3679 1393 1273 3680 1393 1273 3681 1020 1142 3682 1392 1268 3683 1392 1268 3684 1021 1139 3685 1391 1266 3686 1391 1266 3687 823 1141 3688 1009 1274 3689 1388 1262 3690 1009 1274 3691 1008 1275 3692 1007 1269 3693 1388 1262 3694 1008 1275 3695 1395 1276 3696 1397 1277 3697 1394 1278 3698 1396 1279 3699 1398 1280 3700 1395 1276 3701 1397 1277 3702 1401 1281 3703 1400 1282 3704 1398 1280 3705 1402 1283 3706 1401 1281 3707 1001 1284 3708 1037 1285 3709 827 1165 3710 1002 1286 3711 1394 1278 3712 1001 1284 3713 1003 1287 3714 1395 1276 3715 1002 1286 3716 821 1115 3717 1396 1279 3718 1003 1287 3719 1022 1116 3720 1399 1288 3721 1396 1279 3722 1023 1130 3723 1402 1283 3724 1399 1288 3725 1402 1283 3726 822 1128 3727 1025 1241 3728 1401 1281 3729 1025 1241 3730 1026 1239 3731 1400 1282 3732 1026 1239 3733 1027 1238 3734 1039 1289 3735 1027 1238 3736 825 1236 3737 1038 1290 3738 1400 1282 3739 1039 1289 3740 1394 1278 3741 1038 1290 3742 1037 1285 3743 1404 1291 3744 1406 1292 3745 1403 1293 3746 1405 1294 3747 1407 1295 3748 1404 1291 3749 1407 1295 3750 1409 1296 3751 1406 1292 3752 1407 1295 3753 1411 1297 3754 1410 1298 3755 1031 1167 3756 970 1203 3757 813 1168 3758 1032 1166 3759 1403 1293 3760 1031 1167 3761 1033 1163 3762 1404 1291 3763 1032 1166 3764 827 1165 3765 1405 1294 3766 1033 1163 3767 1037 1285 3768 1408 1299 3769 1405 1294 3770 1408 1299 3771 1039 1289 3772 1411 1297 3773 1411 1297 3774 825 1236 3775 971 1300 3776 1410 1298 3777 971 1300 3778 972 1301 3779 1409 1296 3780 972 1301 3781 973 1302 3782 1409 1296 3783 815 1303 3784 968 1206 3785 1406 1292 3786 968 1206 3787 969 1204 3788 1403 1293 3789 969 1204 3790 970 1203 3791 1412 1304 3792 1416 1305 3793 1415 1306 3794 1414 1307 3795 1416 1305 3796 1413 1308 3797 1416 1305 3798 1418 1309 3799 1415 1306 3800 1417 1310 3801 1419 1311 3802 1416 1305 3803 817 1214 3804 1412 1304 3805 1034 1173 3806 982 1213 3807 1413 1308 3808 1412 1304 3809 980 1211 3810 1413 1308 3811 981 1212 3812 819 1210 3813 1414 1307 3814 980 1211 3815 985 1312 3816 1417 1310 3817 1414 1307 3818 984 1313 3819 1420 1314 3820 1417 1310 3821 983 1315 3822 1040 1272 3823 1420 1314 3824 1420 1314 3825 1041 1270 3826 1419 1311 3827 1419 1311 3828 1042 1271 3829 1418 1309 3830 1036 1175 3831 1042 1271 3832 828 1176 3833 1035 1174 3834 1418 1309 3835 1036 1175 3836 1034 1173 3837 1415 1306 3838 1035 1174 3839 1421 1316 3840 1425 1317 3841 1424 1318 3842 1422 1319 3843 1426 1320 3844 1425 1317 3845 1424 1318 3846 1428 1321 3847 1427 1322 3848 1425 1317 3849 1429 1323 3850 1428 1321 3851 815 1303 3852 1421 1316 3853 998 1207 3854 973 1302 3855 1422 1319 3856 1421 1316 3857 972 1301 3858 1423 1324 3859 1422 1319 3860 971 1300 3861 1043 1237 3862 1423 1324 3863 1423 1324 3864 1044 1247 3865 1426 1320 3866 1426 1320 3867 1045 1245 3868 1429 1323 3869 1429 1323 3870 826 1246 3871 983 1315 3872 1428 1321 3873 983 1315 3874 984 1313 3875 1427 1322 3876 984 1313 3877 985 1312 3878 1000 1209 3879 985 1312 3880 819 1210 3881 999 1208 3882 1427 1322 3883 1000 1209 3884 998 1207 3885 1424 1318 3886 999 1208 3887 1431 1325 3888 1433 1326 3889 1430 1327 3890 1432 1328 3891 1434 1329 3892 1431 1325 3893 1434 1329 3894 1436 1330 3895 1433 1326 3896 1435 1331 3897 1437 1332 3898 1434 1329 3899 1003 1287 3900 1016 1258 3901 821 1115 3902 1002 1286 3903 1430 1327 3904 1003 1287 3905 1001 1284 3906 1431 1325 3907 1002 1286 3908 827 1165 3909 1432 1328 3910 1001 1284 3911 1046 1164 3912 1435 1331 3913 1432 1328 3914 1047 1178 3915 1438 1333 3916 1435 1331 3917 1048 1177 3918 1007 1269 3919 1438 1333 3920 1438 1333 3921 1008 1275 3922 1437 1332 3923 1437 1332 3924 1009 1274 3925 1436 1330 3926 1018 1260 3927 1009 1274 3928 823 1141 3929 1433 1326 3930 1018 1260 3931 1017 1259 3932 1430 1327 3933 1017 1259 3934 1016 1258 3935 1439 1334 3936 1443 1335 3937 1442 1336 3938 1440 1337 3939 1444 1338 3940 1443 1335 3941 1443 1335 3942 1445 1339 3943 1442 1336 3944 1444 1338 3945 1446 1340 3946 1443 1335 3947 837 1341 3948 1439 1334 3949 1106 1342 3950 1049 1343 3951 1440 1337 3952 1439 1334 3953 1050 1344 3954 1441 1345 3955 1440 1337 3956 1051 1346 3957 1058 1347 3958 1441 1345 3959 1441 1345 3960 1059 1348 3961 1444 1338 3962 1059 1348 3963 1447 1349 3964 1444 1338 3965 1060 1350 3966 1088 1351 3967 1447 1349 3968 1447 1349 3969 1089 1352 3970 1446 1340 3971 1446 1340 3972 1090 1353 3973 1445 1339 3974 1445 1339 3975 838 1354 3976 1108 1355 3977 1442 1336 3978 1108 1355 3979 1107 1356 3980 1106 1342 3981 1442 1336 3982 1107 1356 3983 1449 1357 3984 1451 1358 3985 1448 1359 3986 1449 1357 3987 1453 1360 3988 1452 1361 3989 1452 1361 3990 1454 1362 3991 1451 1358 3992 1452 1361 3993 1456 1363 3994 1455 1364 3995 1105 1365 3996 1061 1366 3997 839 1367 3998 1104 1368 3999 1448 1359 4000 1105 1365 4001 1104 1368 4002 1450 1369 4003 1449 1357 4004 1103 1370 4005 1096 1371 4006 1450 1369 4007 1450 1369 4008 1095 1372 4009 1453 1360 4010 1453 1360 4011 1094 1373 4012 1456 1363 4013 1456 1363 4014 836 1374 4015 1072 1375 4016 1455 1364 4017 1072 1375 4018 1071 1376 4019 1455 1364 4020 1070 1377 4021 1454 1362 4022 1454 1362 4023 834 1378 4024 1063 1379 4025 1451 1358 4026 1063 1379 4027 1062 1380 4028 1448 1359 4029 1062 1380 4030 1061 1366 4031 1458 1381 4032 1460 1382 4033 1457 1383 4034 1459 1384 4035 1461 1385 4036 1458 1381 4037 1461 1385 4038 1463 1386 4039 1460 1382 4040 1462 1387 4041 1464 1388 4042 1461 1385 4043 1117 1389 4044 1130 1390 4045 843 1391 4046 1116 1392 4047 1457 1383 4048 1117 1389 4049 1115 1393 4050 1458 1381 4051 1116 1392 4052 829 1394 4053 1459 1384 4054 1115 1393 4055 1073 1395 4056 1462 1387 4057 1459 1384 4058 1074 1396 4059 1465 1397 4060 1462 1387 4061 1075 1398 4062 1118 1399 4063 1465 1397 4064 1465 1397 4065 1119 1400 4066 1464 1388 4067 1464 1388 4068 1120 1401 4069 1463 1386 4070 1463 1386 4071 844 1402 4072 1132 1403 4073 1460 1382 4074 1132 1403 4075 1131 1404 4076 1457 1383 4077 1131 1404 4078 1130 1390 4079 1467 1405 4080 1469 1406 4081 1466 1407 4082 1467 1405 4083 1471 1408 4084 1470 1409 4085 1470 1409 4086 1472 1410 4087 1469 1406 4088 1470 1409 4089 1474 1411 4090 1473 1412 4091 832 1413 4092 1466 1407 4093 1081 1414 4094 1060 1350 4095 1467 1405 4096 1466 1407 4097 1058 1347 4098 1467 1405 4099 1059 1348 4100 830 1415 4101 1468 1416 4102 1058 1347 4103 1468 1416 4104 1077 1417 4105 1471 1408 4106 1471 1408 4107 1076 1418 4108 1474 1411 4109 1474 1411 4110 834 1378 4111 1070 1377 4112 1473 1412 4113 1070 1377 4114 1071 1376 4115 1473 1412 4116 1072 1375 4117 1472 1410 4118 1472 1410 4119 836 1374 4120 1079 1419 4121 1469 1406 4122 1079 1419 4123 1080 1420 4124 1466 1407 4125 1080 1420 4126 1081 1414 4127 1476 1421 4128 1478 1422 4129 1475 1423 4130 1476 1421 4131 1480 1424 4132 1479 1425 4133 1479 1425 4134 1481 1426 4135 1478 1422 4136 1479 1425 4137 1483 1427 4138 1482 1428 4139 1054 1429 4140 1073 1395 4141 829 1394 4142 1053 1430 4143 1475 1423 4144 1054 1429 4145 1052 1431 4146 1476 1421 4147 1053 1430 4148 1052 1431 4149 1082 1432 4150 1477 1433 4151 1477 1433 4152 1083 1434 4153 1480 1424 4154 1480 1424 4155 1084 1435 4156 1483 1427 4157 1483 1427 4158 835 1436 4159 1064 1437 4160 1482 1428 4161 1064 1437 4162 1065 1438 4163 1482 1428 4164 1066 1439 4165 1481 1426 4166 1481 1426 4167 833 1440 4168 1075 1398 4169 1478 1422 4170 1075 1398 4171 1074 1396 4172 1475 1423 4173 1074 1396 4174 1073 1395 4175 1485 1441 4176 1487 1442 4177 1484 1443 4178 1486 1444 4179 1488 1445 4180 1485 1441 4181 1488 1445 4182 1490 1446 4183 1487 1442 4184 1489 1447 4185 1491 1448 4186 1488 1445 4187 1090 1353 4188 1097 1449 4189 838 1354 4190 1089 1352 4191 1484 1443 4192 1090 1353 4193 1088 1351 4194 1485 1441 4195 1089 1352 4196 832 1413 4197 1486 1444 4198 1088 1351 4199 1081 1414 4200 1489 1447 4201 1486 1444 4202 1080 1420 4203 1492 1450 4204 1489 1447 4205 1079 1419 4206 1094 1373 4207 1492 1450 4208 1492 1450 4209 1095 1372 4210 1491 1448 4211 1491 1448 4212 1096 1371 4213 1490 1446 4214 1490 1446 4215 840 1451 4216 1099 1452 4217 1487 1442 4218 1099 1452 4219 1098 1453 4220 1484 1443 4221 1098 1453 4222 1097 1449 4223 1493 1454 4224 1497 1455 4225 1496 1456 4226 1494 1457 4227 1498 1458 4228 1497 1455 4229 1496 1456 4230 1500 1459 4231 1499 1460 4232 1497 1455 4233 1501 1461 4234 1500 1459 4235 841 1462 4236 1493 1454 4237 1127 1463 4238 1111 1464 4239 1494 1457 4240 1493 1454 4241 1110 1465 4242 1495 1466 4243 1494 1457 4244 1109 1467 4245 1097 1449 4246 1495 1466 4247 1495 1466 4248 1098 1453 4249 1498 1458 4250 1498 1458 4251 1099 1452 4252 1501 1461 4253 1099 1452 4254 1112 1468 4255 1501 1461 4256 1500 1459 4257 1112 1468 4258 1113 1469 4259 1499 1460 4260 1113 1469 4261 1114 1470 4262 1129 1471 4263 1114 1470 4264 842 1472 4265 1128 1473 4266 1499 1460 4267 1129 1471 4268 1127 1463 4269 1496 1456 4270 1128 1473 4271 1502 1474 4272 1506 1475 4273 1505 1476 4274 1503 1477 4275 1507 1478 4276 1506 1475 4277 1505 1476 4278 1509 1479 4279 1508 1480 4280 1506 1475 4281 1510 1481 4282 1509 1479 4283 830 1415 4284 1502 1474 4285 1078 1482 4286 1051 1346 4287 1503 1477 4288 1502 1474 4289 1050 1344 4290 1504 1483 4291 1503 1477 4292 1049 1343 4293 1100 1484 4294 1504 1483 4295 1504 1483 4296 1101 1485 4297 1507 1478 4298 1507 1478 4299 1102 1486 4300 1510 1481 4301 1510 1481 4302 839 1367 4303 1061 1366 4304 1509 1479 4305 1061 1366 4306 1062 1380 4307 1508 1480 4308 1062 1380 4309 1063 1379 4310 1076 1418 4311 1063 1379 4312 834 1378 4313 1077 1417 4314 1508 1480 4315 1076 1418 4316 1078 1482 4317 1505 1476 4318 1077 1417 4319 1511 1487 4320 1515 1488 4321 1514 1489 4322 1513 1490 4323 1515 1488 4324 1512 1491 4325 1514 1489 4326 1518 1492 4327 1517 1493 4328 1515 1488 4329 1519 1494 4330 1518 1492 4331 844 1402 4332 1511 1487 4333 1091 1495 4334 1126 1496 4335 1512 1491 4336 1511 1487 4337 1124 1497 4338 1512 1491 4339 1125 1498 4340 842 1472 4341 1513 1490 4342 1124 1497 4343 1114 1470 4344 1516 1499 4345 1513 1490 4346 1113 1469 4347 1519 1494 4348 1516 1499 4349 1519 1494 4350 840 1451 4351 1103 1370 4352 1518 1492 4353 1103 1370 4354 1104 1368 4355 1517 1493 4356 1104 1368 4357 1105 1365 4358 1517 1493 4359 839 1367 4360 1093 1500 4361 1092 1501 4362 1517 1493 4363 1093 1500 4364 1091 1495 4365 1514 1489 4366 1092 1501 4367 1521 1502 4368 1523 1503 4369 1520 1504 4370 1522 1505 4371 1524 1506 4372 1521 1502 4373 1523 1503 4374 1527 1507 4375 1526 1508 4376 1524 1506 4377 1528 1509 4378 1527 1507 4379 1085 1510 4380 1121 1511 4381 843 1391 4382 1086 1512 4383 1520 1504 4384 1085 1510 4385 1087 1513 4386 1521 1502 4387 1086 1512 4388 837 1341 4389 1522 1505 4390 1087 1513 4391 1106 1342 4392 1525 1514 4393 1522 1505 4394 1525 1514 4395 1108 1355 4396 1528 1509 4397 1528 1509 4398 838 1354 4399 1109 1467 4400 1527 1507 4401 1109 1467 4402 1110 1465 4403 1526 1508 4404 1110 1465 4405 1111 1464 4406 1123 1515 4407 1111 1464 4408 841 1462 4409 1122 1516 4410 1526 1508 4411 1123 1515 4412 1520 1504 4413 1122 1516 4414 1121 1511 4415 1530 1517 4416 1532 1518 4417 1529 1519 4418 1531 1520 4419 1533 1521 4420 1530 1517 4421 1532 1518 4422 1536 1522 4423 1535 1523 4424 1533 1521 4425 1537 1524 4426 1536 1522 4427 829 1394 4428 1529 1519 4429 1054 1429 4430 1116 1392 4431 1529 1519 4432 1115 1393 4433 1117 1389 4434 1530 1517 4435 1116 1392 4436 843 1391 4437 1531 1520 4438 1117 1389 4439 1121 1511 4440 1534 1525 4441 1531 1520 4442 1534 1525 4443 1123 1515 4444 1537 1524 4445 1537 1524 4446 841 1462 4447 1055 1526 4448 1536 1522 4449 1055 1526 4450 1056 1527 4451 1535 1523 4452 1056 1527 4453 1057 1528 4454 1052 1431 4455 1057 1528 4456 831 1529 4457 1053 1430 4458 1535 1523 4459 1052 1431 4460 1054 1429 4461 1532 1518 4462 1053 1430 4463 1538 1530 4464 1542 1531 4465 1541 1532 4466 1540 1533 4467 1542 1531 4468 1539 1534 4469 1541 1532 4470 1545 1535 4471 1544 1536 4472 1543 1537 4473 1545 1535 4474 1542 1531 4475 833 1440 4476 1538 1530 4477 1118 1399 4478 1066 1439 4479 1539 1534 4480 1538 1530 4481 1064 1437 4482 1539 1534 4483 1065 1438 4484 835 1436 4485 1540 1533 4486 1064 1437 4487 1069 1538 4488 1543 1537 4489 1540 1533 4490 1068 1539 4491 1546 1540 4492 1543 1537 4493 1067 1541 4494 1124 1497 4495 1546 1540 4496 1546 1540 4497 1125 1498 4498 1545 1535 4499 1544 1536 4500 1125 1498 4501 1126 1496 4502 1120 1401 4503 1126 1496 4504 844 1402 4505 1119 1400 4506 1544 1536 4507 1120 1401 4508 1118 1399 4509 1541 1532 4510 1119 1400 4511 1547 1542 4512 1551 1543 4513 1550 1544 4514 1548 1545 4515 1552 1546 4516 1551 1543 4517 1550 1544 4518 1554 1547 4519 1553 1548 4520 1551 1543 4521 1555 1549 4522 1554 1547 4523 831 1529 4524 1547 1542 4525 1082 1432 4526 1057 1528 4527 1548 1545 4528 1547 1542 4529 1056 1527 4530 1549 1550 4531 1548 1545 4532 1055 1526 4533 1127 1463 4534 1549 1550 4535 1549 1550 4536 1128 1473 4537 1552 1546 4538 1552 1546 4539 1129 1471 4540 1555 1549 4541 1555 1549 4542 842 1472 4543 1067 1541 4544 1554 1547 4545 1067 1541 4546 1068 1539 4547 1553 1548 4548 1068 1539 4549 1069 1538 4550 1084 1435 4551 1069 1538 4552 835 1436 4553 1083 1434 4554 1553 1548 4555 1084 1435 4556 1082 1432 4557 1550 1544 4558 1083 1434 4559 1557 1551 4560 1559 1552 4561 1556 1553 4562 1558 1554 4563 1560 1555 4564 1557 1551 4565 1560 1555 4566 1562 1556 4567 1559 1552 4568 1561 1557 4569 1563 1558 4570 1560 1555 4571 1087 1513 4572 1100 1484 4573 837 1341 4574 1086 1512 4575 1556 1553 4576 1087 1513 4577 1085 1510 4578 1557 1551 4579 1086 1512 4580 843 1391 4581 1558 1554 4582 1085 1510 4583 1130 1390 4584 1561 1557 4585 1558 1554 4586 1131 1404 4587 1564 1559 4588 1561 1557 4589 1132 1403 4590 1091 1495 4591 1564 1559 4592 1564 1559 4593 1092 1501 4594 1563 1558 4595 1563 1558 4596 1093 1500 4597 1562 1556 4598 1102 1486 4599 1093 1500 4600 839 1367 4601 1559 1552 4602 1102 1486 4603 1101 1485 4604 1556 1553 4605 1101 1485 4606 1100 1484 4607 1912 1560 4608 1910 1561 4609 1909 1562 4610 1910 1561 4611 1914 1563 4612 1911 1564 4613 1912 1560 4614 1916 1565 4615 1913 1566 4616 1916 1565 4617 1914 1563 4618 1913 1566 4619 1626 1567 4620 1621 1568 4621 1566 1569 4622 1909 1562 4623 1622 1570 4624 1621 1568 4625 1622 1570 4626 1911 1564 4627 1623 1571 4628 1623 1571 4629 1630 1572 4630 1565 1573 4631 1911 1564 4632 1631 1574 4633 1630 1572 4634 1917 1575 4635 1631 1574 4636 1914 1563 4637 1627 1576 4638 1632 1577 4639 1917 1575 4640 1628 1578 4641 1917 1575 4642 1916 1565 4643 1915 1579 4644 1628 1578 4645 1916 1565 4646 1624 1580 4647 1629 1581 4648 1915 1579 4649 1625 1582 4650 1915 1579 4651 1912 1560 4652 1625 1582 4653 1909 1562 4654 1626 1567 4655 1921 1583 4656 1919 1584 4657 1918 1585 4658 1919 1584 4659 1923 1586 4660 1920 1587 4661 1921 1583 4662 1925 1588 4663 1922 1589 4664 1925 1588 4665 1923 1586 4666 1922 1589 4667 1633 1590 4668 1638 1591 4669 1569 1592 4670 1918 1585 4671 1637 1593 4672 1638 1591 4673 1637 1593 4674 1920 1587 4675 1636 1594 4676 1636 1594 4677 1641 1595 4678 1571 1596 4679 1920 1587 4680 1640 1597 4681 1641 1595 4682 1926 1598 4683 1640 1597 4684 1923 1586 4685 1644 1599 4686 1639 1600 4687 1926 1598 4688 1643 1601 4689 1926 1598 4690 1925 1588 4691 1924 1602 4692 1643 1601 4693 1925 1588 4694 1635 1603 4695 1642 1604 4696 1924 1602 4697 1634 1605 4698 1924 1602 4699 1921 1583 4700 1634 1605 4701 1918 1585 4702 1633 1590 4703 1927 1606 4704 1931 1607 4705 1928 1608 4706 1931 1607 4707 1929 1609 4708 1928 1608 4709 1933 1610 4710 1931 1607 4711 1930 1611 4712 1931 1607 4713 1935 1612 4714 1932 1613 4715 1567 1614 4716 1927 1606 4717 1632 1577 4718 1632 1577 4719 1928 1608 4720 1631 1574 4721 1928 1608 4722 1630 1572 4723 1631 1574 4724 1929 1609 4725 1565 1573 4726 1630 1572 4727 1932 1613 4728 1645 1615 4729 1929 1609 4730 1932 1613 4731 1647 1616 4732 1646 1617 4733 1935 1612 4734 1570 1618 4735 1647 1616 4736 1934 1619 4737 1642 1604 4738 1935 1612 4739 1644 1599 4740 1934 1619 4741 1933 1610 4742 1572 1620 4743 1933 1610 4744 1648 1621 4745 1648 1621 4746 1930 1611 4747 1649 1622 4748 1650 1623 4749 1930 1611 4750 1927 1606 4751 1936 1624 4752 1940 1625 4753 1937 1626 4754 1940 1625 4755 1938 1627 4756 1937 1626 4757 1942 1628 4758 1940 1625 4759 1939 1629 4760 1940 1625 4761 1944 1630 4762 1941 1631 4763 1566 1569 4764 1936 1624 4765 1626 1567 4766 1626 1567 4767 1937 1626 4768 1625 1582 4769 1937 1626 4770 1624 1580 4771 1625 1582 4772 1938 1627 4773 1568 1632 4774 1624 1580 4775 1941 1631 4776 1651 1633 4777 1938 1627 4778 1941 1631 4779 1653 1634 4780 1652 1635 4781 1944 1630 4782 1571 1596 4783 1653 1634 4784 1943 1636 4785 1636 1594 4786 1944 1630 4787 1638 1591 4788 1943 1636 4789 1942 1628 4790 1569 1592 4791 1942 1628 4792 1654 1637 4793 1654 1637 4794 1939 1629 4795 1655 1638 4796 1656 1639 4797 1939 1629 4798 1936 1624 4799 1945 1640 4800 1949 1641 4801 1946 1642 4802 1949 1641 4803 1947 1643 4804 1946 1642 4805 1951 1644 4806 1949 1641 4807 1948 1645 4808 1949 1641 4809 1953 1646 4810 1950 1647 4811 1568 1632 4812 1945 1640 4813 1629 1581 4814 1629 1581 4815 1946 1642 4816 1628 1578 4817 1946 1642 4818 1627 1576 4819 1628 1578 4820 1947 1643 4821 1567 1614 4822 1627 1576 4823 1950 1647 4824 1650 1623 4825 1947 1643 4826 1950 1647 4827 1648 1621 4828 1649 1622 4829 1953 1646 4830 1572 1620 4831 1648 1621 4832 1952 1648 4833 1639 1600 4834 1953 1646 4835 1641 1595 4836 1952 1648 4837 1951 1644 4838 1571 1596 4839 1951 1644 4840 1653 1634 4841 1653 1634 4842 1948 1645 4843 1652 1635 4844 1651 1633 4845 1948 1645 4846 1945 1640 4847 1954 1649 4848 1958 1650 4849 1955 1651 4850 1958 1650 4851 1956 1652 4852 1955 1651 4853 1960 1653 4854 1958 1650 4855 1957 1654 4856 1958 1650 4857 1962 1655 4858 1959 1656 4859 1565 1573 4860 1954 1649 4861 1623 1571 4862 1623 1571 4863 1955 1651 4864 1622 1570 4865 1955 1651 4866 1621 1568 4867 1622 1570 4868 1956 1652 4869 1566 1569 4870 1621 1568 4871 1959 1656 4872 1656 1639 4873 1956 1652 4874 1959 1656 4875 1654 1637 4876 1655 1638 4877 1962 1655 4878 1569 1592 4879 1654 1637 4880 1961 1657 4881 1633 1590 4882 1962 1655 4883 1635 1603 4884 1961 1657 4885 1960 1653 4886 1570 1618 4887 1960 1653 4888 1647 1616 4889 1647 1616 4890 1957 1654 4891 1646 1617 4892 1645 1615 4893 1957 1654 4894 1954 1649 4895 1963 1658 4896 1967 1659 4897 1964 1660 4898 1964 1660 4899 1968 1661 4900 1965 1662 4901 1969 1663 4902 1967 1659 4903 1966 1664 4904 1970 1665 4905 1968 1661 4906 1967 1659 4907 1581 1666 4908 1963 1658 4909 1657 1667 4910 1657 1667 4911 1964 1660 4912 1658 1668 4913 1658 1668 4914 1965 1662 4915 1659 1669 4916 1659 1669 4917 1666 1670 4918 1574 1671 4919 1965 1662 4920 1667 1672 4921 1666 1670 4922 1971 1673 4923 1667 1672 4924 1968 1661 4925 1696 1674 4926 1668 1675 4927 1971 1673 4928 1697 1676 4929 1971 1673 4930 1970 1665 4931 1698 1677 4932 1970 1665 4933 1969 1663 4934 1582 1678 4935 1969 1663 4936 1716 1679 4937 1716 1679 4938 1966 1664 4939 1715 1680 4940 1714 1681 4941 1966 1664 4942 1963 1658 4943 1972 1682 4944 1976 1683 4945 1973 1684 4946 1973 1684 4947 1977 1685 4948 1974 1686 4949 1975 1687 4950 1979 1688 4951 1976 1683 4952 1976 1683 4953 1980 1689 4954 1977 1685 4955 1583 1690 4956 1972 1682 4957 1713 1691 4958 1713 1691 4959 1973 1684 4960 1712 1692 4961 1712 1692 4962 1974 1686 4963 1711 1693 4964 1711 1693 4965 1704 1694 4966 1584 1695 4967 1974 1686 4968 1703 1696 4969 1704 1694 4970 1977 1685 4971 1702 1697 4972 1703 1696 4973 1980 1689 4974 1580 1698 4975 1702 1697 4976 1979 1688 4977 1680 1699 4978 1980 1689 4979 1978 1700 4980 1679 1701 4981 1979 1688 4982 1578 1702 4983 1978 1700 4984 1671 1703 4985 1671 1703 4986 1975 1687 4987 1670 1704 4988 1670 1704 4989 1972 1682 4990 1669 1705 4991 1984 1706 4992 1982 1707 4993 1981 1708 4994 1985 1709 4995 1983 1710 4996 1982 1707 4997 1987 1711 4998 1985 1709 4999 1984 1706 5000 1988 1712 5001 1986 1713 5002 1985 1709 5003 1738 1714 5004 1725 1715 5005 1587 1716 5006 1981 1708 5007 1724 1717 5008 1725 1715 5009 1982 1707 5010 1723 1718 5011 1724 1717 5012 1983 1710 5013 1573 1719 5014 1723 1718 5015 1986 1713 5016 1681 1720 5017 1983 1710 5018 1989 1721 5019 1682 1722 5020 1986 1713 5021 1726 1723 5022 1683 1724 5023 1989 1721 5024 1727 1725 5025 1989 1721 5026 1988 1712 5027 1728 1726 5028 1988 1712 5029 1987 1711 5030 1588 1727 5031 1987 1711 5032 1740 1728 5033 1740 1728 5034 1984 1706 5035 1739 1729 5036 1739 1729 5037 1981 1708 5038 1738 1714 5039 1993 1730 5040 1991 1731 5041 1990 1732 5042 1994 1733 5043 1992 1734 5044 1991 1731 5045 1996 1735 5046 1994 1733 5047 1993 1730 5048 1994 1733 5049 1998 1736 5050 1995 1737 5051 1576 1738 5052 1990 1732 5053 1668 1675 5054 1990 1732 5055 1667 1672 5056 1668 1675 5057 1991 1731 5058 1666 1670 5059 1667 1672 5060 1992 1734 5061 1574 1671 5062 1666 1670 5063 1992 1734 5064 1685 1739 5065 1686 1740 5066 1995 1737 5067 1684 1741 5068 1685 1739 5069 1998 1736 5070 1578 1702 5071 1684 1741 5072 1997 1742 5073 1678 1743 5074 1998 1736 5075 1680 1699 5076 1997 1742 5077 1996 1735 5078 1580 1698 5079 1996 1735 5080 1687 1744 5081 1687 1744 5082 1993 1730 5083 1688 1745 5084 1688 1745 5085 1990 1732 5086 1689 1746 5087 2002 1747 5088 2000 1748 5089 1999 1749 5090 2003 1750 5091 2001 1751 5092 2000 1748 5093 2005 1752 5094 2003 1750 5095 2002 1747 5096 2006 1753 5097 2004 1754 5098 2003 1750 5099 1681 1720 5100 1662 1755 5101 1573 1719 5102 1999 1749 5103 1661 1756 5104 1662 1755 5105 2000 1748 5106 1660 1757 5107 1661 1756 5108 2001 1751 5109 1575 1758 5110 1660 1757 5111 2001 1751 5112 1691 1759 5113 1690 1760 5114 2004 1754 5115 1692 1761 5116 1691 1759 5117 2007 1762 5118 1579 1763 5119 1692 1761 5120 1673 1764 5121 2007 1762 5122 2006 1753 5123 1674 1765 5124 2006 1753 5125 2005 1752 5126 1577 1766 5127 2005 1752 5128 1683 1724 5129 1683 1724 5130 2002 1747 5131 1682 1722 5132 1682 1722 5133 1999 1749 5134 1681 1720 5135 2011 1767 5136 2009 1768 5137 2008 1769 5138 2012 1770 5139 2010 1771 5140 2009 1768 5141 2014 1772 5142 2012 1770 5143 2011 1767 5144 2015 1773 5145 2013 1774 5146 2012 1770 5147 1705 1775 5148 1698 1677 5149 1582 1678 5150 2008 1769 5151 1697 1676 5152 1698 1677 5153 2009 1768 5154 1696 1674 5155 1697 1676 5156 2010 1771 5157 1576 1738 5158 1696 1674 5159 2013 1774 5160 1689 1746 5161 2010 1771 5162 2016 1776 5163 1688 1745 5164 2013 1774 5165 1702 1697 5166 1687 1744 5167 2016 1776 5168 1703 1696 5169 2016 1776 5170 2015 1773 5171 1704 1694 5172 2015 1773 5173 2014 1772 5174 1584 1695 5175 2014 1772 5176 1707 1777 5177 1707 1777 5178 2011 1767 5179 1706 1778 5180 1706 1778 5181 2008 1769 5182 1705 1775 5183 2017 1779 5184 2021 1780 5185 2018 1781 5186 2018 1781 5187 2022 1782 5188 2019 1783 5189 2020 1784 5190 2024 1785 5191 2021 1780 5192 2021 1780 5193 2025 1786 5194 2022 1782 5195 1585 1787 5196 2017 1779 5197 1719 1788 5198 1719 1788 5199 2018 1781 5200 1718 1789 5201 1718 1789 5202 2019 1783 5203 1717 1790 5204 1717 1790 5205 1705 1775 5206 1582 1678 5207 2019 1783 5208 1706 1778 5209 1705 1775 5210 2022 1782 5211 1707 1777 5212 1706 1778 5213 1720 1791 5214 1707 1777 5215 2025 1786 5216 2024 1785 5217 1720 1791 5218 2025 1786 5219 2023 1792 5220 1721 1793 5221 2024 1785 5222 1737 1794 5223 1722 1795 5224 2023 1792 5225 1736 1796 5226 2023 1792 5227 2020 1784 5228 1735 1797 5229 2020 1784 5230 2017 1779 5231 2026 1798 5232 2030 1799 5233 2027 1800 5234 2027 1800 5235 2031 1801 5236 2028 1802 5237 2029 1803 5238 2033 1804 5239 2030 1799 5240 2030 1799 5241 2034 1805 5242 2031 1801 5243 1574 1671 5244 2026 1798 5245 1659 1669 5246 1659 1669 5247 2027 1800 5248 1658 1668 5249 1658 1668 5250 2028 1802 5251 1657 1667 5252 1657 1667 5253 1708 1806 5254 1581 1666 5255 2028 1802 5256 1709 1807 5257 1708 1806 5258 2031 1801 5259 1710 1808 5260 1709 1807 5261 2034 1805 5262 1583 1690 5263 1710 1808 5264 2033 1804 5265 1669 1705 5266 2034 1805 5267 2032 1809 5268 1670 1704 5269 2033 1804 5270 1684 1741 5271 1671 1703 5272 2032 1809 5273 1685 1739 5274 2032 1809 5275 2029 1803 5276 1686 1740 5277 2029 1803 5278 2026 1798 5279 2035 1810 5280 2039 1811 5281 2036 1812 5282 2036 1812 5283 2040 1813 5284 2037 1814 5285 2038 1815 5286 2042 1816 5287 2039 1811 5288 2039 1811 5289 2043 1817 5290 2040 1813 5291 1588 1727 5292 2035 1810 5293 1734 1818 5294 1734 1818 5295 2036 1812 5296 1733 1819 5297 1733 1819 5298 2037 1814 5299 1732 1820 5300 2037 1814 5301 1586 1821 5302 1732 1820 5303 2037 1814 5304 1721 1793 5305 1722 1795 5306 2040 1813 5307 1720 1791 5308 1721 1793 5309 2043 1817 5310 1584 1695 5311 1720 1791 5312 2042 1816 5313 1711 1693 5314 2043 1817 5315 2041 1822 5316 1712 1692 5317 2042 1816 5318 1701 1823 5319 1713 1691 5320 2041 1822 5321 1700 1824 5322 2041 1822 5323 2038 1815 5324 1699 1825 5325 2038 1815 5326 2035 1810 5327 2047 1826 5328 2045 1827 5329 2044 1828 5330 2048 1829 5331 2046 1830 5332 2045 1827 5333 2047 1826 5334 2051 1831 5335 2048 1829 5336 2048 1829 5337 2052 1832 5338 2049 1833 5339 1729 1834 5340 1693 1835 5341 1587 1716 5342 2044 1828 5343 1694 1836 5344 1693 1835 5345 2045 1827 5346 1695 1837 5347 1694 1836 5348 2046 1830 5349 1581 1666 5350 1695 1837 5351 2046 1830 5352 1715 1680 5353 1714 1681 5354 2049 1833 5355 1716 1679 5356 1715 1680 5357 2052 1832 5358 1582 1678 5359 1716 1679 5360 2051 1831 5361 1717 1790 5362 2052 1832 5363 2050 1838 5364 1718 1789 5365 2051 1831 5366 1731 1839 5367 1719 1788 5368 2050 1838 5369 1730 1840 5370 2050 1838 5371 2047 1826 5372 1730 1840 5373 2044 1828 5374 1729 1834 5375 2053 1841 5376 2057 1842 5377 2054 1843 5378 2057 1842 5379 2055 1844 5380 2054 1843 5381 2056 1845 5382 2060 1846 5383 2057 1842 5384 2057 1842 5385 2061 1847 5386 2058 1848 5387 1573 1719 5388 2053 1841 5389 1723 1718 5390 2053 1841 5391 1724 1717 5392 1723 1718 5393 2054 1843 5394 1725 1715 5395 1724 1717 5396 2055 1844 5397 1587 1716 5398 1725 1715 5399 2058 1848 5400 1729 1834 5401 2055 1844 5402 2058 1848 5403 1731 1839 5404 1730 1840 5405 2061 1847 5406 1585 1787 5407 1731 1839 5408 2060 1846 5409 1663 1849 5410 2061 1847 5411 2059 1850 5412 1664 1851 5413 2060 1846 5414 1660 1757 5415 1665 1852 5416 2059 1850 5417 1661 1756 5418 2059 1850 5419 2056 1845 5420 1662 1755 5421 2056 1845 5422 2053 1841 5423 2062 1853 5424 2066 1854 5425 2063 1855 5426 2063 1855 5427 2067 1856 5428 2064 1857 5429 2065 1858 5430 2069 1859 5431 2066 1854 5432 2066 1854 5433 2070 1860 5434 2067 1856 5435 1577 1766 5436 2062 1853 5437 1674 1765 5438 1674 1765 5439 2063 1855 5440 1673 1764 5441 2063 1855 5442 1672 1861 5443 1673 1764 5444 2064 1857 5445 1579 1763 5446 1672 1861 5447 2067 1856 5448 1677 1862 5449 2064 1857 5450 2070 1860 5451 1676 1863 5452 2067 1856 5453 1732 1820 5454 1675 1864 5455 2070 1860 5456 2069 1859 5457 1732 1820 5458 2070 1860 5459 2068 1865 5460 1733 1819 5461 2069 1859 5462 1728 1726 5463 1734 1818 5464 2068 1865 5465 1727 1725 5466 2068 1865 5467 2065 1858 5468 1726 1723 5469 2065 1858 5470 2062 1853 5471 2071 1866 5472 2075 1867 5473 2072 1868 5474 2072 1868 5475 2076 1869 5476 2073 1870 5477 2074 1871 5478 2078 1872 5479 2075 1867 5480 2075 1867 5481 2079 1873 5482 2076 1869 5483 1575 1758 5484 2071 1866 5485 1665 1852 5486 1665 1852 5487 2072 1868 5488 1664 1851 5489 1664 1851 5490 2073 1870 5491 1663 1849 5492 1663 1849 5493 1735 1797 5494 1585 1787 5495 2073 1870 5496 1736 1796 5497 1735 1797 5498 2076 1869 5499 1737 1794 5500 1736 1796 5501 2079 1873 5502 1586 1821 5503 1737 1794 5504 2078 1872 5505 1675 1864 5506 2079 1873 5507 2077 1874 5508 1676 1863 5509 2078 1872 5510 1692 1761 5511 1677 1862 5512 2077 1874 5513 1691 1759 5514 2077 1874 5515 2074 1871 5516 1690 1760 5517 2074 1871 5518 2071 1866 5519 2083 1875 5520 2081 1876 5521 2080 1877 5522 2084 1878 5523 2082 1879 5524 2081 1876 5525 2086 1880 5526 2084 1878 5527 2083 1875 5528 2087 1881 5529 2085 1882 5530 2084 1878 5531 1708 1806 5532 1695 1837 5533 1581 1666 5534 2080 1877 5535 1694 1836 5536 1695 1837 5537 2081 1876 5538 1693 1835 5539 1694 1836 5540 2082 1879 5541 1587 1716 5542 1693 1835 5543 2085 1882 5544 1738 1714 5545 2082 1879 5546 2088 1883 5547 1739 1729 5548 2085 1882 5549 1699 1825 5550 1740 1728 5551 2088 1883 5552 1700 1824 5553 2088 1883 5554 2087 1881 5555 1701 1823 5556 2087 1881 5557 2086 1880 5558 1583 1690 5559 2086 1880 5560 1710 1808 5561 1710 1808 5562 2083 1875 5563 1709 1807 5564 1709 1807 5565 2080 1877 5566 1708 1806 5567 2089 1884 5568 2093 1885 5569 2090 1886 5570 2090 1886 5571 2094 1887 5572 2091 1888 5573 2095 1889 5574 2093 1885 5575 2092 1890 5576 2096 1891 5577 2094 1887 5578 2093 1885 5579 1597 1892 5580 2089 1884 5581 1741 1893 5582 1741 1893 5583 2090 1886 5584 1742 1894 5585 1742 1894 5586 2091 1888 5587 1743 1895 5588 1743 1895 5589 1750 1896 5590 1590 1897 5591 2091 1888 5592 1751 1898 5593 1750 1896 5594 2097 1899 5595 1751 1898 5596 2094 1887 5597 1780 1900 5598 1752 1901 5599 2097 1899 5600 1781 1902 5601 2097 1899 5602 2096 1891 5603 1782 1903 5604 2096 1891 5605 2095 1889 5606 1598 1904 5607 2095 1889 5608 1800 1905 5609 1800 1905 5610 2092 1890 5611 1799 1906 5612 1798 1907 5613 2092 1890 5614 2089 1884 5615 2101 1908 5616 2099 1909 5617 2098 1910 5618 2102 1911 5619 2100 1912 5620 2099 1909 5621 2104 1913 5622 2102 1911 5623 2101 1908 5624 2105 1914 5625 2103 1915 5626 2102 1911 5627 1753 1916 5628 1797 1917 5629 1599 1918 5630 2098 1910 5631 1796 1919 5632 1797 1917 5633 2099 1909 5634 1795 1920 5635 1796 1919 5636 1795 1920 5637 1788 1921 5638 1600 1922 5639 2100 1912 5640 1787 1923 5641 1788 1921 5642 2103 1915 5643 1786 1924 5644 1787 1923 5645 2106 1925 5646 1596 1926 5647 1786 1924 5648 1763 1927 5649 2106 1925 5650 2105 1914 5651 1762 1928 5652 2105 1914 5653 2104 1913 5654 1594 1929 5655 2104 1913 5656 1755 1930 5657 1755 1930 5658 2101 1908 5659 1754 1931 5660 1754 1931 5661 2098 1910 5662 1753 1916 5663 2110 1932 5664 2108 1933 5665 2107 1934 5666 2111 1935 5667 2109 1936 5668 2108 1933 5669 2113 1937 5670 2111 1935 5671 2110 1932 5672 2114 1938 5673 2112 1939 5674 2111 1935 5675 1822 1940 5676 1809 1941 5677 1603 1942 5678 2107 1934 5679 1808 1943 5680 1809 1941 5681 2108 1933 5682 1807 1944 5683 1808 1943 5684 2109 1936 5685 1589 1945 5686 1807 1944 5687 2112 1939 5688 1765 1946 5689 2109 1936 5690 2115 1947 5691 1766 1948 5692 2112 1939 5693 1810 1949 5694 1767 1950 5695 2115 1947 5696 1811 1951 5697 2115 1947 5698 2114 1938 5699 1812 1952 5700 2114 1938 5701 2113 1937 5702 1604 1953 5703 2113 1937 5704 1824 1954 5705 1824 1954 5706 2110 1932 5707 1823 1955 5708 1823 1955 5709 2107 1934 5710 1822 1940 5711 2116 1956 5712 2120 1957 5713 2117 1958 5714 2117 1958 5715 2121 1959 5716 2118 1960 5717 2122 1961 5718 2120 1957 5719 2119 1962 5720 2120 1957 5721 2124 1963 5722 2121 1959 5723 1592 1964 5724 2116 1956 5725 1752 1901 5726 1752 1901 5727 2117 1958 5728 1751 1898 5729 1751 1898 5730 2118 1960 5731 1750 1896 5732 2118 1960 5733 1590 1897 5734 1750 1896 5735 2118 1960 5736 1769 1965 5737 1770 1966 5738 2121 1959 5739 1768 1967 5740 1769 1965 5741 2124 1963 5742 1594 1929 5743 1768 1967 5744 2123 1968 5745 1762 1928 5746 2124 1963 5747 1764 1969 5748 2123 1968 5749 2122 1961 5750 1596 1926 5751 2122 1961 5752 1771 1970 5753 1771 1970 5754 2119 1962 5755 1772 1971 5756 1772 1971 5757 2116 1956 5758 1773 1972 5759 2125 1973 5760 2129 1974 5761 2126 1975 5762 2126 1975 5763 2130 1976 5764 2127 1977 5765 2128 1978 5766 2132 1979 5767 2129 1974 5768 2129 1974 5769 2133 1980 5770 2130 1976 5771 1589 1945 5772 2125 1973 5773 1746 1981 5774 1746 1981 5775 2126 1975 5776 1745 1982 5777 1745 1982 5778 2127 1977 5779 1744 1983 5780 1744 1983 5781 1774 1984 5782 1591 1985 5783 2127 1977 5784 1775 1986 5785 1774 1984 5786 2130 1976 5787 1776 1987 5788 1775 1986 5789 2133 1980 5790 1595 1988 5791 1776 1987 5792 2132 1979 5793 1756 1989 5794 2133 1980 5795 2131 1990 5796 1757 1991 5797 2132 1979 5798 1593 1992 5799 2131 1990 5800 1767 1950 5801 1767 1950 5802 2128 1978 5803 1766 1948 5804 1766 1948 5805 2125 1973 5806 1765 1946 5807 2137 1993 5808 2135 1994 5809 2134 1995 5810 2138 1996 5811 2136 1997 5812 2135 1994 5813 2140 1998 5814 2138 1996 5815 2137 1993 5816 2141 1999 5817 2139 2000 5818 2138 1996 5819 1789 2001 5820 1782 1903 5821 1598 1904 5822 2134 1995 5823 1781 1902 5824 1782 1903 5825 2135 1994 5826 1780 1900 5827 1781 1902 5828 2136 1997 5829 1592 1964 5830 1780 1900 5831 2139 2000 5832 1773 1972 5833 2136 1997 5834 2142 2002 5835 1772 1971 5836 2139 2000 5837 1786 1924 5838 1771 1970 5839 2142 2002 5840 1787 1923 5841 2142 2002 5842 2141 1999 5843 1788 1921 5844 2141 1999 5845 2140 1998 5846 1600 1922 5847 2140 1998 5848 1791 2003 5849 1791 2003 5850 2137 1993 5851 1790 2004 5852 1790 2004 5853 2134 1995 5854 1789 2001 5855 2143 2005 5856 2147 2006 5857 2144 2007 5858 2144 2007 5859 2148 2008 5860 2145 2009 5861 2146 2010 5862 2150 2011 5863 2147 2006 5864 2147 2006 5865 2151 2012 5866 2148 2008 5867 1601 2013 5868 2143 2005 5869 1803 2014 5870 1803 2014 5871 2144 2007 5872 1802 2015 5873 1802 2015 5874 2145 2009 5875 1801 2016 5876 1801 2016 5877 1789 2001 5878 1598 1904 5879 2145 2009 5880 1790 2004 5881 1789 2001 5882 2148 2008 5883 1791 2003 5884 1790 2004 5885 2151 2012 5886 1600 1922 5887 1791 2003 5888 2150 2011 5889 1804 2017 5890 2151 2012 5891 2149 2018 5892 1805 2019 5893 2150 2011 5894 1821 2020 5895 1806 2021 5896 2149 2018 5897 1820 2022 5898 2149 2018 5899 2146 2010 5900 1819 2023 5901 2146 2010 5902 2143 2005 5903 2152 2024 5904 2156 2025 5905 2153 2026 5906 2153 2026 5907 2157 2027 5908 2154 2028 5909 2155 2029 5910 2159 2030 5911 2156 2025 5912 2156 2025 5913 2160 2031 5914 2157 2027 5915 1590 1897 5916 2152 2024 5917 1743 1895 5918 1743 1895 5919 2153 2026 5920 1742 1894 5921 1742 1894 5922 2154 2028 5923 1741 1893 5924 1741 1893 5925 1792 2032 5926 1597 1892 5927 2154 2028 5928 1793 2033 5929 1792 2032 5930 2157 2027 5931 1794 2034 5932 1793 2033 5933 2160 2031 5934 1599 1918 5935 1794 2034 5936 2159 2030 5937 1753 1916 5938 2160 2031 5939 2158 2035 5940 1754 1931 5941 2159 2030 5942 1768 1967 5943 1755 1930 5944 2158 2035 5945 1769 1965 5946 2158 2035 5947 2155 2029 5948 1770 1966 5949 2155 2029 5950 2152 2024 5951 2164 2036 5952 2162 2037 5953 2161 2038 5954 2165 2039 5955 2163 2040 5956 2162 2037 5957 2167 2041 5958 2165 2039 5959 2164 2036 5960 2168 2042 5961 2166 2043 5962 2165 2039 5963 1604 1953 5964 2161 2038 5965 1818 2044 5966 2161 2038 5967 1817 2045 5968 1818 2044 5969 2162 2037 5970 1816 2046 5971 1817 2045 5972 2163 2040 5973 1602 2047 5974 1816 2046 5975 2166 2043 5976 1806 2021 5977 2163 2040 5978 2169 2048 5979 1805 2019 5980 2166 2043 5981 1795 1920 5982 1804 2017 5983 2169 2048 5984 1796 1919 5985 2169 2048 5986 2168 2042 5987 1797 1917 5988 2168 2042 5989 2167 2041 5990 1599 1918 5991 2167 2041 5992 1785 2049 5993 1785 2049 5994 2164 2036 5995 1784 2050 5996 1783 2051 5997 2164 2036 5998 2161 2038 5999 2173 2052 6000 2171 2053 6001 2170 2054 6002 2174 2055 6003 2172 2056 6004 2171 2053 6005 2173 2052 6006 2177 2057 6007 2174 2055 6008 2174 2055 6009 2178 2058 6010 2175 2059 6011 1813 2060 6012 1777 2061 6013 1603 1942 6014 2170 2054 6015 1778 2062 6016 1777 2061 6017 2171 2053 6018 1779 2063 6019 1778 2062 6020 2172 2056 6021 1597 1892 6022 1779 2063 6023 2175 2059 6024 1798 1907 6025 2172 2056 6026 2178 2058 6027 1799 1906 6028 2175 2059 6029 2178 2058 6030 1598 1904 6031 1800 1905 6032 2177 2057 6033 1801 2016 6034 2178 2058 6035 2176 2064 6036 1802 2015 6037 2177 2057 6038 1815 2065 6039 1803 2014 6040 2176 2064 6041 1814 2066 6042 2176 2064 6043 2173 2052 6044 1814 2066 6045 2170 2054 6046 1813 2060 6047 2182 2067 6048 2180 2068 6049 2179 2069 6050 2183 2070 6051 2181 2071 6052 2180 2068 6053 2185 2072 6054 2183 2070 6055 2182 2067 6056 2183 2070 6057 2187 2073 6058 2184 2074 6059 1746 1981 6060 1807 1944 6061 1589 1945 6062 2179 2069 6063 1808 1943 6064 1807 1944 6065 2180 2068 6066 1809 1941 6067 1808 1943 6068 2181 2071 6069 1603 1942 6070 1809 1941 6071 2184 2074 6072 1813 2060 6073 2181 2071 6074 2184 2074 6075 1815 2065 6076 1814 2066 6077 2187 2073 6078 1601 2013 6079 1815 2065 6080 2186 2075 6081 1747 2076 6082 2187 2073 6083 2185 2072 6084 1748 2077 6085 2186 2075 6086 1591 1985 6087 2185 2072 6088 1744 1983 6089 1744 1983 6090 2182 2067 6091 1745 1982 6092 1745 1982 6093 2179 2069 6094 1746 1981 6095 2188 2078 6096 2192 2079 6097 2189 2080 6098 2192 2079 6099 2190 2081 6100 2189 2080 6101 2194 2082 6102 2192 2079 6103 2191 2083 6104 2195 2084 6105 2193 2085 6106 2192 2079 6107 1593 1992 6108 2188 2078 6109 1758 2086 6110 1758 2086 6111 2189 2080 6112 1757 1991 6113 2189 2080 6114 1756 1989 6115 1757 1991 6116 2190 2081 6117 1595 1988 6118 1756 1989 6119 2193 2085 6120 1761 2087 6121 2190 2081 6122 2196 2088 6123 1760 2089 6124 2193 2085 6125 1816 2046 6126 1759 2090 6127 2196 2088 6128 1817 2045 6129 2196 2088 6130 2195 2084 6131 1818 2044 6132 2195 2084 6133 2194 2082 6134 1812 1952 6135 1818 2044 6136 2194 2082 6137 1811 1951 6138 2194 2082 6139 2191 2083 6140 1810 1949 6141 2191 2083 6142 2188 2078 6143 2197 2091 6144 2201 2092 6145 2198 2093 6146 2198 2093 6147 2202 2094 6148 2199 2095 6149 2200 2096 6150 2204 2097 6151 2201 2092 6152 2201 2092 6153 2205 2098 6154 2202 2094 6155 1591 1985 6156 2197 2091 6157 1749 2099 6158 1749 2099 6159 2198 2093 6160 1748 2077 6161 1748 2077 6162 2199 2095 6163 1747 2076 6164 1747 2076 6165 1819 2023 6166 1601 2013 6167 2199 2095 6168 1820 2022 6169 1819 2023 6170 2202 2094 6171 1821 2020 6172 1820 2022 6173 2205 2098 6174 1602 2047 6175 1821 2020 6176 2204 2097 6177 1759 2090 6178 2205 2098 6179 2203 2100 6180 1760 2089 6181 2204 2097 6182 1776 1987 6183 1761 2087 6184 2203 2100 6185 1775 1986 6186 2203 2100 6187 2200 2096 6188 1774 1984 6189 2200 2096 6190 2197 2091 6191 2209 2101 6192 2207 2102 6193 2206 2103 6194 2210 2104 6195 2208 2105 6196 2207 2102 6197 2212 2106 6198 2210 2104 6199 2209 2101 6200 2213 2107 6201 2211 2108 6202 2210 2104 6203 1792 2032 6204 1779 2063 6205 1597 1892 6206 2206 2103 6207 1778 2062 6208 1779 2063 6209 2207 2102 6210 1777 2061 6211 1778 2062 6212 2208 2105 6213 1603 1942 6214 1777 2061 6215 2211 2108 6216 1822 1940 6217 2208 2105 6218 2214 2109 6219 1823 1955 6220 2211 2108 6221 1783 2051 6222 1824 1954 6223 2214 2109 6224 1784 2050 6225 2214 2109 6226 2213 2107 6227 1785 2049 6228 2213 2107 6229 2212 2106 6230 1794 2034 6231 1785 2049 6232 2212 2106 6233 1794 2034 6234 2209 2101 6235 1793 2033 6236 1793 2033 6237 2206 2103 6238 1792 2032 6239 2215 2110 6240 2219 2111 6241 2216 2112 6242 2216 2112 6243 2220 2113 6244 2217 2114 6245 2221 2115 6246 2219 2111 6247 2218 2116 6248 2222 2117 6249 2220 2113 6250 2219 2111 6251 1613 2118 6252 2215 2110 6253 1825 2119 6254 1825 2119 6255 2216 2112 6256 1826 2120 6257 1826 2120 6258 2217 2114 6259 1827 2121 6260 1827 2121 6261 1834 2122 6262 1606 2123 6263 2217 2114 6264 1835 2124 6265 1834 2122 6266 2223 2125 6267 1835 2124 6268 2220 2113 6269 1864 2126 6270 1836 2127 6271 2223 2125 6272 1865 2128 6273 2223 2125 6274 2222 2117 6275 1866 2129 6276 2222 2117 6277 2221 2115 6278 1614 2130 6279 2221 2115 6280 1884 2131 6281 1884 2131 6282 2218 2116 6283 1883 2132 6284 1882 2133 6285 2218 2116 6286 2215 2110 6287 2227 2134 6288 2225 2135 6289 2224 2136 6290 2225 2135 6291 2229 2137 6292 2226 2138 6293 2230 2139 6294 2228 2140 6295 2227 2134 6296 2228 2140 6297 2232 2141 6298 2229 2137 6299 1837 2142 6300 1881 2143 6301 1615 2144 6302 2224 2136 6303 1880 2145 6304 1881 2143 6305 1880 2145 6306 2226 2138 6307 1879 2146 6308 1879 2146 6309 1872 2147 6310 1616 2148 6311 2226 2138 6312 1871 2149 6313 1872 2147 6314 2229 2137 6315 1870 2150 6316 1871 2149 6317 2232 2141 6318 1612 2151 6319 1870 2150 6320 2231 2152 6321 1848 2153 6322 2232 2141 6323 1846 2154 6324 2231 2152 6325 2230 2139 6326 1610 2155 6327 2230 2139 6328 1839 2156 6329 1839 2156 6330 2227 2134 6331 1838 2157 6332 1838 2157 6333 2224 2136 6334 1837 2142 6335 2236 2158 6336 2234 2159 6337 2233 2160 6338 2237 2161 6339 2235 2162 6340 2234 2159 6341 2239 2163 6342 2237 2161 6343 2236 2158 6344 2240 2164 6345 2238 2165 6346 2237 2161 6347 1906 2166 6348 1893 2167 6349 1619 2168 6350 2233 2160 6351 1892 2169 6352 1893 2167 6353 2234 2159 6354 1891 2170 6355 1892 2169 6356 2235 2162 6357 1605 2171 6358 1891 2170 6359 2238 2165 6360 1849 2172 6361 2235 2162 6362 2241 2173 6363 1850 2174 6364 2238 2165 6365 1894 2175 6366 1851 2176 6367 2241 2173 6368 1895 2177 6369 2241 2173 6370 2240 2164 6371 1896 2178 6372 2240 2164 6373 2239 2163 6374 1620 2179 6375 2239 2163 6376 1908 2180 6377 1908 2180 6378 2236 2158 6379 1907 2181 6380 1907 2181 6381 2233 2160 6382 1906 2166 6383 2245 2182 6384 2243 2183 6385 2242 2184 6386 2243 2183 6387 2247 2185 6388 2244 2186 6389 2248 2187 6390 2246 2188 6391 2245 2182 6392 2246 2188 6393 2250 2189 6394 2247 2185 6395 1608 2190 6396 2242 2184 6397 1836 2127 6398 1836 2127 6399 2243 2183 6400 1835 2124 6401 2243 2183 6402 1834 2122 6403 1835 2124 6404 2244 2186 6405 1606 2123 6406 1834 2122 6407 2244 2186 6408 1853 2191 6409 1854 2192 6410 2247 2185 6411 1852 2193 6412 1853 2191 6413 2250 2189 6414 1610 2155 6415 1852 2193 6416 2249 2194 6417 1846 2154 6418 2250 2189 6419 1848 2153 6420 2249 2194 6421 2248 2187 6422 1612 2151 6423 2248 2187 6424 1855 2195 6425 1855 2195 6426 2245 2182 6427 1856 2196 6428 1856 2196 6429 2242 2184 6430 1857 2197 6431 2254 2198 6432 2252 2199 6433 2251 2200 6434 2252 2199 6435 2256 2201 6436 2253 2202 6437 2257 2203 6438 2255 2204 6439 2254 2198 6440 2255 2204 6441 2259 2205 6442 2256 2201 6443 1849 2172 6444 1830 2206 6445 1605 2171 6446 2251 2200 6447 1829 2207 6448 1830 2206 6449 2252 2199 6450 1828 2208 6451 1829 2207 6452 1828 2208 6453 1858 2209 6454 1607 2210 6455 2253 2202 6456 1859 2211 6457 1858 2209 6458 2256 2201 6459 1860 2212 6460 1859 2211 6461 2259 2205 6462 1611 2213 6463 1860 2212 6464 2258 2214 6465 1840 2215 6466 2259 2205 6467 1842 2216 6468 2258 2214 6469 2257 2203 6470 1609 2217 6471 2257 2203 6472 1851 2176 6473 1851 2176 6474 2254 2198 6475 1850 2174 6476 1850 2174 6477 2251 2200 6478 1849 2172 6479 2263 2218 6480 2261 2219 6481 2260 2220 6482 2264 2221 6483 2262 2222 6484 2261 2219 6485 2266 2223 6486 2264 2221 6487 2263 2218 6488 2267 2224 6489 2265 2225 6490 2264 2221 6491 1873 2226 6492 1866 2129 6493 1614 2130 6494 2260 2220 6495 1865 2128 6496 1866 2129 6497 2261 2219 6498 1864 2126 6499 1865 2128 6500 2262 2222 6501 1608 2190 6502 1864 2126 6503 2265 2225 6504 1857 2197 6505 2262 2222 6506 2268 2227 6507 1856 2196 6508 2265 2225 6509 1870 2150 6510 1855 2195 6511 2268 2227 6512 1871 2149 6513 2268 2227 6514 2267 2224 6515 1872 2147 6516 2267 2224 6517 2266 2223 6518 1616 2148 6519 2266 2223 6520 1875 2228 6521 1875 2228 6522 2263 2218 6523 1874 2229 6524 1874 2229 6525 2260 2220 6526 1873 2226 6527 2269 2230 6528 2273 2231 6529 2270 2232 6530 2270 2232 6531 2274 2233 6532 2271 2234 6533 2272 2235 6534 2276 2236 6535 2273 2231 6536 2273 2231 6537 2277 2237 6538 2274 2233 6539 1617 2238 6540 2269 2230 6541 1887 2239 6542 1887 2239 6543 2270 2232 6544 1886 2240 6545 1886 2240 6546 2271 2234 6547 1885 2241 6548 1885 2241 6549 1873 2226 6550 1614 2130 6551 2271 2234 6552 1874 2229 6553 1873 2226 6554 2274 2233 6555 1875 2228 6556 1874 2229 6557 1888 2242 6558 1875 2228 6559 2277 2237 6560 2276 2236 6561 1888 2242 6562 2277 2237 6563 2275 2243 6564 1889 2244 6565 2276 2236 6566 1905 2245 6567 1890 2246 6568 2275 2243 6569 1904 2247 6570 2275 2243 6571 2272 2235 6572 1903 2248 6573 2272 2235 6574 2269 2230 6575 2278 2249 6576 2282 2250 6577 2279 2251 6578 2279 2251 6579 2283 2252 6580 2280 2253 6581 2281 2254 6582 2285 2255 6583 2282 2250 6584 2282 2250 6585 2286 2256 6586 2283 2252 6587 1606 2123 6588 2278 2249 6589 1827 2121 6590 1827 2121 6591 2279 2251 6592 1826 2120 6593 1826 2120 6594 2280 2253 6595 1825 2119 6596 1825 2119 6597 1876 2257 6598 1613 2118 6599 2280 2253 6600 1877 2258 6601 1876 2257 6602 2283 2252 6603 1878 2259 6604 1877 2258 6605 2286 2256 6606 1615 2144 6607 1878 2259 6608 2285 2255 6609 1837 2142 6610 2286 2256 6611 2284 2260 6612 1838 2157 6613 2285 2255 6614 1852 2193 6615 1839 2156 6616 2284 2260 6617 1853 2191 6618 2284 2260 6619 2281 2254 6620 1854 2192 6621 2281 2254 6622 2278 2249 6623 2287 2261 6624 2291 2262 6625 2288 2263 6626 2291 2262 6627 2289 2264 6628 2288 2263 6629 2290 2265 6630 2294 2266 6631 2291 2262 6632 2291 2262 6633 2295 2267 6634 2292 2268 6635 1620 2179 6636 2287 2261 6637 1902 2269 6638 1902 2269 6639 2288 2263 6640 1901 2270 6641 2288 2263 6642 1900 2271 6643 1901 2270 6644 2289 2264 6645 1618 2272 6646 1900 2271 6647 2292 2268 6648 1890 2246 6649 2289 2264 6650 2295 2267 6651 1889 2244 6652 2292 2268 6653 2295 2267 6654 1616 2148 6655 1888 2242 6656 2294 2266 6657 1879 2146 6658 2295 2267 6659 2293 2273 6660 1880 2145 6661 2294 2266 6662 1615 2144 6663 2293 2273 6664 1869 2274 6665 1868 2275 6666 2293 2273 6667 2290 2265 6668 1867 2276 6669 2290 2265 6670 2287 2261 6671 2299 2277 6672 2297 2278 6673 2296 2279 6674 2300 2280 6675 2298 2281 6676 2297 2278 6677 2299 2277 6678 2303 2282 6679 2300 2280 6680 2300 2280 6681 2304 2283 6682 2301 2284 6683 1897 2285 6684 1861 2286 6685 1619 2168 6686 2296 2279 6687 1862 2287 6688 1861 2286 6689 2297 2278 6690 1863 2288 6691 1862 2287 6692 2298 2281 6693 1613 2118 6694 1863 2288 6695 2301 2284 6696 1882 2133 6697 2298 2281 6698 2301 2284 6699 1884 2131 6700 1883 2132 6701 2304 2283 6702 1614 2130 6703 1884 2131 6704 2303 2282 6705 1885 2241 6706 2304 2283 6707 2302 2289 6708 1886 2240 6709 2303 2282 6710 1899 2290 6711 1887 2239 6712 2302 2289 6713 1898 2291 6714 2302 2289 6715 2299 2277 6716 1898 2291 6717 2296 2279 6718 1897 2285 6719 2308 2292 6720 2306 2293 6721 2305 2294 6722 2309 2295 6723 2307 2296 6724 2306 2293 6725 2308 2292 6726 2312 2297 6727 2309 2295 6728 2309 2295 6729 2313 2298 6730 2310 2299 6731 1605 2171 6732 2305 2294 6733 1891 2170 6734 2305 2294 6735 1892 2169 6736 1891 2170 6737 2306 2293 6738 1893 2167 6739 1892 2169 6740 2307 2296 6741 1619 2168 6742 1893 2167 6743 2310 2299 6744 1897 2285 6745 2307 2296 6746 2310 2299 6747 1899 2290 6748 1898 2291 6749 2313 2298 6750 1617 2238 6751 1899 2290 6752 2312 2297 6753 1831 2300 6754 2313 2298 6755 2311 2301 6756 1832 2302 6757 2312 2297 6758 1828 2208 6759 1833 2303 6760 2311 2301 6761 1829 2207 6762 2311 2301 6763 2308 2292 6764 1830 2206 6765 2308 2292 6766 2305 2294 6767 2314 2304 6768 2318 2305 6769 2315 2306 6770 2318 2305 6771 2316 2307 6772 2315 2306 6773 2317 2308 6774 2321 2309 6775 2318 2305 6776 2321 2309 6777 2319 2310 6778 2318 2305 6779 1609 2217 6780 2314 2304 6781 1842 2216 6782 1842 2216 6783 2315 2306 6784 1841 2311 6785 2315 2306 6786 1840 2215 6787 1841 2311 6788 2316 2307 6789 1611 2213 6790 1840 2215 6791 2319 2310 6792 1845 2312 6793 2316 2307 6794 2322 2313 6795 1844 2314 6796 2319 2310 6797 1900 2271 6798 1843 2315 6799 2322 2313 6800 1901 2270 6801 2322 2313 6802 2321 2309 6803 2320 2316 6804 1901 2270 6805 2321 2309 6806 1896 2178 6807 1902 2269 6808 2320 2316 6809 1895 2177 6810 2320 2316 6811 2317 2308 6812 1894 2175 6813 2317 2308 6814 2314 2304 6815 2323 2317 6816 2327 2318 6817 2324 2319 6818 2324 2319 6819 2328 2320 6820 2325 2321 6821 2326 2322 6822 2330 2323 6823 2327 2318 6824 2327 2318 6825 2331 2324 6826 2328 2320 6827 1607 2210 6828 2323 2317 6829 1833 2303 6830 1833 2303 6831 2324 2319 6832 1832 2302 6833 1832 2302 6834 2325 2321 6835 1831 2300 6836 1831 2300 6837 1903 2248 6838 1617 2238 6839 2325 2321 6840 1904 2247 6841 1903 2248 6842 2328 2320 6843 1905 2245 6844 1904 2247 6845 2331 2324 6846 1618 2272 6847 1905 2245 6848 2330 2323 6849 1843 2315 6850 2331 2324 6851 2329 2325 6852 1844 2314 6853 2330 2323 6854 1860 2212 6855 1845 2312 6856 2329 2325 6857 1859 2211 6858 2329 2325 6859 2326 2322 6860 1858 2209 6861 2326 2322 6862 2323 2317 6863 2335 2326 6864 2333 2327 6865 2332 2328 6866 2336 2329 6867 2334 2330 6868 2333 2327 6869 2338 2331 6870 2336 2329 6871 2335 2326 6872 2339 2332 6873 2337 2333 6874 2336 2329 6875 1876 2257 6876 1863 2288 6877 1613 2118 6878 2332 2328 6879 1862 2287 6880 1863 2288 6881 2333 2327 6882 1861 2286 6883 1862 2287 6884 2334 2330 6885 1619 2168 6886 1861 2286 6887 2337 2333 6888 1906 2166 6889 2334 2330 6890 2340 2334 6891 1907 2181 6892 2337 2333 6893 1867 2276 6894 1908 2180 6895 2340 2334 6896 1868 2275 6897 2340 2334 6898 2339 2332 6899 1869 2274 6900 2339 2332 6901 2338 2331 6902 1878 2259 6903 1869 2274 6904 2338 2331 6905 1878 2259 6906 2335 2326 6907 1877 2258 6908 1877 2258 6909 2332 2328 6910 1876 2257 6911 1134 784 10104 1137 788 10105 1136 785 10106 1134 784 10107 1135 795 10108 1138 787 10109 1136 785 10110 1137 788 10111 1140 789 10112 1138 787 10113 1141 799 10114 1140 789 10115 845 791 10116 1133 786 10117 850 792 10118 846 794 10119 1134 784 10120 1133 786 10121 846 794 10122 847 796 10123 1135 795 10124 847 796 10125 789 840 10126 854 797 10127 1135 795 10128 854 797 10129 855 798 10130 855 798 10131 856 800 10132 1141 799 10133 856 800 10134 791 838 10135 851 801 10136 1141 799 10137 851 801 10138 852 802 10139 1139 790 10140 1140 789 10141 852 802 10142 848 804 10143 1139 790 10144 853 803 10145 849 806 10146 1136 785 10147 1139 790 10148 1133 786 10149 1136 785 10150 849 806 10151 1143 807 10152 1146 811 10153 1145 808 10154 1143 807 10155 1144 818 10156 1147 810 10157 1145 808 10158 1146 811 10159 1149 812 10160 1147 810 10161 1150 822 10162 1149 812 10163 862 814 10164 1142 809 10165 857 815 10166 861 817 10167 1143 807 10168 1142 809 10169 861 817 10170 860 819 10171 1144 818 10172 860 819 10173 795 859 10174 865 820 10175 1144 818 10176 865 820 10177 864 821 10178 864 821 10179 863 823 10180 1150 822 10181 863 823 10182 796 844 10183 868 824 10184 1150 822 10185 868 824 10186 867 825 10187 1148 813 10188 1149 812 10189 867 825 10190 859 827 10191 1148 813 10192 866 826 10193 858 829 10194 1145 808 10195 1148 813 10196 1142 809 10197 1145 808 10198 858 829 10199 1151 830 10200 1152 834 10201 1155 831 10202 1153 833 10203 1156 842 10204 1155 831 10205 1155 831 10206 1158 837 10207 1157 835 10208 1155 831 10209 1156 842 10210 1159 836 10211 791 838 10212 856 800 10213 1151 830 10214 856 800 10215 855 798 10216 1152 834 10217 854 797 10218 1153 833 10219 1152 834 10220 789 840 10221 869 841 10222 1153 833 10223 869 841 10224 870 881 10225 1156 842 10226 1156 842 10227 870 881 10228 871 843 10229 1159 836 10230 871 843 10231 794 828 10232 1158 837 10233 1159 836 10234 866 826 10235 1158 837 10236 867 825 10237 868 824 10238 1157 835 10239 868 824 10240 796 844 10241 1154 832 10242 1157 835 10243 872 845 10244 874 839 10245 1151 830 10246 1154 832 10247 1160 847 10248 1161 851 10249 1164 848 10250 1162 850 10251 1165 857 10252 1164 848 10253 1164 848 10254 1167 854 10255 1166 852 10256 1164 848 10257 1165 857 10258 1168 853 10259 790 793 10260 850 792 10261 1160 847 10262 850 792 10263 849 806 10264 1161 851 10265 848 804 10266 1162 850 10267 1161 851 10268 792 805 10269 875 856 10270 1162 850 10271 875 856 10272 876 871 10273 1165 857 10274 1165 857 10275 876 871 10276 877 858 10277 1168 853 10278 877 858 10279 795 859 10280 1167 854 10281 1168 853 10282 860 819 10283 1167 854 10284 861 817 10285 862 814 10286 1166 852 10287 862 814 10288 793 816 10289 1163 849 10290 1166 852 10291 878 860 10292 880 855 10293 1160 847 10294 1163 849 10295 1169 862 10296 1170 866 10297 1173 863 10298 1171 865 10299 1174 870 10300 1173 863 10301 1173 863 10302 1176 869 10303 1175 867 10304 1173 863 10305 1174 870 10306 1177 868 10307 792 805 10308 853 803 10309 1169 862 10310 853 803 10311 852 802 10312 1170 866 10313 851 801 10314 1171 865 10315 1170 866 10316 791 838 10317 874 839 10318 1171 865 10319 874 839 10320 873 846 10321 1174 870 10322 1174 870 10323 873 846 10324 872 845 10325 1177 868 10326 872 845 10327 796 844 10328 1176 869 10329 1177 868 10330 863 823 10331 1176 869 10332 864 821 10333 865 820 10334 1175 867 10335 865 820 10336 795 859 10337 1172 864 10338 1175 867 10339 877 858 10340 875 856 10341 1169 862 10342 1172 864 10343 1178 872 10344 1179 876 10345 1182 873 10346 1180 875 10347 1183 880 10348 1182 873 10349 1182 873 10350 1185 879 10351 1184 877 10352 1182 873 10353 1183 880 10354 1186 878 10355 789 840 10356 847 796 10357 1178 872 10358 847 796 10359 846 794 10360 1179 876 10361 845 791 10362 1180 875 10363 1179 876 10364 790 793 10365 880 855 10366 1180 875 10367 880 855 10368 879 861 10369 1183 880 10370 1183 880 10371 879 861 10372 878 860 10373 1186 878 10374 878 860 10375 793 816 10376 1185 879 10377 1186 878 10378 857 815 10379 1185 879 10380 858 829 10381 859 827 10382 1184 877 10383 859 827 10384 794 828 10385 1181 874 10386 1184 877 10387 871 843 10388 869 841 10389 1178 872 10390 1181 874 10391 1187 882 10392 1188 885 10393 1191 883 10394 1188 885 10395 1189 893 10396 1192 886 10397 1191 883 10398 1194 888 10399 1193 887 10400 1192 886 10401 1195 897 10402 1194 888 10403 805 889 10404 881 891 10405 1187 882 10406 881 891 10407 882 892 10408 1188 885 10409 882 892 10410 883 894 10411 1189 893 10412 883 894 10413 798 963 10414 890 895 10415 1189 893 10416 890 895 10417 891 896 10418 891 896 10419 892 898 10420 1195 897 10421 892 898 10422 800 961 10423 920 899 10424 1195 897 10425 920 899 10426 921 900 10427 1194 888 10428 921 900 10429 922 901 10430 1193 887 10431 922 901 10432 806 902 10433 1190 884 10434 1193 887 10435 940 903 10436 938 890 10437 1187 882 10438 1190 884 10439 1196 905 10440 1197 908 10441 1200 906 10442 1197 908 10443 1198 917 10444 1201 909 10445 1199 907 10446 1200 906 10447 1203 910 10448 1200 906 10449 1201 909 10450 1204 912 10451 807 913 10452 937 915 10453 1196 905 10454 937 915 10455 936 916 10456 1197 908 10457 936 916 10458 935 918 10459 1198 917 10460 935 918 10461 808 999 10462 928 919 10463 1198 917 10464 928 919 10465 927 920 10466 1201 909 10467 927 920 10468 926 921 10469 1204 912 10470 926 921 10471 804 922 10472 1203 910 10473 1204 912 10474 904 923 10475 1202 911 10476 1203 910 10477 903 924 10478 1202 911 10479 902 925 10480 802 926 10481 1199 907 10482 1202 911 10483 895 927 10484 1196 905 10485 1199 907 10486 894 928 10487 1206 929 10488 1209 933 10489 1208 930 10490 1207 932 10491 1210 935 10492 1209 933 10493 1209 933 10494 1212 936 10495 1211 934 10496 1210 935 10497 1213 945 10498 1212 936 10499 949 937 10500 1205 931 10501 962 938 10502 948 940 10503 1206 929 10504 1205 931 10505 947 941 10506 1207 932 10507 1206 929 10508 797 942 10509 905 943 10510 1207 932 10511 905 943 10512 906 944 10513 1210 935 10514 906 944 10515 907 946 10516 1213 945 10517 907 946 10518 801 988 10519 950 947 10520 1213 945 10521 950 947 10522 951 948 10523 1212 936 10524 951 948 10525 952 949 10526 1211 934 10527 952 949 10528 812 950 10529 1208 930 10530 1211 934 10531 964 951 10532 1205 931 10533 1208 930 10534 963 952 10535 1215 953 10536 1218 957 10537 1217 954 10538 1216 956 10539 1219 965 10540 1218 957 10541 1218 957 10542 1221 960 10543 1220 958 10544 1218 957 10545 1219 965 10546 1222 959 10547 800 961 10548 892 898 10549 1214 955 10550 891 896 10551 1215 953 10552 1214 955 10553 890 895 10554 1216 956 10555 1215 953 10556 798 963 10557 910 1030 10558 1216 956 10559 1216 956 10560 910 1030 10561 909 964 10562 1219 965 10563 909 964 10564 908 966 10565 1222 959 10566 908 966 10567 802 926 10568 1221 960 10569 1222 959 10570 902 925 10571 1221 960 10572 903 924 10573 904 923 10574 1220 958 10575 904 923 10576 804 922 10577 1217 954 10578 1220 958 10579 911 967 10580 1214 955 10581 1217 954 10582 912 968 10583 1224 969 10584 1227 973 10585 1226 970 10586 1225 972 10587 1228 975 10588 1227 973 10589 1227 973 10590 1230 976 10591 1229 974 10592 1228 975 10593 1231 983 10594 1230 976 10595 886 977 10596 1223 971 10597 905 943 10598 885 978 10599 1224 969 10600 1223 971 10601 884 979 10602 1225 972 10603 1224 969 10604 799 980 10605 914 1097 10606 1225 972 10607 1225 972 10608 914 1097 10609 915 981 10610 1228 975 10611 915 981 10612 916 982 10613 1231 983 10614 916 982 10615 803 984 10616 1231 983 10617 896 985 10618 897 986 10619 1230 976 10620 897 986 10621 898 987 10622 1229 974 10623 898 987 10624 801 988 10625 1226 970 10626 1229 974 10627 907 946 10628 1223 971 10629 1226 970 10630 906 944 10631 1233 989 10632 1236 993 10633 1235 990 10634 1234 992 10635 1237 995 10636 1236 993 10637 1236 993 10638 1239 996 10639 1238 994 10640 1237 995 10641 1240 998 10642 1239 996 10643 922 901 10644 1232 991 10645 929 997 10646 921 900 10647 1233 989 10648 1232 991 10649 920 899 10650 1234 992 10651 1233 989 10652 800 961 10653 913 962 10654 1234 992 10655 913 962 10656 912 968 10657 1237 995 10658 912 968 10659 911 967 10660 1240 998 10661 911 967 10662 804 922 10663 926 921 10664 1240 998 10665 926 921 10666 927 920 10667 1239 996 10668 927 920 10669 928 919 10670 1238 994 10671 928 919 10672 808 999 10673 1235 990 10674 1238 994 10675 931 1000 10676 1232 991 10677 1235 990 10678 930 1001 10679 1241 1002 10680 1242 1005 10681 1245 1003 10682 1242 1005 10683 1243 1014 10684 1246 1006 10685 1244 1004 10686 1245 1003 10687 1248 1007 10688 1245 1003 10689 1246 1006 10690 1249 1009 10691 809 1010 10692 943 1012 10693 1241 1002 10694 943 1012 10695 942 1013 10696 1242 1005 10697 942 1013 10698 941 1015 10699 1243 1014 10700 941 1015 10701 806 902 10702 929 997 10703 1243 1014 10704 929 997 10705 930 1001 10706 1246 1006 10707 930 1001 10708 931 1000 10709 931 1000 10710 808 999 10711 944 1016 10712 1248 1007 10713 1249 1009 10714 944 1016 10715 1247 1008 10716 1248 1007 10717 945 1017 10718 961 1019 10719 1247 1008 10720 946 1018 10721 960 1021 10722 1244 1004 10723 1247 1008 10724 959 1011 10725 1241 1002 10726 1244 1004 10727 1250 1022 10728 1251 1025 10729 1254 1023 10730 1251 1025 10731 1252 1031 10732 1255 1026 10733 1253 1024 10734 1254 1023 10735 1257 1027 10736 1254 1023 10737 1255 1026 10738 1258 1029 10739 798 963 10740 883 894 10741 1250 1022 10742 883 894 10743 882 892 10744 1251 1025 10745 882 892 10746 881 891 10747 1252 1031 10748 881 891 10749 805 889 10750 932 1032 10751 1252 1031 10752 932 1032 10753 933 1033 10754 1255 1026 10755 933 1033 10756 934 1034 10757 1258 1029 10758 934 1034 10759 807 913 10760 1257 1027 10761 1258 1029 10762 893 914 10763 1256 1028 10764 1257 1027 10765 894 928 10766 908 966 10767 1256 1028 10768 895 927 10769 909 964 10770 1253 1024 10771 1256 1028 10772 910 1030 10773 1250 1022 10774 1253 1024 10775 1259 1035 10776 1260 1038 10777 1263 1036 10778 1260 1038 10779 1261 1046 10780 1264 1039 10781 1262 1037 10782 1263 1036 10783 1266 1040 10784 1263 1036 10785 1264 1039 10786 1267 1042 10787 812 950 10788 958 1044 10789 1259 1035 10790 958 1044 10791 957 1045 10792 1260 1038 10793 957 1045 10794 956 1047 10795 1261 1046 10796 810 1020 10797 946 1018 10798 1261 1046 10799 1261 1046 10800 946 1018 10801 945 1017 10802 1264 1039 10803 945 1017 10804 944 1016 10805 1267 1042 10806 944 1016 10807 808 999 10808 1266 1040 10809 1267 1042 10810 935 918 10811 1265 1041 10812 1266 1040 10813 936 916 10814 925 1048 10815 1265 1041 10816 937 915 10817 924 1049 10818 1262 1037 10819 1265 1041 10820 923 1043 10821 1259 1035 10822 1262 1037 10823 1269 1050 10824 1272 1054 10825 1271 1051 10826 1270 1053 10827 1273 1062 10828 1272 1054 10829 1271 1051 10830 1272 1054 10831 1275 1055 10832 1272 1054 10833 1273 1062 10834 1276 1057 10835 917 1058 10836 1268 1052 10837 953 1059 10838 918 1060 10839 1269 1050 10840 1268 1052 10841 919 1061 10842 1270 1053 10843 1269 1050 10844 805 889 10845 938 890 10846 1270 1053 10847 1270 1053 10848 938 890 10849 939 904 10850 1273 1062 10851 939 904 10852 940 903 10853 1276 1057 10854 940 903 10855 806 902 10856 1275 1055 10857 1276 1057 10858 941 1015 10859 1274 1056 10860 1275 1055 10861 942 1013 10862 955 1063 10863 1274 1056 10864 943 1012 10865 954 1064 10866 1271 1051 10867 1274 1056 10868 1268 1052 10869 1271 1051 10870 954 1064 10871 1277 1065 10872 1278 1069 10873 1281 1066 10874 1279 1068 10875 1282 1073 10876 1281 1066 10877 1280 1067 10878 1281 1066 10879 1284 1070 10880 1281 1066 10881 1282 1073 10882 1285 1072 10883 797 942 10884 947 941 10885 1277 1065 10886 948 940 10887 1278 1069 10888 1277 1065 10889 949 937 10890 1279 1068 10891 1278 1069 10892 811 939 10893 953 1059 10894 1279 1068 10895 953 1059 10896 954 1064 10897 1282 1073 10898 1282 1073 10899 954 1064 10900 955 1063 10901 1285 1072 10902 955 1063 10903 809 1010 10904 1284 1070 10905 1285 1072 10906 887 1074 10907 1283 1071 10908 1284 1070 10909 888 1075 10910 884 979 10911 1283 1071 10912 889 1076 10913 885 978 10914 1280 1067 10915 1283 1071 10916 886 977 10917 1277 1065 10918 1280 1067 10919 1286 1077 10920 1287 1080 10921 1290 1078 10922 1287 1080 10923 1288 1085 10924 1291 1081 10925 1289 1079 10926 1290 1078 10927 1293 1082 10928 1290 1078 10929 1291 1081 10930 1294 1084 10931 801 988 10932 898 987 10933 1286 1077 10934 898 987 10935 897 986 10936 1287 1080 10937 896 985 10938 1288 1085 10939 1287 1080 10940 803 984 10941 901 1086 10942 1288 1085 10943 901 1086 10944 900 1087 10945 1291 1081 10946 900 1087 10947 899 1088 10948 1294 1084 10949 899 1088 10950 810 1020 10951 956 1047 10952 1293 1082 10953 1294 1084 10954 956 1047 10955 1292 1083 10956 1293 1082 10957 957 1045 10958 952 949 10959 1292 1083 10960 958 1044 10961 951 948 10962 1289 1079 10963 1292 1083 10964 950 947 10965 1286 1077 10966 1289 1079 10967 1295 1089 10968 1296 1092 10969 1299 1090 10970 1296 1092 10971 1297 1098 10972 1300 1093 10973 1298 1091 10974 1299 1090 10975 1302 1094 10976 1299 1090 10977 1300 1093 10978 1303 1096 10979 799 980 10980 889 1076 10981 1295 1089 10982 889 1076 10983 888 1075 10984 1296 1092 10985 888 1075 10986 887 1074 10987 1297 1098 10988 887 1074 10989 809 1010 10990 959 1011 10991 1297 1098 10992 959 1011 10993 960 1021 10994 1300 1093 10995 960 1021 10996 961 1019 10997 1303 1096 10998 961 1019 10999 810 1020 11000 1302 1094 11001 1303 1096 11002 899 1088 11003 1301 1095 11004 1302 1094 11005 900 1087 11006 916 982 11007 1301 1095 11008 901 1086 11009 915 981 11010 1298 1091 11011 1301 1095 11012 914 1097 11013 1295 1089 11014 1298 1091 11015 1305 1099 11016 1308 1103 11017 1307 1100 11018 1306 1102 11019 1309 1105 11020 1308 1103 11021 1308 1103 11022 1311 1106 11023 1310 1104 11024 1309 1105 11025 1312 1107 11026 1311 1106 11027 919 1061 11028 1304 1101 11029 932 1032 11030 918 1060 11031 1305 1099 11032 1304 1101 11033 917 1058 11034 1306 1102 11035 1305 1099 11036 811 939 11037 962 938 11038 1306 1102 11039 962 938 11040 963 952 11041 1309 1105 11042 963 952 11043 964 951 11044 1312 1107 11045 964 951 11046 812 950 11047 923 1043 11048 1312 1107 11049 923 1043 11050 924 1049 11051 1311 1106 11052 924 1049 11053 925 1048 11054 1310 1104 11055 925 1048 11056 807 913 11057 1307 1100 11058 1310 1104 11059 934 1034 11060 1304 1101 11061 1307 1100 11062 933 1033 11063 1313 1108 11064 1314 1111 11065 1317 1109 11066 1314 1111 11067 1315 1119 11068 1318 1112 11069 1317 1109 11070 1320 1114 11071 1319 1113 11072 1318 1112 11073 1321 1123 11074 1320 1114 11075 821 1115 11076 965 1117 11077 1313 1108 11078 965 1117 11079 966 1118 11080 1314 1111 11081 966 1118 11082 967 1120 11083 1315 1119 11084 967 1120 11085 814 1190 11086 974 1121 11087 1315 1119 11088 974 1121 11089 975 1122 11090 975 1122 11091 976 1124 11092 1321 1123 11093 976 1124 11094 816 1187 11095 1004 1125 11096 1321 1123 11097 1004 1125 11098 1005 1126 11099 1320 1114 11100 1005 1126 11101 1006 1127 11102 1319 1113 11103 1006 1127 11104 822 1128 11105 1316 1110 11106 1319 1113 11107 1024 1129 11108 1022 1116 11109 1313 1108 11110 1316 1110 11111 1323 1131 11112 1326 1135 11113 1325 1132 11114 1324 1134 11115 1327 1137 11116 1326 1135 11117 1326 1135 11118 1329 1138 11119 1328 1136 11120 1327 1137 11121 1330 1147 11122 1329 1138 11123 1021 1139 11124 1322 1133 11125 977 1140 11126 1020 1142 11127 1323 1131 11128 1322 1133 11129 1019 1143 11130 1324 1134 11131 1323 1131 11132 1019 1143 11133 824 1225 11134 1012 1144 11135 1324 1134 11136 1012 1144 11137 1011 1145 11138 1327 1137 11139 1011 1145 11140 1010 1146 11141 1330 1147 11142 1010 1146 11143 820 1148 11144 1330 1147 11145 988 1149 11146 987 1150 11147 1329 1138 11148 987 1150 11149 986 1151 11150 1328 1136 11151 986 1151 11152 818 1152 11153 1325 1132 11154 1328 1136 11155 979 1153 11156 1322 1133 11157 1325 1132 11158 978 1154 11159 1332 1155 11160 1335 1159 11161 1334 1156 11162 1333 1158 11163 1336 1161 11164 1335 1159 11165 1335 1159 11166 1338 1162 11167 1337 1160 11168 1336 1161 11169 1339 1171 11170 1338 1162 11171 1033 1163 11172 1331 1157 11173 1046 1164 11174 1032 1166 11175 1332 1155 11176 1331 1157 11177 1031 1167 11178 1333 1158 11179 1332 1155 11180 813 1168 11181 989 1169 11182 1333 1158 11183 989 1169 11184 990 1170 11185 1336 1161 11186 990 1170 11187 991 1172 11188 1339 1171 11189 991 1172 11190 817 1214 11191 1034 1173 11192 1339 1171 11193 1034 1173 11194 1035 1174 11195 1338 1162 11196 1035 1174 11197 1036 1175 11198 1337 1160 11199 1036 1175 11200 828 1176 11201 1334 1156 11202 1337 1160 11203 1048 1177 11204 1331 1157 11205 1334 1156 11206 1047 1178 11207 1340 1179 11208 1341 1182 11209 1344 1180 11210 1341 1182 11211 1342 1189 11212 1345 1183 11213 1344 1180 11214 1347 1186 11215 1346 1184 11216 1344 1180 11217 1345 1183 11218 1348 1185 11219 816 1187 11220 976 1124 11221 1340 1179 11222 976 1124 11223 975 1122 11224 1341 1182 11225 975 1122 11226 974 1121 11227 1342 1189 11228 814 1190 11229 994 1256 11230 1342 1189 11231 1342 1189 11232 994 1256 11233 993 1191 11234 1345 1183 11235 993 1191 11236 992 1192 11237 1348 1185 11238 992 1192 11239 818 1152 11240 1347 1186 11241 1348 1185 11242 986 1151 11243 1347 1186 11244 987 1150 11245 988 1149 11246 1346 1184 11247 988 1149 11248 820 1148 11249 1343 1181 11250 1346 1184 11251 995 1193 11252 1340 1179 11253 1343 1181 11254 996 1194 11255 1349 1195 11256 1350 1198 11257 1353 1196 11258 1350 1198 11259 1351 1205 11260 1354 1199 11261 1352 1197 11262 1353 1196 11263 1356 1200 11264 1353 1196 11265 1354 1199 11266 1357 1202 11267 813 1168 11268 970 1203 11269 1349 1195 11270 970 1203 11271 969 1204 11272 1350 1198 11273 969 1204 11274 968 1206 11275 1351 1205 11276 968 1206 11277 815 1303 11278 998 1207 11279 1351 1205 11280 998 1207 11281 999 1208 11282 1354 1199 11283 999 1208 11284 1000 1209 11285 1357 1202 11286 1000 1209 11287 819 1210 11288 1356 1200 11289 1357 1202 11290 980 1211 11291 1355 1201 11292 1356 1200 11293 981 1212 11294 1355 1201 11295 982 1213 11296 817 1214 11297 1352 1197 11298 1355 1201 11299 991 1172 11300 1349 1195 11301 1352 1197 11302 990 1170 11303 1359 1215 11304 1362 1219 11305 1361 1216 11306 1360 1218 11307 1363 1221 11308 1362 1219 11309 1362 1219 11310 1365 1222 11311 1364 1220 11312 1363 1221 11313 1366 1224 11314 1365 1222 11315 1006 1127 11316 1358 1217 11317 1013 1223 11318 1005 1126 11319 1359 1215 11320 1358 1217 11321 1004 1125 11322 1360 1218 11323 1359 1215 11324 816 1187 11325 997 1188 11326 1360 1218 11327 997 1188 11328 996 1194 11329 1363 1221 11330 996 1194 11331 995 1193 11332 1366 1224 11333 995 1193 11334 820 1148 11335 1010 1146 11336 1366 1224 11337 1010 1146 11338 1011 1145 11339 1365 1222 11340 1011 1145 11341 1012 1144 11342 1364 1220 11343 1012 1144 11344 824 1225 11345 1361 1216 11346 1364 1220 11347 1015 1226 11348 1358 1217 11349 1361 1216 11350 1014 1227 11351 1367 1228 11352 1368 1231 11353 1371 1229 11354 1368 1231 11355 1369 1240 11356 1372 1232 11357 1370 1230 11358 1371 1229 11359 1374 1233 11360 1371 1229 11361 1372 1232 11362 1375 1235 11363 825 1236 11364 1027 1238 11365 1367 1228 11366 1027 1238 11367 1026 1239 11368 1368 1231 11369 1026 1239 11370 1025 1241 11371 1369 1240 11372 1025 1241 11373 822 1128 11374 1013 1223 11375 1369 1240 11376 1013 1223 11377 1014 1227 11378 1372 1232 11379 1014 1227 11380 1015 1226 11381 1375 1235 11382 1015 1226 11383 824 1225 11384 1374 1233 11385 1375 1235 11386 1028 1242 11387 1373 1234 11388 1374 1233 11389 1029 1243 11390 1045 1245 11391 1373 1234 11392 1030 1244 11393 1044 1247 11394 1370 1230 11395 1373 1234 11396 1043 1237 11397 1367 1228 11398 1370 1230 11399 1376 1248 11400 1377 1251 11401 1380 1249 11402 1377 1251 11403 1378 1257 11404 1381 1252 11405 1379 1250 11406 1380 1249 11407 1383 1253 11408 1380 1249 11409 1381 1252 11410 1384 1255 11411 814 1190 11412 967 1120 11413 1376 1248 11414 967 1120 11415 966 1118 11416 1377 1251 11417 966 1118 11418 965 1117 11419 1378 1257 11420 965 1117 11421 821 1115 11422 1016 1258 11423 1378 1257 11424 1016 1258 11425 1017 1259 11426 1381 1252 11427 1017 1259 11428 1018 1260 11429 1384 1255 11430 1018 1260 11431 823 1141 11432 1383 1253 11433 1384 1255 11434 977 1140 11435 1382 1254 11436 1383 1253 11437 978 1154 11438 992 1192 11439 1382 1254 11440 979 1153 11441 993 1191 11442 1379 1250 11443 1382 1254 11444 994 1256 11445 1376 1248 11446 1379 1250 11447 1386 1261 11448 1389 1265 11449 1388 1262 11450 1387 1264 11451 1390 1267 11452 1389 1265 11453 1389 1265 11454 1392 1268 11455 1391 1266 11456 1390 1267 11457 1393 1273 11458 1392 1268 11459 828 1176 11460 1042 1271 11461 1385 1263 11462 1041 1270 11463 1386 1261 11464 1385 1263 11465 1040 1272 11466 1387 1264 11467 1386 1261 11468 826 1246 11469 1030 1244 11470 1387 1264 11471 1030 1244 11472 1029 1243 11473 1390 1267 11474 1029 1243 11475 1028 1242 11476 1393 1273 11477 1028 1242 11478 824 1225 11479 1019 1143 11480 1393 1273 11481 1019 1143 11482 1020 1142 11483 1392 1268 11484 1020 1142 11485 1021 1139 11486 1391 1266 11487 1021 1139 11488 823 1141 11489 1388 1262 11490 1391 1266 11491 1009 1274 11492 1007 1269 11493 1385 1263 11494 1388 1262 11495 1395 1276 11496 1398 1280 11497 1397 1277 11498 1396 1279 11499 1399 1288 11500 1398 1280 11501 1397 1277 11502 1398 1280 11503 1401 1281 11504 1398 1280 11505 1399 1288 11506 1402 1283 11507 1001 1284 11508 1394 1278 11509 1037 1285 11510 1002 1286 11511 1395 1276 11512 1394 1278 11513 1003 1287 11514 1396 1279 11515 1395 1276 11516 821 1115 11517 1022 1116 11518 1396 1279 11519 1022 1116 11520 1023 1130 11521 1399 1288 11522 1023 1130 11523 1024 1129 11524 1402 1283 11525 1402 1283 11526 1024 1129 11527 822 1128 11528 1401 1281 11529 1402 1283 11530 1025 1241 11531 1400 1282 11532 1401 1281 11533 1026 1239 11534 1039 1289 11535 1400 1282 11536 1027 1238 11537 1038 1290 11538 1397 1277 11539 1400 1282 11540 1394 1278 11541 1397 1277 11542 1038 1290 11543 1404 1291 11544 1407 1295 11545 1406 1292 11546 1405 1294 11547 1408 1299 11548 1407 1295 11549 1407 1295 11550 1410 1298 11551 1409 1296 11552 1407 1295 11553 1408 1299 11554 1411 1297 11555 1031 1167 11556 1403 1293 11557 970 1203 11558 1032 1166 11559 1404 1291 11560 1403 1293 11561 1033 1163 11562 1405 1294 11563 1404 1291 11564 827 1165 11565 1037 1285 11566 1405 1294 11567 1037 1285 11568 1038 1290 11569 1408 1299 11570 1408 1299 11571 1038 1290 11572 1039 1289 11573 1411 1297 11574 1039 1289 11575 825 1236 11576 1410 1298 11577 1411 1297 11578 971 1300 11579 1409 1296 11580 1410 1298 11581 972 1301 11582 1409 1296 11583 973 1302 11584 815 1303 11585 1406 1292 11586 1409 1296 11587 968 1206 11588 1403 1293 11589 1406 1292 11590 969 1204 11591 1412 1304 11592 1413 1308 11593 1416 1305 11594 1414 1307 11595 1417 1310 11596 1416 1305 11597 1416 1305 11598 1419 1311 11599 1418 1309 11600 1417 1310 11601 1420 1314 11602 1419 1311 11603 817 1214 11604 982 1213 11605 1412 1304 11606 982 1213 11607 981 1212 11608 1413 1308 11609 980 1211 11610 1414 1307 11611 1413 1308 11612 819 1210 11613 985 1312 11614 1414 1307 11615 985 1312 11616 984 1313 11617 1417 1310 11618 984 1313 11619 983 1315 11620 1420 1314 11621 983 1315 11622 826 1246 11623 1040 1272 11624 1420 1314 11625 1040 1272 11626 1041 1270 11627 1419 1311 11628 1041 1270 11629 1042 1271 11630 1036 1175 11631 1418 1309 11632 1042 1271 11633 1035 1174 11634 1415 1306 11635 1418 1309 11636 1034 1173 11637 1412 1304 11638 1415 1306 11639 1421 1316 11640 1422 1319 11641 1425 1317 11642 1422 1319 11643 1423 1324 11644 1426 1320 11645 1424 1318 11646 1425 1317 11647 1428 1321 11648 1425 1317 11649 1426 1320 11650 1429 1323 11651 815 1303 11652 973 1302 11653 1421 1316 11654 973 1302 11655 972 1301 11656 1422 1319 11657 972 1301 11658 971 1300 11659 1423 1324 11660 971 1300 11661 825 1236 11662 1043 1237 11663 1423 1324 11664 1043 1237 11665 1044 1247 11666 1426 1320 11667 1044 1247 11668 1045 1245 11669 1429 1323 11670 1045 1245 11671 826 1246 11672 1428 1321 11673 1429 1323 11674 983 1315 11675 1427 1322 11676 1428 1321 11677 984 1313 11678 1000 1209 11679 1427 1322 11680 985 1312 11681 999 1208 11682 1424 1318 11683 1427 1322 11684 998 1207 11685 1421 1316 11686 1424 1318 11687 1431 1325 11688 1434 1329 11689 1433 1326 11690 1432 1328 11691 1435 1331 11692 1434 1329 11693 1434 1329 11694 1437 1332 11695 1436 1330 11696 1435 1331 11697 1438 1333 11698 1437 1332 11699 1003 1287 11700 1430 1327 11701 1016 1258 11702 1002 1286 11703 1431 1325 11704 1430 1327 11705 1001 1284 11706 1432 1328 11707 1431 1325 11708 827 1165 11709 1046 1164 11710 1432 1328 11711 1046 1164 11712 1047 1178 11713 1435 1331 11714 1047 1178 11715 1048 1177 11716 1438 1333 11717 1048 1177 11718 828 1176 11719 1007 1269 11720 1438 1333 11721 1007 1269 11722 1008 1275 11723 1437 1332 11724 1008 1275 11725 1009 1274 11726 1018 1260 11727 1436 1330 11728 1009 1274 11729 1433 1326 11730 1436 1330 11731 1018 1260 11732 1430 1327 11733 1433 1326 11734 1017 1259 11735 1439 1334 11736 1440 1337 11737 1443 1335 11738 1440 1337 11739 1441 1345 11740 1444 1338 11741 1443 1335 11742 1446 1340 11743 1445 1339 11744 1444 1338 11745 1447 1349 11746 1446 1340 11747 837 1341 11748 1049 1343 11749 1439 1334 11750 1049 1343 11751 1050 1344 11752 1440 1337 11753 1050 1344 11754 1051 1346 11755 1441 1345 11756 1051 1346 11757 830 1415 11758 1058 1347 11759 1441 1345 11760 1058 1347 11761 1059 1348 11762 1059 1348 11763 1060 1350 11764 1447 1349 11765 1060 1350 11766 832 1413 11767 1088 1351 11768 1447 1349 11769 1088 1351 11770 1089 1352 11771 1446 1340 11772 1089 1352 11773 1090 1353 11774 1445 1339 11775 1090 1353 11776 838 1354 11777 1442 1336 11778 1445 1339 11779 1108 1355 11780 1106 1342 11781 1439 1334 11782 1442 1336 11783 1449 1357 11784 1452 1361 11785 1451 1358 11786 1449 1357 11787 1450 1369 11788 1453 1360 11789 1452 1361 11790 1455 1364 11791 1454 1362 11792 1452 1361 11793 1453 1360 11794 1456 1363 11795 1105 1365 11796 1448 1359 11797 1061 1366 11798 1104 1368 11799 1449 1357 11800 1448 1359 11801 1104 1368 11802 1103 1370 11803 1450 1369 11804 1103 1370 11805 840 1451 11806 1096 1371 11807 1450 1369 11808 1096 1371 11809 1095 1372 11810 1453 1360 11811 1095 1372 11812 1094 1373 11813 1456 1363 11814 1094 1373 11815 836 1374 11816 1455 1364 11817 1456 1363 11818 1072 1375 11819 1455 1364 11820 1071 1376 11821 1070 1377 11822 1454 1362 11823 1070 1377 11824 834 1378 11825 1451 1358 11826 1454 1362 11827 1063 1379 11828 1448 1359 11829 1451 1358 11830 1062 1380 11831 1458 1381 11832 1461 1385 11833 1460 1382 11834 1459 1384 11835 1462 1387 11836 1461 1385 11837 1461 1385 11838 1464 1388 11839 1463 1386 11840 1462 1387 11841 1465 1397 11842 1464 1388 11843 1117 1389 11844 1457 1383 11845 1130 1390 11846 1116 1392 11847 1458 1381 11848 1457 1383 11849 1115 1393 11850 1459 1384 11851 1458 1381 11852 829 1394 11853 1073 1395 11854 1459 1384 11855 1073 1395 11856 1074 1396 11857 1462 1387 11858 1074 1396 11859 1075 1398 11860 1465 1397 11861 1075 1398 11862 833 1440 11863 1118 1399 11864 1465 1397 11865 1118 1399 11866 1119 1400 11867 1464 1388 11868 1119 1400 11869 1120 1401 11870 1463 1386 11871 1120 1401 11872 844 1402 11873 1460 1382 11874 1463 1386 11875 1132 1403 11876 1457 1383 11877 1460 1382 11878 1131 1404 11879 1467 1405 11880 1470 1409 11881 1469 1406 11882 1467 1405 11883 1468 1416 11884 1471 1408 11885 1470 1409 11886 1473 1412 11887 1472 1410 11888 1470 1409 11889 1471 1408 11890 1474 1411 11891 832 1413 11892 1060 1350 11893 1466 1407 11894 1060 1350 11895 1059 1348 11896 1467 1405 11897 1058 1347 11898 1468 1416 11899 1467 1405 11900 830 1415 11901 1078 1482 11902 1468 1416 11903 1468 1416 11904 1078 1482 11905 1077 1417 11906 1471 1408 11907 1077 1417 11908 1076 1418 11909 1474 1411 11910 1076 1418 11911 834 1378 11912 1473 1412 11913 1474 1411 11914 1070 1377 11915 1473 1412 11916 1071 1376 11917 1072 1375 11918 1472 1410 11919 1072 1375 11920 836 1374 11921 1469 1406 11922 1472 1410 11923 1079 1419 11924 1466 1407 11925 1469 1406 11926 1080 1420 11927 1476 1421 11928 1479 1425 11929 1478 1422 11930 1476 1421 11931 1477 1433 11932 1480 1424 11933 1479 1425 11934 1482 1428 11935 1481 1426 11936 1479 1425 11937 1480 1424 11938 1483 1427 11939 1054 1429 11940 1475 1423 11941 1073 1395 11942 1053 1430 11943 1476 1421 11944 1475 1423 11945 1052 1431 11946 1477 1433 11947 1476 1421 11948 1052 1431 11949 831 1529 11950 1082 1432 11951 1477 1433 11952 1082 1432 11953 1083 1434 11954 1480 1424 11955 1083 1434 11956 1084 1435 11957 1483 1427 11958 1084 1435 11959 835 1436 11960 1482 1428 11961 1483 1427 11962 1064 1437 11963 1482 1428 11964 1065 1438 11965 1066 1439 11966 1481 1426 11967 1066 1439 11968 833 1440 11969 1478 1422 11970 1481 1426 11971 1075 1398 11972 1475 1423 11973 1478 1422 11974 1074 1396 11975 1485 1441 11976 1488 1445 11977 1487 1442 11978 1486 1444 11979 1489 1447 11980 1488 1445 11981 1488 1445 11982 1491 1448 11983 1490 1446 11984 1489 1447 11985 1492 1450 11986 1491 1448 11987 1090 1353 11988 1484 1443 11989 1097 1449 11990 1089 1352 11991 1485 1441 11992 1484 1443 11993 1088 1351 11994 1486 1444 11995 1485 1441 11996 832 1413 11997 1081 1414 11998 1486 1444 11999 1081 1414 12000 1080 1420 12001 1489 1447 12002 1080 1420 12003 1079 1419 12004 1492 1450 12005 1079 1419 12006 836 1374 12007 1094 1373 12008 1492 1450 12009 1094 1373 12010 1095 1372 12011 1491 1448 12012 1095 1372 12013 1096 1371 12014 1490 1446 12015 1096 1371 12016 840 1451 12017 1487 1442 12018 1490 1446 12019 1099 1452 12020 1484 1443 12021 1487 1442 12022 1098 1453 12023 1493 1454 12024 1494 1457 12025 1497 1455 12026 1494 1457 12027 1495 1466 12028 1498 1458 12029 1496 1456 12030 1497 1455 12031 1500 1459 12032 1497 1455 12033 1498 1458 12034 1501 1461 12035 841 1462 12036 1111 1464 12037 1493 1454 12038 1111 1464 12039 1110 1465 12040 1494 1457 12041 1110 1465 12042 1109 1467 12043 1495 1466 12044 1109 1467 12045 838 1354 12046 1097 1449 12047 1495 1466 12048 1097 1449 12049 1098 1453 12050 1498 1458 12051 1098 1453 12052 1099 1452 12053 1099 1452 12054 840 1451 12055 1112 1468 12056 1500 1459 12057 1501 1461 12058 1112 1468 12059 1499 1460 12060 1500 1459 12061 1113 1469 12062 1129 1471 12063 1499 1460 12064 1114 1470 12065 1128 1473 12066 1496 1456 12067 1499 1460 12068 1127 1463 12069 1493 1454 12070 1496 1456 12071 1502 1474 12072 1503 1477 12073 1506 1475 12074 1503 1477 12075 1504 1483 12076 1507 1478 12077 1505 1476 12078 1506 1475 12079 1509 1479 12080 1506 1475 12081 1507 1478 12082 1510 1481 12083 830 1415 12084 1051 1346 12085 1502 1474 12086 1051 1346 12087 1050 1344 12088 1503 1477 12089 1050 1344 12090 1049 1343 12091 1504 1483 12092 1049 1343 12093 837 1341 12094 1100 1484 12095 1504 1483 12096 1100 1484 12097 1101 1485 12098 1507 1478 12099 1101 1485 12100 1102 1486 12101 1510 1481 12102 1102 1486 12103 839 1367 12104 1509 1479 12105 1510 1481 12106 1061 1366 12107 1508 1480 12108 1509 1479 12109 1062 1380 12110 1076 1418 12111 1508 1480 12112 1063 1379 12113 1077 1417 12114 1505 1476 12115 1508 1480 12116 1078 1482 12117 1502 1474 12118 1505 1476 12119 1511 1487 12120 1512 1491 12121 1515 1488 12122 1513 1490 12123 1516 1499 12124 1515 1488 12125 1514 1489 12126 1515 1488 12127 1518 1492 12128 1515 1488 12129 1516 1499 12130 1519 1494 12131 844 1402 12132 1126 1496 12133 1511 1487 12134 1126 1496 12135 1125 1498 12136 1512 1491 12137 1124 1497 12138 1513 1490 12139 1512 1491 12140 842 1472 12141 1114 1470 12142 1513 1490 12143 1114 1470 12144 1113 1469 12145 1516 1499 12146 1113 1469 12147 1112 1468 12148 1519 1494 12149 1519 1494 12150 1112 1468 12151 840 1451 12152 1518 1492 12153 1519 1494 12154 1103 1370 12155 1517 1493 12156 1518 1492 12157 1104 1368 12158 1517 1493 12159 1105 1365 12160 839 1367 12161 1092 1501 12162 1514 1489 12163 1517 1493 12164 1091 1495 12165 1511 1487 12166 1514 1489 12167 1521 1502 12168 1524 1506 12169 1523 1503 12170 1522 1505 12171 1525 1514 12172 1524 1506 12173 1523 1503 12174 1524 1506 12175 1527 1507 12176 1524 1506 12177 1525 1514 12178 1528 1509 12179 1085 1510 12180 1520 1504 12181 1121 1511 12182 1086 1512 12183 1521 1502 12184 1520 1504 12185 1087 1513 12186 1522 1505 12187 1521 1502 12188 837 1341 12189 1106 1342 12190 1522 1505 12191 1106 1342 12192 1107 1356 12193 1525 1514 12194 1525 1514 12195 1107 1356 12196 1108 1355 12197 1528 1509 12198 1108 1355 12199 838 1354 12200 1527 1507 12201 1528 1509 12202 1109 1467 12203 1526 1508 12204 1527 1507 12205 1110 1465 12206 1123 1515 12207 1526 1508 12208 1111 1464 12209 1122 1516 12210 1523 1503 12211 1526 1508 12212 1520 1504 12213 1523 1503 12214 1122 1516 12215 1530 1517 12216 1533 1521 12217 1532 1518 12218 1531 1520 12219 1534 1525 12220 1533 1521 12221 1532 1518 12222 1533 1521 12223 1536 1522 12224 1533 1521 12225 1534 1525 12226 1537 1524 12227 829 1394 12228 1115 1393 12229 1529 1519 12230 1116 1392 12231 1530 1517 12232 1529 1519 12233 1117 1389 12234 1531 1520 12235 1530 1517 12236 843 1391 12237 1121 1511 12238 1531 1520 12239 1121 1511 12240 1122 1516 12241 1534 1525 12242 1534 1525 12243 1122 1516 12244 1123 1515 12245 1537 1524 12246 1123 1515 12247 841 1462 12248 1536 1522 12249 1537 1524 12250 1055 1526 12251 1535 1523 12252 1536 1522 12253 1056 1527 12254 1052 1431 12255 1535 1523 12256 1057 1528 12257 1053 1430 12258 1532 1518 12259 1535 1523 12260 1054 1429 12261 1529 1519 12262 1532 1518 12263 1538 1530 12264 1539 1534 12265 1542 1531 12266 1540 1533 12267 1543 1537 12268 1542 1531 12269 1541 1532 12270 1542 1531 12271 1545 1535 12272 1543 1537 12273 1546 1540 12274 1545 1535 12275 833 1440 12276 1066 1439 12277 1538 1530 12278 1066 1439 12279 1065 1438 12280 1539 1534 12281 1064 1437 12282 1540 1533 12283 1539 1534 12284 835 1436 12285 1069 1538 12286 1540 1533 12287 1069 1538 12288 1068 1539 12289 1543 1537 12290 1068 1539 12291 1067 1541 12292 1546 1540 12293 1067 1541 12294 842 1472 12295 1124 1497 12296 1546 1540 12297 1124 1497 12298 1125 1498 12299 1544 1536 12300 1545 1535 12301 1125 1498 12302 1120 1401 12303 1544 1536 12304 1126 1496 12305 1119 1400 12306 1541 1532 12307 1544 1536 12308 1118 1399 12309 1538 1530 12310 1541 1532 12311 1547 1542 12312 1548 1545 12313 1551 1543 12314 1548 1545 12315 1549 1550 12316 1552 1546 12317 1550 1544 12318 1551 1543 12319 1554 1547 12320 1551 1543 12321 1552 1546 12322 1555 1549 12323 831 1529 12324 1057 1528 12325 1547 1542 12326 1057 1528 12327 1056 1527 12328 1548 1545 12329 1056 1527 12330 1055 1526 12331 1549 1550 12332 1055 1526 12333 841 1462 12334 1127 1463 12335 1549 1550 12336 1127 1463 12337 1128 1473 12338 1552 1546 12339 1128 1473 12340 1129 1471 12341 1555 1549 12342 1129 1471 12343 842 1472 12344 1554 1547 12345 1555 1549 12346 1067 1541 12347 1553 1548 12348 1554 1547 12349 1068 1539 12350 1084 1435 12351 1553 1548 12352 1069 1538 12353 1083 1434 12354 1550 1544 12355 1553 1548 12356 1082 1432 12357 1547 1542 12358 1550 1544 12359 1557 1551 12360 1560 1555 12361 1559 1552 12362 1558 1554 12363 1561 1557 12364 1560 1555 12365 1560 1555 12366 1563 1558 12367 1562 1556 12368 1561 1557 12369 1564 1559 12370 1563 1558 12371 1087 1513 12372 1556 1553 12373 1100 1484 12374 1086 1512 12375 1557 1551 12376 1556 1553 12377 1085 1510 12378 1558 1554 12379 1557 1551 12380 843 1391 12381 1130 1390 12382 1558 1554 12383 1130 1390 12384 1131 1404 12385 1561 1557 12386 1131 1404 12387 1132 1403 12388 1564 1559 12389 1132 1403 12390 844 1402 12391 1091 1495 12392 1564 1559 12393 1091 1495 12394 1092 1501 12395 1563 1558 12396 1092 1501 12397 1093 1500 12398 1102 1486 12399 1562 1556 12400 1093 1500 12401 1559 1552 12402 1562 1556 12403 1102 1486 12404 1556 1553 12405 1559 1552 12406 1101 1485 12407 1912 1560 12408 1913 1566 12409 1910 1561 12410 1910 1561 12411 1913 1566 12412 1914 1563 12413 1912 1560 12414 1915 1579 12415 1916 1565 12416 1916 1565 12417 1917 1575 12418 1914 1563 12419 1626 1567 12420 1909 1562 12421 1621 1568 12422 1909 1562 12423 1910 1561 12424 1622 1570 12425 1622 1570 12426 1910 1561 12427 1911 1564 12428 1623 1571 12429 1911 1564 12430 1630 1572 12431 1911 1564 12432 1914 1563 12433 1631 1574 12434 1917 1575 12435 1632 1577 12436 1631 1574 12437 1627 1576 12438 1567 1614 12439 1632 1577 12440 1628 1578 12441 1627 1576 12442 1917 1575 12443 1915 1579 12444 1629 1581 12445 1628 1578 12446 1624 1580 12447 1568 1632 12448 1629 1581 12449 1625 1582 12450 1624 1580 12451 1915 1579 12452 1625 1582 12453 1912 1560 12454 1909 1562 12455 1921 1583 12456 1922 1589 12457 1919 1584 12458 1919 1584 12459 1922 1589 12460 1923 1586 12461 1921 1583 12462 1924 1602 12463 1925 1588 12464 1925 1588 12465 1926 1598 12466 1923 1586 12467 1633 1590 12468 1918 1585 12469 1638 1591 12470 1918 1585 12471 1919 1584 12472 1637 1593 12473 1637 1593 12474 1919 1584 12475 1920 1587 12476 1636 1594 12477 1920 1587 12478 1641 1595 12479 1920 1587 12480 1923 1586 12481 1640 1597 12482 1926 1598 12483 1639 1600 12484 1640 1597 12485 1644 1599 12486 1572 1620 12487 1639 1600 12488 1643 1601 12489 1644 1599 12490 1926 1598 12491 1924 1602 12492 1642 1604 12493 1643 1601 12494 1635 1603 12495 1570 1618 12496 1642 1604 12497 1634 1605 12498 1635 1603 12499 1924 1602 12500 1634 1605 12501 1921 1583 12502 1918 1585 12503 1927 1606 12504 1930 1611 12505 1931 1607 12506 1931 1607 12507 1932 1613 12508 1929 1609 12509 1933 1610 12510 1934 1619 12511 1931 1607 12512 1931 1607 12513 1934 1619 12514 1935 1612 12515 1567 1614 12516 1650 1623 12517 1927 1606 12518 1632 1577 12519 1927 1606 12520 1928 1608 12521 1928 1608 12522 1929 1609 12523 1630 1572 12524 1929 1609 12525 1645 1615 12526 1565 1573 12527 1932 1613 12528 1646 1617 12529 1645 1615 12530 1932 1613 12531 1935 1612 12532 1647 1616 12533 1935 1612 12534 1642 1604 12535 1570 1618 12536 1934 1619 12537 1643 1601 12538 1642 1604 12539 1644 1599 12540 1643 1601 12541 1934 1619 12542 1572 1620 12543 1644 1599 12544 1933 1610 12545 1648 1621 12546 1933 1610 12547 1930 1611 12548 1650 1623 12549 1649 1622 12550 1930 1611 12551 1936 1624 12552 1939 1629 12553 1940 1625 12554 1940 1625 12555 1941 1631 12556 1938 1627 12557 1942 1628 12558 1943 1636 12559 1940 1625 12560 1940 1625 12561 1943 1636 12562 1944 1630 12563 1566 1569 12564 1656 1639 12565 1936 1624 12566 1626 1567 12567 1936 1624 12568 1937 1626 12569 1937 1626 12570 1938 1627 12571 1624 1580 12572 1938 1627 12573 1651 1633 12574 1568 1632 12575 1941 1631 12576 1652 1635 12577 1651 1633 12578 1941 1631 12579 1944 1630 12580 1653 1634 12581 1944 1630 12582 1636 1594 12583 1571 1596 12584 1943 1636 12585 1637 1593 12586 1636 1594 12587 1638 1591 12588 1637 1593 12589 1943 1636 12590 1569 1592 12591 1638 1591 12592 1942 1628 12593 1654 1637 12594 1942 1628 12595 1939 1629 12596 1656 1639 12597 1655 1638 12598 1939 1629 12599 1945 1640 12600 1948 1645 12601 1949 1641 12602 1949 1641 12603 1950 1647 12604 1947 1643 12605 1951 1644 12606 1952 1648 12607 1949 1641 12608 1949 1641 12609 1952 1648 12610 1953 1646 12611 1568 1632 12612 1651 1633 12613 1945 1640 12614 1629 1581 12615 1945 1640 12616 1946 1642 12617 1946 1642 12618 1947 1643 12619 1627 1576 12620 1947 1643 12621 1650 1623 12622 1567 1614 12623 1950 1647 12624 1649 1622 12625 1650 1623 12626 1950 1647 12627 1953 1646 12628 1648 1621 12629 1953 1646 12630 1639 1600 12631 1572 1620 12632 1952 1648 12633 1640 1597 12634 1639 1600 12635 1641 1595 12636 1640 1597 12637 1952 1648 12638 1571 1596 12639 1641 1595 12640 1951 1644 12641 1653 1634 12642 1951 1644 12643 1948 1645 12644 1651 1633 12645 1652 1635 12646 1948 1645 12647 1954 1649 12648 1957 1654 12649 1958 1650 12650 1958 1650 12651 1959 1656 12652 1956 1652 12653 1960 1653 12654 1961 1657 12655 1958 1650 12656 1958 1650 12657 1961 1657 12658 1962 1655 12659 1565 1573 12660 1645 1615 12661 1954 1649 12662 1623 1571 12663 1954 1649 12664 1955 1651 12665 1955 1651 12666 1956 1652 12667 1621 1568 12668 1956 1652 12669 1656 1639 12670 1566 1569 12671 1959 1656 12672 1655 1638 12673 1656 1639 12674 1959 1656 12675 1962 1655 12676 1654 1637 12677 1962 1655 12678 1633 1590 12679 1569 1592 12680 1961 1657 12681 1634 1605 12682 1633 1590 12683 1635 1603 12684 1634 1605 12685 1961 1657 12686 1570 1618 12687 1635 1603 12688 1960 1653 12689 1647 1616 12690 1960 1653 12691 1957 1654 12692 1645 1615 12693 1646 1617 12694 1957 1654 12695 1963 1658 12696 1966 1664 12697 1967 1659 12698 1964 1660 12699 1967 1659 12700 1968 1661 12701 1969 1663 12702 1970 1665 12703 1967 1659 12704 1970 1665 12705 1971 1673 12706 1968 1661 12707 1581 1666 12708 1714 1681 12709 1963 1658 12710 1657 1667 12711 1963 1658 12712 1964 1660 12713 1658 1668 12714 1964 1660 12715 1965 1662 12716 1659 1669 12717 1965 1662 12718 1666 1670 12719 1965 1662 12720 1968 1661 12721 1667 1672 12722 1971 1673 12723 1668 1675 12724 1667 1672 12725 1696 1674 12726 1576 1738 12727 1668 1675 12728 1697 1676 12729 1696 1674 12730 1971 1673 12731 1698 1677 12732 1697 1676 12733 1970 1665 12734 1582 1678 12735 1698 1677 12736 1969 1663 12737 1716 1679 12738 1969 1663 12739 1966 1664 12740 1714 1681 12741 1715 1680 12742 1966 1664 12743 1972 1682 12744 1975 1687 12745 1976 1683 12746 1973 1684 12747 1976 1683 12748 1977 1685 12749 1975 1687 12750 1978 1700 12751 1979 1688 12752 1976 1683 12753 1979 1688 12754 1980 1689 12755 1583 1690 12756 1669 1705 12757 1972 1682 12758 1713 1691 12759 1972 1682 12760 1973 1684 12761 1712 1692 12762 1973 1684 12763 1974 1686 12764 1711 1693 12765 1974 1686 12766 1704 1694 12767 1974 1686 12768 1977 1685 12769 1703 1696 12770 1977 1685 12771 1980 1689 12772 1702 1697 12773 1980 1689 12774 1680 1699 12775 1580 1698 12776 1979 1688 12777 1679 1701 12778 1680 1699 12779 1978 1700 12780 1678 1743 12781 1679 1701 12782 1578 1702 12783 1678 1743 12784 1978 1700 12785 1671 1703 12786 1978 1700 12787 1975 1687 12788 1670 1704 12789 1975 1687 12790 1972 1682 12791 1984 1706 12792 1985 1709 12793 1982 1707 12794 1985 1709 12795 1986 1713 12796 1983 1710 12797 1987 1711 12798 1988 1712 12799 1985 1709 12800 1988 1712 12801 1989 1721 12802 1986 1713 12803 1738 1714 12804 1981 1708 12805 1725 1715 12806 1981 1708 12807 1982 1707 12808 1724 1717 12809 1982 1707 12810 1983 1710 12811 1723 1718 12812 1983 1710 12813 1681 1720 12814 1573 1719 12815 1986 1713 12816 1682 1722 12817 1681 1720 12818 1989 1721 12819 1683 1724 12820 1682 1722 12821 1726 1723 12822 1577 1766 12823 1683 1724 12824 1727 1725 12825 1726 1723 12826 1989 1721 12827 1728 1726 12828 1727 1725 12829 1988 1712 12830 1588 1727 12831 1728 1726 12832 1987 1711 12833 1740 1728 12834 1987 1711 12835 1984 1706 12836 1739 1729 12837 1984 1706 12838 1981 1708 12839 1993 1730 12840 1994 1733 12841 1991 1731 12842 1994 1733 12843 1995 1737 12844 1992 1734 12845 1996 1735 12846 1997 1742 12847 1994 1733 12848 1994 1733 12849 1997 1742 12850 1998 1736 12851 1576 1738 12852 1689 1746 12853 1990 1732 12854 1990 1732 12855 1991 1731 12856 1667 1672 12857 1991 1731 12858 1992 1734 12859 1666 1670 12860 1992 1734 12861 1686 1740 12862 1574 1671 12863 1992 1734 12864 1995 1737 12865 1685 1739 12866 1995 1737 12867 1998 1736 12868 1684 1741 12869 1998 1736 12870 1678 1743 12871 1578 1702 12872 1997 1742 12873 1679 1701 12874 1678 1743 12875 1680 1699 12876 1679 1701 12877 1997 1742 12878 1580 1698 12879 1680 1699 12880 1996 1735 12881 1687 1744 12882 1996 1735 12883 1993 1730 12884 1688 1745 12885 1993 1730 12886 1990 1732 12887 2002 1747 12888 2003 1750 12889 2000 1748 12890 2003 1750 12891 2004 1754 12892 2001 1751 12893 2005 1752 12894 2006 1753 12895 2003 1750 12896 2006 1753 12897 2007 1762 12898 2004 1754 12899 1681 1720 12900 1999 1749 12901 1662 1755 12902 1999 1749 12903 2000 1748 12904 1661 1756 12905 2000 1748 12906 2001 1751 12907 1660 1757 12908 2001 1751 12909 1690 1760 12910 1575 1758 12911 2001 1751 12912 2004 1754 12913 1691 1759 12914 2004 1754 12915 2007 1762 12916 1692 1761 12917 2007 1762 12918 1672 1861 12919 1579 1763 12920 1673 1764 12921 1672 1861 12922 2007 1762 12923 1674 1765 12924 1673 1764 12925 2006 1753 12926 1577 1766 12927 1674 1765 12928 2005 1752 12929 1683 1724 12930 2005 1752 12931 2002 1747 12932 1682 1722 12933 2002 1747 12934 1999 1749 12935 2011 1767 12936 2012 1770 12937 2009 1768 12938 2012 1770 12939 2013 1774 12940 2010 1771 12941 2014 1772 12942 2015 1773 12943 2012 1770 12944 2015 1773 12945 2016 1776 12946 2013 1774 12947 1705 1775 12948 2008 1769 12949 1698 1677 12950 2008 1769 12951 2009 1768 12952 1697 1676 12953 2009 1768 12954 2010 1771 12955 1696 1674 12956 2010 1771 12957 1689 1746 12958 1576 1738 12959 2013 1774 12960 1688 1745 12961 1689 1746 12962 2016 1776 12963 1687 1744 12964 1688 1745 12965 1702 1697 12966 1580 1698 12967 1687 1744 12968 1703 1696 12969 1702 1697 12970 2016 1776 12971 1704 1694 12972 1703 1696 12973 2015 1773 12974 1584 1695 12975 1704 1694 12976 2014 1772 12977 1707 1777 12978 2014 1772 12979 2011 1767 12980 1706 1778 12981 2011 1767 12982 2008 1769 12983 2017 1779 12984 2020 1784 12985 2021 1780 12986 2018 1781 12987 2021 1780 12988 2022 1782 12989 2020 1784 12990 2023 1792 12991 2024 1785 12992 2021 1780 12993 2024 1785 12994 2025 1786 12995 1585 1787 12996 1735 1797 12997 2017 1779 12998 1719 1788 12999 2017 1779 13000 2018 1781 13001 1718 1789 13002 2018 1781 13003 2019 1783 13004 1717 1790 13005 2019 1783 13006 1705 1775 13007 2019 1783 13008 2022 1782 13009 1706 1778 13010 2022 1782 13011 2025 1786 13012 1707 1777 13013 1720 1791 13014 1584 1695 13015 1707 1777 13016 2024 1785 13017 1721 1793 13018 1720 1791 13019 2023 1792 13020 1722 1795 13021 1721 1793 13022 1737 1794 13023 1586 1821 13024 1722 1795 13025 1736 1796 13026 1737 1794 13027 2023 1792 13028 1735 1797 13029 1736 1796 13030 2020 1784 13031 2026 1798 13032 2029 1803 13033 2030 1799 13034 2027 1800 13035 2030 1799 13036 2031 1801 13037 2029 1803 13038 2032 1809 13039 2033 1804 13040 2030 1799 13041 2033 1804 13042 2034 1805 13043 1574 1671 13044 1686 1740 13045 2026 1798 13046 1659 1669 13047 2026 1798 13048 2027 1800 13049 1658 1668 13050 2027 1800 13051 2028 1802 13052 1657 1667 13053 2028 1802 13054 1708 1806 13055 2028 1802 13056 2031 1801 13057 1709 1807 13058 2031 1801 13059 2034 1805 13060 1710 1808 13061 2034 1805 13062 1669 1705 13063 1583 1690 13064 2033 1804 13065 1670 1704 13066 1669 1705 13067 2032 1809 13068 1671 1703 13069 1670 1704 13070 1684 1741 13071 1578 1702 13072 1671 1703 13073 1685 1739 13074 1684 1741 13075 2032 1809 13076 1686 1740 13077 1685 1739 13078 2029 1803 13079 2035 1810 13080 2038 1815 13081 2039 1811 13082 2036 1812 13083 2039 1811 13084 2040 1813 13085 2038 1815 13086 2041 1822 13087 2042 1816 13088 2039 1811 13089 2042 1816 13090 2043 1817 13091 1588 1727 13092 1699 1825 13093 2035 1810 13094 1734 1818 13095 2035 1810 13096 2036 1812 13097 1733 1819 13098 2036 1812 13099 2037 1814 13100 2037 1814 13101 1722 1795 13102 1586 1821 13103 2037 1814 13104 2040 1813 13105 1721 1793 13106 2040 1813 13107 2043 1817 13108 1720 1791 13109 2043 1817 13110 1711 1693 13111 1584 1695 13112 2042 1816 13113 1712 1692 13114 1711 1693 13115 2041 1822 13116 1713 1691 13117 1712 1692 13118 1701 1823 13119 1583 1690 13120 1713 1691 13121 1700 1824 13122 1701 1823 13123 2041 1822 13124 1699 1825 13125 1700 1824 13126 2038 1815 13127 2047 1826 13128 2048 1829 13129 2045 1827 13130 2048 1829 13131 2049 1833 13132 2046 1830 13133 2047 1826 13134 2050 1838 13135 2051 1831 13136 2048 1829 13137 2051 1831 13138 2052 1832 13139 1729 1834 13140 2044 1828 13141 1693 1835 13142 2044 1828 13143 2045 1827 13144 1694 1836 13145 2045 1827 13146 2046 1830 13147 1695 1837 13148 2046 1830 13149 1714 1681 13150 1581 1666 13151 2046 1830 13152 2049 1833 13153 1715 1680 13154 2049 1833 13155 2052 1832 13156 1716 1679 13157 2052 1832 13158 1717 1790 13159 1582 1678 13160 2051 1831 13161 1718 1789 13162 1717 1790 13163 2050 1838 13164 1719 1788 13165 1718 1789 13166 1731 1839 13167 1585 1787 13168 1719 1788 13169 1730 1840 13170 1731 1839 13171 2050 1838 13172 1730 1840 13173 2047 1826 13174 2044 1828 13175 2053 1841 13176 2056 1845 13177 2057 1842 13178 2057 1842 13179 2058 1848 13180 2055 1844 13181 2056 1845 13182 2059 1850 13183 2060 1846 13184 2057 1842 13185 2060 1846 13186 2061 1847 13187 1573 1719 13188 1662 1755 13189 2053 1841 13190 2053 1841 13191 2054 1843 13192 1724 1717 13193 2054 1843 13194 2055 1844 13195 1725 1715 13196 2055 1844 13197 1729 1834 13198 1587 1716 13199 2058 1848 13200 1730 1840 13201 1729 1834 13202 2058 1848 13203 2061 1847 13204 1731 1839 13205 2061 1847 13206 1663 1849 13207 1585 1787 13208 2060 1846 13209 1664 1851 13210 1663 1849 13211 2059 1850 13212 1665 1852 13213 1664 1851 13214 1660 1757 13215 1575 1758 13216 1665 1852 13217 1661 1756 13218 1660 1757 13219 2059 1850 13220 1662 1755 13221 1661 1756 13222 2056 1845 13223 2062 1853 13224 2065 1858 13225 2066 1854 13226 2063 1855 13227 2066 1854 13228 2067 1856 13229 2065 1858 13230 2068 1865 13231 2069 1859 13232 2066 1854 13233 2069 1859 13234 2070 1860 13235 1577 1766 13236 1726 1723 13237 2062 1853 13238 1674 1765 13239 2062 1853 13240 2063 1855 13241 2063 1855 13242 2064 1857 13243 1672 1861 13244 2064 1857 13245 1677 1862 13246 1579 1763 13247 2067 1856 13248 1676 1863 13249 1677 1862 13250 2070 1860 13251 1675 1864 13252 1676 1863 13253 1732 1820 13254 1586 1821 13255 1675 1864 13256 2069 1859 13257 1733 1819 13258 1732 1820 13259 2068 1865 13260 1734 1818 13261 1733 1819 13262 1728 1726 13263 1588 1727 13264 1734 1818 13265 1727 1725 13266 1728 1726 13267 2068 1865 13268 1726 1723 13269 1727 1725 13270 2065 1858 13271 2071 1866 13272 2074 1871 13273 2075 1867 13274 2072 1868 13275 2075 1867 13276 2076 1869 13277 2074 1871 13278 2077 1874 13279 2078 1872 13280 2075 1867 13281 2078 1872 13282 2079 1873 13283 1575 1758 13284 1690 1760 13285 2071 1866 13286 1665 1852 13287 2071 1866 13288 2072 1868 13289 1664 1851 13290 2072 1868 13291 2073 1870 13292 1663 1849 13293 2073 1870 13294 1735 1797 13295 2073 1870 13296 2076 1869 13297 1736 1796 13298 2076 1869 13299 2079 1873 13300 1737 1794 13301 2079 1873 13302 1675 1864 13303 1586 1821 13304 2078 1872 13305 1676 1863 13306 1675 1864 13307 2077 1874 13308 1677 1862 13309 1676 1863 13310 1692 1761 13311 1579 1763 13312 1677 1862 13313 1691 1759 13314 1692 1761 13315 2077 1874 13316 1690 1760 13317 1691 1759 13318 2074 1871 13319 2083 1875 13320 2084 1878 13321 2081 1876 13322 2084 1878 13323 2085 1882 13324 2082 1879 13325 2086 1880 13326 2087 1881 13327 2084 1878 13328 2087 1881 13329 2088 1883 13330 2085 1882 13331 1708 1806 13332 2080 1877 13333 1695 1837 13334 2080 1877 13335 2081 1876 13336 1694 1836 13337 2081 1876 13338 2082 1879 13339 1693 1835 13340 2082 1879 13341 1738 1714 13342 1587 1716 13343 2085 1882 13344 1739 1729 13345 1738 1714 13346 2088 1883 13347 1740 1728 13348 1739 1729 13349 1699 1825 13350 1588 1727 13351 1740 1728 13352 1700 1824 13353 1699 1825 13354 2088 1883 13355 1701 1823 13356 1700 1824 13357 2087 1881 13358 1583 1690 13359 1701 1823 13360 2086 1880 13361 1710 1808 13362 2086 1880 13363 2083 1875 13364 1709 1807 13365 2083 1875 13366 2080 1877 13367 2089 1884 13368 2092 1890 13369 2093 1885 13370 2090 1886 13371 2093 1885 13372 2094 1887 13373 2095 1889 13374 2096 1891 13375 2093 1885 13376 2096 1891 13377 2097 1899 13378 2094 1887 13379 1597 1892 13380 1798 1907 13381 2089 1884 13382 1741 1893 13383 2089 1884 13384 2090 1886 13385 1742 1894 13386 2090 1886 13387 2091 1888 13388 1743 1895 13389 2091 1888 13390 1750 1896 13391 2091 1888 13392 2094 1887 13393 1751 1898 13394 2097 1899 13395 1752 1901 13396 1751 1898 13397 1780 1900 13398 1592 1964 13399 1752 1901 13400 1781 1902 13401 1780 1900 13402 2097 1899 13403 1782 1903 13404 1781 1902 13405 2096 1891 13406 1598 1904 13407 1782 1903 13408 2095 1889 13409 1800 1905 13410 2095 1889 13411 2092 1890 13412 1798 1907 13413 1799 1906 13414 2092 1890 13415 2101 1908 13416 2102 1911 13417 2099 1909 13418 2102 1911 13419 2103 1915 13420 2100 1912 13421 2104 1913 13422 2105 1914 13423 2102 1911 13424 2105 1914 13425 2106 1925 13426 2103 1915 13427 1753 1916 13428 2098 1910 13429 1797 1917 13430 2098 1910 13431 2099 1909 13432 1796 1919 13433 2099 1909 13434 2100 1912 13435 1795 1920 13436 1795 1920 13437 2100 1912 13438 1788 1921 13439 2100 1912 13440 2103 1915 13441 1787 1923 13442 2103 1915 13443 2106 1925 13444 1786 1924 13445 2106 1925 13446 1764 1969 13447 1596 1926 13448 1763 1927 13449 1764 1969 13450 2106 1925 13451 1762 1928 13452 1763 1927 13453 2105 1914 13454 1594 1929 13455 1762 1928 13456 2104 1913 13457 1755 1930 13458 2104 1913 13459 2101 1908 13460 1754 1931 13461 2101 1908 13462 2098 1910 13463 2110 1932 13464 2111 1935 13465 2108 1933 13466 2111 1935 13467 2112 1939 13468 2109 1936 13469 2113 1937 13470 2114 1938 13471 2111 1935 13472 2114 1938 13473 2115 1947 13474 2112 1939 13475 1822 1940 13476 2107 1934 13477 1809 1941 13478 2107 1934 13479 2108 1933 13480 1808 1943 13481 2108 1933 13482 2109 1936 13483 1807 1944 13484 2109 1936 13485 1765 1946 13486 1589 1945 13487 2112 1939 13488 1766 1948 13489 1765 1946 13490 2115 1947 13491 1767 1950 13492 1766 1948 13493 1810 1949 13494 1593 1992 13495 1767 1950 13496 1811 1951 13497 1810 1949 13498 2115 1947 13499 1812 1952 13500 1811 1951 13501 2114 1938 13502 1604 1953 13503 1812 1952 13504 2113 1937 13505 1824 1954 13506 2113 1937 13507 2110 1932 13508 1823 1955 13509 2110 1932 13510 2107 1934 13511 2116 1956 13512 2119 1962 13513 2120 1957 13514 2117 1958 13515 2120 1957 13516 2121 1959 13517 2122 1961 13518 2123 1968 13519 2120 1957 13520 2120 1957 13521 2123 1968 13522 2124 1963 13523 1592 1964 13524 1773 1972 13525 2116 1956 13526 1752 1901 13527 2116 1956 13528 2117 1958 13529 1751 1898 13530 2117 1958 13531 2118 1960 13532 2118 1960 13533 1770 1966 13534 1590 1897 13535 2118 1960 13536 2121 1959 13537 1769 1965 13538 2121 1959 13539 2124 1963 13540 1768 1967 13541 2124 1963 13542 1762 1928 13543 1594 1929 13544 2123 1968 13545 1763 1927 13546 1762 1928 13547 1764 1969 13548 1763 1927 13549 2123 1968 13550 1596 1926 13551 1764 1969 13552 2122 1961 13553 1771 1970 13554 2122 1961 13555 2119 1962 13556 1772 1971 13557 2119 1962 13558 2116 1956 13559 2125 1973 13560 2128 1978 13561 2129 1974 13562 2126 1975 13563 2129 1974 13564 2130 1976 13565 2128 1978 13566 2131 1990 13567 2132 1979 13568 2129 1974 13569 2132 1979 13570 2133 1980 13571 1589 1945 13572 1765 1946 13573 2125 1973 13574 1746 1981 13575 2125 1973 13576 2126 1975 13577 1745 1982 13578 2126 1975 13579 2127 1977 13580 1744 1983 13581 2127 1977 13582 1774 1984 13583 2127 1977 13584 2130 1976 13585 1775 1986 13586 2130 1976 13587 2133 1980 13588 1776 1987 13589 2133 1980 13590 1756 1989 13591 1595 1988 13592 2132 1979 13593 1757 1991 13594 1756 1989 13595 2131 1990 13596 1758 2086 13597 1757 1991 13598 1593 1992 13599 1758 2086 13600 2131 1990 13601 1767 1950 13602 2131 1990 13603 2128 1978 13604 1766 1948 13605 2128 1978 13606 2125 1973 13607 2137 1993 13608 2138 1996 13609 2135 1994 13610 2138 1996 13611 2139 2000 13612 2136 1997 13613 2140 1998 13614 2141 1999 13615 2138 1996 13616 2141 1999 13617 2142 2002 13618 2139 2000 13619 1789 2001 13620 2134 1995 13621 1782 1903 13622 2134 1995 13623 2135 1994 13624 1781 1902 13625 2135 1994 13626 2136 1997 13627 1780 1900 13628 2136 1997 13629 1773 1972 13630 1592 1964 13631 2139 2000 13632 1772 1971 13633 1773 1972 13634 2142 2002 13635 1771 1970 13636 1772 1971 13637 1786 1924 13638 1596 1926 13639 1771 1970 13640 1787 1923 13641 1786 1924 13642 2142 2002 13643 1788 1921 13644 1787 1923 13645 2141 1999 13646 1600 1922 13647 1788 1921 13648 2140 1998 13649 1791 2003 13650 2140 1998 13651 2137 1993 13652 1790 2004 13653 2137 1993 13654 2134 1995 13655 2143 2005 13656 2146 2010 13657 2147 2006 13658 2144 2007 13659 2147 2006 13660 2148 2008 13661 2146 2010 13662 2149 2018 13663 2150 2011 13664 2147 2006 13665 2150 2011 13666 2151 2012 13667 1601 2013 13668 1819 2023 13669 2143 2005 13670 1803 2014 13671 2143 2005 13672 2144 2007 13673 1802 2015 13674 2144 2007 13675 2145 2009 13676 1801 2016 13677 2145 2009 13678 1789 2001 13679 2145 2009 13680 2148 2008 13681 1790 2004 13682 2148 2008 13683 2151 2012 13684 1791 2003 13685 2151 2012 13686 1804 2017 13687 1600 1922 13688 2150 2011 13689 1805 2019 13690 1804 2017 13691 2149 2018 13692 1806 2021 13693 1805 2019 13694 1821 2020 13695 1602 2047 13696 1806 2021 13697 1820 2022 13698 1821 2020 13699 2149 2018 13700 1819 2023 13701 1820 2022 13702 2146 2010 13703 2152 2024 13704 2155 2029 13705 2156 2025 13706 2153 2026 13707 2156 2025 13708 2157 2027 13709 2155 2029 13710 2158 2035 13711 2159 2030 13712 2156 2025 13713 2159 2030 13714 2160 2031 13715 1590 1897 13716 1770 1966 13717 2152 2024 13718 1743 1895 13719 2152 2024 13720 2153 2026 13721 1742 1894 13722 2153 2026 13723 2154 2028 13724 1741 1893 13725 2154 2028 13726 1792 2032 13727 2154 2028 13728 2157 2027 13729 1793 2033 13730 2157 2027 13731 2160 2031 13732 1794 2034 13733 2160 2031 13734 1753 1916 13735 1599 1918 13736 2159 2030 13737 1754 1931 13738 1753 1916 13739 2158 2035 13740 1755 1930 13741 1754 1931 13742 1768 1967 13743 1594 1929 13744 1755 1930 13745 1769 1965 13746 1768 1967 13747 2158 2035 13748 1770 1966 13749 1769 1965 13750 2155 2029 13751 2164 2036 13752 2165 2039 13753 2162 2037 13754 2165 2039 13755 2166 2043 13756 2163 2040 13757 2167 2041 13758 2168 2042 13759 2165 2039 13760 2168 2042 13761 2169 2048 13762 2166 2043 13763 1604 1953 13764 1783 2051 13765 2161 2038 13766 2161 2038 13767 2162 2037 13768 1817 2045 13769 2162 2037 13770 2163 2040 13771 1816 2046 13772 2163 2040 13773 1806 2021 13774 1602 2047 13775 2166 2043 13776 1805 2019 13777 1806 2021 13778 2169 2048 13779 1804 2017 13780 1805 2019 13781 1795 1920 13782 1600 1922 13783 1804 2017 13784 1796 1919 13785 1795 1920 13786 2169 2048 13787 1797 1917 13788 1796 1919 13789 2168 2042 13790 1599 1918 13791 1797 1917 13792 2167 2041 13793 1785 2049 13794 2167 2041 13795 2164 2036 13796 1783 2051 13797 1784 2050 13798 2164 2036 13799 2173 2052 13800 2174 2055 13801 2171 2053 13802 2174 2055 13803 2175 2059 13804 2172 2056 13805 2173 2052 13806 2176 2064 13807 2177 2057 13808 2174 2055 13809 2177 2057 13810 2178 2058 13811 1813 2060 13812 2170 2054 13813 1777 2061 13814 2170 2054 13815 2171 2053 13816 1778 2062 13817 2171 2053 13818 2172 2056 13819 1779 2063 13820 2172 2056 13821 1798 1907 13822 1597 1892 13823 2175 2059 13824 1799 1906 13825 1798 1907 13826 2178 2058 13827 1800 1905 13828 1799 1906 13829 2178 2058 13830 1801 2016 13831 1598 1904 13832 2177 2057 13833 1802 2015 13834 1801 2016 13835 2176 2064 13836 1803 2014 13837 1802 2015 13838 1815 2065 13839 1601 2013 13840 1803 2014 13841 1814 2066 13842 1815 2065 13843 2176 2064 13844 1814 2066 13845 2173 2052 13846 2170 2054 13847 2182 2067 13848 2183 2070 13849 2180 2068 13850 2183 2070 13851 2184 2074 13852 2181 2071 13853 2185 2072 13854 2186 2075 13855 2183 2070 13856 2183 2070 13857 2186 2075 13858 2187 2073 13859 1746 1981 13860 2179 2069 13861 1807 1944 13862 2179 2069 13863 2180 2068 13864 1808 1943 13865 2180 2068 13866 2181 2071 13867 1809 1941 13868 2181 2071 13869 1813 2060 13870 1603 1942 13871 2184 2074 13872 1814 2066 13873 1813 2060 13874 2184 2074 13875 2187 2073 13876 1815 2065 13877 2187 2073 13878 1747 2076 13879 1601 2013 13880 2186 2075 13881 1748 2077 13882 1747 2076 13883 2185 2072 13884 1749 2099 13885 1748 2077 13886 1591 1985 13887 1749 2099 13888 2185 2072 13889 1744 1983 13890 2185 2072 13891 2182 2067 13892 1745 1982 13893 2182 2067 13894 2179 2069 13895 2188 2078 13896 2191 2083 13897 2192 2079 13898 2192 2079 13899 2193 2085 13900 2190 2081 13901 2194 2082 13902 2195 2084 13903 2192 2079 13904 2195 2084 13905 2196 2088 13906 2193 2085 13907 1593 1992 13908 1810 1949 13909 2188 2078 13910 1758 2086 13911 2188 2078 13912 2189 2080 13913 2189 2080 13914 2190 2081 13915 1756 1989 13916 2190 2081 13917 1761 2087 13918 1595 1988 13919 2193 2085 13920 1760 2089 13921 1761 2087 13922 2196 2088 13923 1759 2090 13924 1760 2089 13925 1816 2046 13926 1602 2047 13927 1759 2090 13928 1817 2045 13929 1816 2046 13930 2196 2088 13931 1818 2044 13932 1817 2045 13933 2195 2084 13934 1812 1952 13935 1604 1953 13936 1818 2044 13937 1811 1951 13938 1812 1952 13939 2194 2082 13940 1810 1949 13941 1811 1951 13942 2191 2083 13943 2197 2091 13944 2200 2096 13945 2201 2092 13946 2198 2093 13947 2201 2092 13948 2202 2094 13949 2200 2096 13950 2203 2100 13951 2204 2097 13952 2201 2092 13953 2204 2097 13954 2205 2098 13955 1591 1985 13956 1774 1984 13957 2197 2091 13958 1749 2099 13959 2197 2091 13960 2198 2093 13961 1748 2077 13962 2198 2093 13963 2199 2095 13964 1747 2076 13965 2199 2095 13966 1819 2023 13967 2199 2095 13968 2202 2094 13969 1820 2022 13970 2202 2094 13971 2205 2098 13972 1821 2020 13973 2205 2098 13974 1759 2090 13975 1602 2047 13976 2204 2097 13977 1760 2089 13978 1759 2090 13979 2203 2100 13980 1761 2087 13981 1760 2089 13982 1776 1987 13983 1595 1988 13984 1761 2087 13985 1775 1986 13986 1776 1987 13987 2203 2100 13988 1774 1984 13989 1775 1986 13990 2200 2096 13991 2209 2101 13992 2210 2104 13993 2207 2102 13994 2210 2104 13995 2211 2108 13996 2208 2105 13997 2212 2106 13998 2213 2107 13999 2210 2104 14000 2213 2107 14001 2214 2109 14002 2211 2108 14003 1792 2032 14004 2206 2103 14005 1779 2063 14006 2206 2103 14007 2207 2102 14008 1778 2062 14009 2207 2102 14010 2208 2105 14011 1777 2061 14012 2208 2105 14013 1822 1940 14014 1603 1942 14015 2211 2108 14016 1823 1955 14017 1822 1940 14018 2214 2109 14019 1824 1954 14020 1823 1955 14021 1783 2051 14022 1604 1953 14023 1824 1954 14024 1784 2050 14025 1783 2051 14026 2214 2109 14027 1785 2049 14028 1784 2050 14029 2213 2107 14030 1794 2034 14031 1599 1918 14032 1785 2049 14033 1794 2034 14034 2212 2106 14035 2209 2101 14036 1793 2033 14037 2209 2101 14038 2206 2103 14039 2215 2110 14040 2218 2116 14041 2219 2111 14042 2216 2112 14043 2219 2111 14044 2220 2113 14045 2221 2115 14046 2222 2117 14047 2219 2111 14048 2222 2117 14049 2223 2125 14050 2220 2113 14051 1613 2118 14052 1882 2133 14053 2215 2110 14054 1825 2119 14055 2215 2110 14056 2216 2112 14057 1826 2120 14058 2216 2112 14059 2217 2114 14060 1827 2121 14061 2217 2114 14062 1834 2122 14063 2217 2114 14064 2220 2113 14065 1835 2124 14066 2223 2125 14067 1836 2127 14068 1835 2124 14069 1864 2126 14070 1608 2190 14071 1836 2127 14072 1865 2128 14073 1864 2126 14074 2223 2125 14075 1866 2129 14076 1865 2128 14077 2222 2117 14078 1614 2130 14079 1866 2129 14080 2221 2115 14081 1884 2131 14082 2221 2115 14083 2218 2116 14084 1882 2133 14085 1883 2132 14086 2218 2116 14087 2227 2134 14088 2228 2140 14089 2225 2135 14090 2225 2135 14091 2228 2140 14092 2229 2137 14093 2230 2139 14094 2231 2152 14095 2228 2140 14096 2228 2140 14097 2231 2152 14098 2232 2141 14099 1837 2142 14100 2224 2136 14101 1881 2143 14102 2224 2136 14103 2225 2135 14104 1880 2145 14105 1880 2145 14106 2225 2135 14107 2226 2138 14108 1879 2146 14109 2226 2138 14110 1872 2147 14111 2226 2138 14112 2229 2137 14113 1871 2149 14114 2229 2137 14115 2232 2141 14116 1870 2150 14117 2232 2141 14118 1848 2153 14119 1612 2151 14120 2231 2152 14121 1847 2650 14122 1848 2153 14123 1846 2154 14124 1847 2650 14125 2231 2152 14126 1610 2155 14127 1846 2154 14128 2230 2139 14129 1839 2156 14130 2230 2139 14131 2227 2134 14132 1838 2157 14133 2227 2134 14134 2224 2136 14135 2236 2158 14136 2237 2161 14137 2234 2159 14138 2237 2161 14139 2238 2165 14140 2235 2162 14141 2239 2163 14142 2240 2164 14143 2237 2161 14144 2240 2164 14145 2241 2173 14146 2238 2165 14147 1906 2166 14148 2233 2160 14149 1893 2167 14150 2233 2160 14151 2234 2159 14152 1892 2169 14153 2234 2159 14154 2235 2162 14155 1891 2170 14156 2235 2162 14157 1849 2172 14158 1605 2171 14159 2238 2165 14160 1850 2174 14161 1849 2172 14162 2241 2173 14163 1851 2176 14164 1850 2174 14165 1894 2175 14166 1609 2217 14167 1851 2176 14168 1895 2177 14169 1894 2175 14170 2241 2173 14171 1896 2178 14172 1895 2177 14173 2240 2164 14174 1620 2179 14175 1896 2178 14176 2239 2163 14177 1908 2180 14178 2239 2163 14179 2236 2158 14180 1907 2181 14181 2236 2158 14182 2233 2160 14183 2245 2182 14184 2246 2188 14185 2243 2183 14186 2243 2183 14187 2246 2188 14188 2247 2185 14189 2248 2187 14190 2249 2194 14191 2246 2188 14192 2246 2188 14193 2249 2194 14194 2250 2189 14195 1608 2190 14196 1857 2197 14197 2242 2184 14198 1836 2127 14199 2242 2184 14200 2243 2183 14201 2243 2183 14202 2244 2186 14203 1834 2122 14204 2244 2186 14205 1854 2192 14206 1606 2123 14207 2244 2186 14208 2247 2185 14209 1853 2191 14210 2247 2185 14211 2250 2189 14212 1852 2193 14213 2250 2189 14214 1846 2154 14215 1610 2155 14216 2249 2194 14217 1847 2650 14218 1846 2154 14219 1848 2153 14220 1847 2650 14221 2249 2194 14222 1612 2151 14223 1848 2153 14224 2248 2187 14225 1855 2195 14226 2248 2187 14227 2245 2182 14228 1856 2196 14229 2245 2182 14230 2242 2184 14231 2254 2198 14232 2255 2204 14233 2252 2199 14234 2252 2199 14235 2255 2204 14236 2256 2201 14237 2257 2203 14238 2258 2214 14239 2255 2204 14240 2255 2204 14241 2258 2214 14242 2259 2205 14243 1849 2172 14244 2251 2200 14245 1830 2206 14246 2251 2200 14247 2252 2199 14248 1829 2207 14249 2252 2199 14250 2253 2202 14251 1828 2208 14252 1828 2208 14253 2253 2202 14254 1858 2209 14255 2253 2202 14256 2256 2201 14257 1859 2211 14258 2256 2201 14259 2259 2205 14260 1860 2212 14261 2259 2205 14262 1840 2215 14263 1611 2213 14264 2258 2214 14265 1841 2311 14266 1840 2215 14267 1842 2216 14268 1841 2311 14269 2258 2214 14270 1609 2217 14271 1842 2216 14272 2257 2203 14273 1851 2176 14274 2257 2203 14275 2254 2198 14276 1850 2174 14277 2254 2198 14278 2251 2200 14279 2263 2218 14280 2264 2221 14281 2261 2219 14282 2264 2221 14283 2265 2225 14284 2262 2222 14285 2266 2223 14286 2267 2224 14287 2264 2221 14288 2267 2224 14289 2268 2227 14290 2265 2225 14291 1873 2226 14292 2260 2220 14293 1866 2129 14294 2260 2220 14295 2261 2219 14296 1865 2128 14297 2261 2219 14298 2262 2222 14299 1864 2126 14300 2262 2222 14301 1857 2197 14302 1608 2190 14303 2265 2225 14304 1856 2196 14305 1857 2197 14306 2268 2227 14307 1855 2195 14308 1856 2196 14309 1870 2150 14310 1612 2151 14311 1855 2195 14312 1871 2149 14313 1870 2150 14314 2268 2227 14315 1872 2147 14316 1871 2149 14317 2267 2224 14318 1616 2148 14319 1872 2147 14320 2266 2223 14321 1875 2228 14322 2266 2223 14323 2263 2218 14324 1874 2229 14325 2263 2218 14326 2260 2220 14327 2269 2230 14328 2272 2235 14329 2273 2231 14330 2270 2232 14331 2273 2231 14332 2274 2233 14333 2272 2235 14334 2275 2243 14335 2276 2236 14336 2273 2231 14337 2276 2236 14338 2277 2237 14339 1617 2238 14340 1903 2248 14341 2269 2230 14342 1887 2239 14343 2269 2230 14344 2270 2232 14345 1886 2240 14346 2270 2232 14347 2271 2234 14348 1885 2241 14349 2271 2234 14350 1873 2226 14351 2271 2234 14352 2274 2233 14353 1874 2229 14354 2274 2233 14355 2277 2237 14356 1875 2228 14357 1888 2242 14358 1616 2148 14359 1875 2228 14360 2276 2236 14361 1889 2244 14362 1888 2242 14363 2275 2243 14364 1890 2246 14365 1889 2244 14366 1905 2245 14367 1618 2272 14368 1890 2246 14369 1904 2247 14370 1905 2245 14371 2275 2243 14372 1903 2248 14373 1904 2247 14374 2272 2235 14375 2278 2249 14376 2281 2254 14377 2282 2250 14378 2279 2251 14379 2282 2250 14380 2283 2252 14381 2281 2254 14382 2284 2260 14383 2285 2255 14384 2282 2250 14385 2285 2255 14386 2286 2256 14387 1606 2123 14388 1854 2192 14389 2278 2249 14390 1827 2121 14391 2278 2249 14392 2279 2251 14393 1826 2120 14394 2279 2251 14395 2280 2253 14396 1825 2119 14397 2280 2253 14398 1876 2257 14399 2280 2253 14400 2283 2252 14401 1877 2258 14402 2283 2252 14403 2286 2256 14404 1878 2259 14405 2286 2256 14406 1837 2142 14407 1615 2144 14408 2285 2255 14409 1838 2157 14410 1837 2142 14411 2284 2260 14412 1839 2156 14413 1838 2157 14414 1852 2193 14415 1610 2155 14416 1839 2156 14417 1853 2191 14418 1852 2193 14419 2284 2260 14420 1854 2192 14421 1853 2191 14422 2281 2254 14423 2287 2261 14424 2290 2265 14425 2291 2262 14426 2291 2262 14427 2292 2268 14428 2289 2264 14429 2290 2265 14430 2293 2273 14431 2294 2266 14432 2291 2262 14433 2294 2266 14434 2295 2267 14435 1620 2179 14436 1867 2276 14437 2287 2261 14438 1902 2269 14439 2287 2261 14440 2288 2263 14441 2288 2263 14442 2289 2264 14443 1900 2271 14444 2289 2264 14445 1890 2246 14446 1618 2272 14447 2292 2268 14448 1889 2244 14449 1890 2246 14450 2295 2267 14451 1888 2242 14452 1889 2244 14453 2295 2267 14454 1879 2146 14455 1616 2148 14456 2294 2266 14457 1880 2145 14458 1879 2146 14459 2293 2273 14460 1881 2143 14461 1880 2145 14462 1615 2144 14463 1881 2143 14464 2293 2273 14465 1868 2275 14466 1869 2274 14467 2293 2273 14468 1867 2276 14469 1868 2275 14470 2290 2265 14471 2299 2277 14472 2300 2280 14473 2297 2278 14474 2300 2280 14475 2301 2284 14476 2298 2281 14477 2299 2277 14478 2302 2289 14479 2303 2282 14480 2300 2280 14481 2303 2282 14482 2304 2283 14483 1897 2285 14484 2296 2279 14485 1861 2286 14486 2296 2279 14487 2297 2278 14488 1862 2287 14489 2297 2278 14490 2298 2281 14491 1863 2288 14492 2298 2281 14493 1882 2133 14494 1613 2118 14495 2301 2284 14496 1883 2132 14497 1882 2133 14498 2301 2284 14499 2304 2283 14500 1884 2131 14501 2304 2283 14502 1885 2241 14503 1614 2130 14504 2303 2282 14505 1886 2240 14506 1885 2241 14507 2302 2289 14508 1887 2239 14509 1886 2240 14510 1899 2290 14511 1617 2238 14512 1887 2239 14513 1898 2291 14514 1899 2290 14515 2302 2289 14516 1898 2291 14517 2299 2277 14518 2296 2279 14519 2308 2292 14520 2309 2295 14521 2306 2293 14522 2309 2295 14523 2310 2299 14524 2307 2296 14525 2308 2292 14526 2311 2301 14527 2312 2297 14528 2309 2295 14529 2312 2297 14530 2313 2298 14531 1605 2171 14532 1830 2206 14533 2305 2294 14534 2305 2294 14535 2306 2293 14536 1892 2169 14537 2306 2293 14538 2307 2296 14539 1893 2167 14540 2307 2296 14541 1897 2285 14542 1619 2168 14543 2310 2299 14544 1898 2291 14545 1897 2285 14546 2310 2299 14547 2313 2298 14548 1899 2290 14549 2313 2298 14550 1831 2300 14551 1617 2238 14552 2312 2297 14553 1832 2302 14554 1831 2300 14555 2311 2301 14556 1833 2303 14557 1832 2302 14558 1828 2208 14559 1607 2210 14560 1833 2303 14561 1829 2207 14562 1828 2208 14563 2311 2301 14564 1830 2206 14565 1829 2207 14566 2308 2292 14567 2314 2304 14568 2317 2308 14569 2318 2305 14570 2318 2305 14571 2319 2310 14572 2316 2307 14573 2317 2308 14574 2320 2316 14575 2321 2309 14576 2321 2309 14577 2322 2313 14578 2319 2310 14579 1609 2217 14580 1894 2175 14581 2314 2304 14582 1842 2216 14583 2314 2304 14584 2315 2306 14585 2315 2306 14586 2316 2307 14587 1840 2215 14588 2316 2307 14589 1845 2312 14590 1611 2213 14591 2319 2310 14592 1844 2314 14593 1845 2312 14594 2322 2313 14595 1843 2315 14596 1844 2314 14597 1900 2271 14598 1618 2272 14599 1843 2315 14600 1901 2270 14601 1900 2271 14602 2322 2313 14603 2320 2316 14604 1902 2269 14605 1901 2270 14606 1896 2178 14607 1620 2179 14608 1902 2269 14609 1895 2177 14610 1896 2178 14611 2320 2316 14612 1894 2175 14613 1895 2177 14614 2317 2308 14615 2323 2317 14616 2326 2322 14617 2327 2318 14618 2324 2319 14619 2327 2318 14620 2328 2320 14621 2326 2322 14622 2329 2325 14623 2330 2323 14624 2327 2318 14625 2330 2323 14626 2331 2324 14627 1607 2210 14628 1858 2209 14629 2323 2317 14630 1833 2303 14631 2323 2317 14632 2324 2319 14633 1832 2302 14634 2324 2319 14635 2325 2321 14636 1831 2300 14637 2325 2321 14638 1903 2248 14639 2325 2321 14640 2328 2320 14641 1904 2247 14642 2328 2320 14643 2331 2324 14644 1905 2245 14645 2331 2324 14646 1843 2315 14647 1618 2272 14648 2330 2323 14649 1844 2314 14650 1843 2315 14651 2329 2325 14652 1845 2312 14653 1844 2314 14654 1860 2212 14655 1611 2213 14656 1845 2312 14657 1859 2211 14658 1860 2212 14659 2329 2325 14660 1858 2209 14661 1859 2211 14662 2326 2322 14663 2335 2326 14664 2336 2329 14665 2333 2327 14666 2336 2329 14667 2337 2333 14668 2334 2330 14669 2338 2331 14670 2339 2332 14671 2336 2329 14672 2339 2332 14673 2340 2334 14674 2337 2333 14675 1876 2257 14676 2332 2328 14677 1863 2288 14678 2332 2328 14679 2333 2327 14680 1862 2287 14681 2333 2327 14682 2334 2330 14683 1861 2286 14684 2334 2330 14685 1906 2166 14686 1619 2168 14687 2337 2333 14688 1907 2181 14689 1906 2166 14690 2340 2334 14691 1908 2180 14692 1907 2181 14693 1867 2276 14694 1620 2179 14695 1908 2180 14696 1868 2275 14697 1867 2276 14698 2340 2334 14699 1869 2274 14700 1868 2275 14701 2339 2332 14702 1878 2259 14703 1615 2144 14704 1869 2274 14705 1878 2259 14706 2338 2331 14707 2335 2326 14708 1877 2258 14709 2335 2326 14710 2332 2328 14711</p>
        </triangles>
        <triangles material="hair-material" count="336">
          <input semantic="VERTEX" source="#Cube_012-mesh-vertices" offset="0"/>
          <input semantic="NORMAL" source="#Cube_012-mesh-normals" offset="1"/>
          <input semantic="TEXCOORD" source="#Cube_012-mesh-map-0" offset="2" set="0"/>
          <p>2536 2471 7296 2543 2472 7297 2478 2473 7298 2482 2474 7299 2610 2475 7300 2536 2471 7301 2542 2476 7302 2541 2477 7303 2610 2475 7304 2610 2475 7305 2488 2478 7306 2543 2472 7307 2481 2479 7308 2611 2480 7309 2534 2481 7310 2480 2482 7311 2611 2480 7312 2530 2483 7313 2532 2484 7314 2529 2485 7315 2611 2480 7316 2611 2480 7317 2485 2486 7318 2534 2481 7319 2485 2486 7320 2612 2487 7321 2526 2488 7322 2529 2485 7323 2535 2489 7324 2612 2487 7325 2535 2489 7326 2531 2490 7327 2612 2487 7328 2612 2487 7329 2483 2491 7330 2526 2488 7331 2483 2491 7332 2613 2492 7333 2526 2488 7334 2479 2493 7335 2613 2492 7336 2527 2494 7337 2613 2492 7338 2481 2479 7339 2534 2481 7340 2613 2492 7341 2485 2486 7342 2526 2488 7343 2479 2493 7344 2614 2495 7345 2537 2496 7346 2528 2497 7347 2533 2498 7348 2614 2495 7349 2533 2498 7350 2530 2483 7351 2614 2495 7352 2614 2495 7353 2481 2479 7354 2537 2496 7355 2483 2491 7356 2615 2499 7357 2527 2494 7358 2531 2490 7359 2536 2471 7360 2615 2499 7361 2615 2499 7362 2478 2473 7363 2528 2497 7364 2615 2499 7365 2479 2493 7366 2527 2494 7367 2540 2500 7368 2551 2501 7369 2489 2502 7370 2540 2500 7371 2550 2503 7372 2616 2504 7373 2616 2504 7374 2491 2505 7375 2548 2506 7376 2616 2504 7377 2493 2507 7378 2551 2501 7379 2484 2508 7380 2617 2509 7381 2545 2510 7382 2532 2484 7383 2544 2511 7384 2617 2509 7385 2617 2509 7386 2486 2512 7387 2538 2513 7388 2545 2510 7389 2538 2513 7390 2487 2514 7391 2535 2489 7392 2542 2476 7393 2482 2474 7394 2535 2489 7395 2545 2510 7396 2618 2515 7397 2618 2515 7398 2487 2514 7399 2540 2500 7400 2618 2515 7401 2489 2502 7402 2542 2476 7403 2480 2482 7404 2619 2516 7405 2544 2511 7406 2478 2473 7407 2619 2516 7408 2533 2498 7409 2543 2472 7410 2539 2517 7411 2619 2516 7412 2544 2511 7413 2539 2517 7414 2486 2512 7415 2492 2518 7416 2620 2519 7417 2547 2520 7418 2493 2507 7419 2620 2519 7420 2549 2521 7421 2620 2519 7422 2491 2505 7423 2546 2522 7424 2620 2519 7425 2490 2523 7426 2547 2520 7427 2538 2513 7428 2550 2503 7429 2487 2514 7430 2486 2512 7431 2621 2524 7432 2538 2513 7433 2621 2524 7434 2490 2523 7435 2546 2522 7436 2621 2524 7437 2491 2505 7438 2550 2503 7439 2488 2478 7440 2622 2525 7441 2553 2526 7442 2541 2477 7443 2551 2501 7444 2622 2525 7445 2622 2525 7446 2493 2507 7447 2549 2521 7448 2622 2525 7449 2492 2518 7450 2553 2526 7451 2539 2517 7452 2552 2527 7453 2486 2512 7454 2539 2517 7455 2553 2526 7456 2623 2528 7457 2623 2528 7458 2492 2518 7459 2547 2520 7460 2623 2528 7461 2490 2523 7462 2552 2527 7463 2564 2529 7464 2571 2530 7465 2494 2531 7466 2498 2532 7467 2624 2533 7468 2564 2529 7469 2570 2534 7470 2569 2535 7471 2624 2533 7472 2624 2533 7473 2504 2536 7474 2571 2530 7475 2497 2537 7476 2625 2538 7477 2562 2539 7478 2496 2540 7479 2625 2538 7480 2558 2541 7481 2560 2542 7482 2557 2543 7483 2625 2538 7484 2625 2538 7485 2501 2544 7486 2562 2539 7487 2501 2544 7488 2626 2545 7489 2554 2546 7490 2557 2543 7491 2563 2547 7492 2626 2545 7493 2563 2547 7494 2559 2548 7495 2626 2545 7496 2626 2545 7497 2499 2549 7498 2554 2546 7499 2499 2549 7500 2627 2550 7501 2554 2546 7502 2495 2551 7503 2627 2550 7504 2555 2552 7505 2627 2550 7506 2497 2537 7507 2562 2539 7508 2627 2550 7509 2501 2544 7510 2554 2546 7511 2495 2551 7512 2628 2553 7513 2565 2554 7514 2556 2555 7515 2561 2556 7516 2628 2553 7517 2561 2556 7518 2558 2541 7519 2628 2553 7520 2628 2553 7521 2497 2537 7522 2565 2554 7523 2499 2549 7524 2629 2557 7525 2555 2552 7526 2559 2548 7527 2564 2529 7528 2629 2557 7529 2629 2557 7530 2494 2531 7531 2556 2555 7532 2629 2557 7533 2495 2551 7534 2555 2552 7535 2568 2558 7536 2579 2559 7537 2505 2560 7538 2568 2558 7539 2578 2561 7540 2630 2562 7541 2630 2562 7542 2507 2563 7543 2576 2564 7544 2630 2562 7545 2509 2565 7546 2579 2559 7547 2500 2566 7548 2631 2567 7549 2573 2568 7550 2560 2542 7551 2572 2569 7552 2631 2567 7553 2631 2567 7554 2502 2570 7555 2566 2571 7556 2573 2568 7557 2566 2571 7558 2503 2572 7559 2563 2547 7560 2570 2534 7561 2498 2532 7562 2563 2547 7563 2573 2568 7564 2632 2573 7565 2632 2573 7566 2503 2572 7567 2568 2558 7568 2632 2573 7569 2505 2560 7570 2570 2534 7571 2496 2540 7572 2633 2574 7573 2572 2569 7574 2494 2531 7575 2633 2574 7576 2561 2556 7577 2571 2530 7578 2567 2575 7579 2633 2574 7580 2572 2569 7581 2567 2575 7582 2502 2570 7583 2508 2576 7584 2634 2577 7585 2575 2578 7586 2509 2565 7587 2634 2577 7588 2577 2579 7589 2634 2577 7590 2507 2563 7591 2574 2580 7592 2634 2577 7593 2506 2581 7594 2575 2578 7595 2566 2571 7596 2578 2561 7597 2503 2572 7598 2502 2570 7599 2635 2582 7600 2566 2571 7601 2635 2582 7602 2506 2581 7603 2574 2580 7604 2635 2582 7605 2507 2563 7606 2578 2561 7607 2504 2536 7608 2636 2583 7609 2581 2584 7610 2569 2535 7611 2579 2559 7612 2636 2583 7613 2636 2583 7614 2509 2565 7615 2577 2579 7616 2636 2583 7617 2508 2576 7618 2581 2584 7619 2567 2575 7620 2580 2585 7621 2502 2570 7622 2567 2575 7623 2581 2584 7624 2637 2586 7625 2637 2586 7626 2508 2576 7627 2575 2578 7628 2637 2586 7629 2506 2581 7630 2580 2585 7631 2592 2587 7632 2599 2588 7633 2510 2589 7634 2514 2590 7635 2638 2591 7636 2592 2587 7637 2598 2592 7638 2597 2593 7639 2638 2591 7640 2638 2591 7641 2520 2594 7642 2599 2588 7643 2513 2595 7644 2639 2596 7645 2590 2597 7646 2512 2598 7647 2639 2596 7648 2586 2599 7649 2588 2600 7650 2585 2601 7651 2639 2596 7652 2639 2596 7653 2517 2602 7654 2590 2597 7655 2517 2602 7656 2640 2603 7657 2582 2604 7658 2585 2601 7659 2591 2605 7660 2640 2603 7661 2591 2605 7662 2587 2606 7663 2640 2603 7664 2640 2603 7665 2515 2607 7666 2582 2604 7667 2515 2607 7668 2641 2608 7669 2582 2604 7670 2511 2609 7671 2641 2608 7672 2583 2610 7673 2641 2608 7674 2513 2595 7675 2590 2597 7676 2641 2608 7677 2517 2602 7678 2582 2604 7679 2511 2609 7680 2642 2611 7681 2593 2612 7682 2584 2613 7683 2589 2614 7684 2642 2611 7685 2589 2614 7686 2586 2599 7687 2642 2611 7688 2642 2611 7689 2513 2595 7690 2593 2612 7691 2515 2607 7692 2643 2615 7693 2583 2610 7694 2587 2606 7695 2592 2587 7696 2643 2615 7697 2643 2615 7698 2510 2589 7699 2584 2613 7700 2643 2615 7701 2511 2609 7702 2583 2610 7703 2596 2616 7704 2607 2617 7705 2521 2618 7706 2596 2616 7707 2606 2619 7708 2644 2620 7709 2644 2620 7710 2523 2621 7711 2604 2622 7712 2644 2620 7713 2525 2623 7714 2607 2617 7715 2516 2624 7716 2645 2625 7717 2601 2626 7718 2588 2600 7719 2600 2627 7720 2645 2625 7721 2645 2625 7722 2518 2628 7723 2594 2629 7724 2601 2626 7725 2594 2629 7726 2519 2630 7727 2591 2605 7728 2598 2592 7729 2514 2590 7730 2591 2605 7731 2601 2626 7732 2646 2631 7733 2646 2631 7734 2519 2630 7735 2596 2616 7736 2646 2631 7737 2521 2618 7738 2598 2592 7739 2512 2598 7740 2647 2632 7741 2600 2627 7742 2510 2589 7743 2647 2632 7744 2589 2614 7745 2599 2588 7746 2595 2633 7747 2647 2632 7748 2600 2627 7749 2595 2633 7750 2518 2628 7751 2524 2634 7752 2648 2635 7753 2603 2636 7754 2525 2623 7755 2648 2635 7756 2605 2637 7757 2648 2635 7758 2523 2621 7759 2602 2638 7760 2648 2635 7761 2522 2639 7762 2603 2636 7763 2594 2629 7764 2606 2619 7765 2519 2630 7766 2518 2628 7767 2649 2640 7768 2594 2629 7769 2649 2640 7770 2522 2639 7771 2602 2638 7772 2649 2640 7773 2523 2621 7774 2606 2619 7775 2520 2594 7776 2650 2641 7777 2609 2642 7778 2597 2593 7779 2607 2617 7780 2650 2641 7781 2650 2641 7782 2525 2623 7783 2605 2637 7784 2650 2641 7785 2524 2634 7786 2609 2642 7787 2595 2633 7788 2608 2643 7789 2518 2628 7790 2595 2633 7791 2609 2642 7792 2651 2644 7793 2651 2644 7794 2524 2634 7795 2603 2636 7796 2651 2644 7797 2522 2639 7798 2608 2643 7799 2536 2471 15096 2610 2475 15097 2543 2472 15098 2482 2474 15099 2542 2476 15100 2610 2475 15101 2542 2476 15102 2489 2502 15103 2541 2477 15104 2610 2475 15105 2541 2477 15106 2488 2478 15107 2481 2479 15108 2530 2483 15109 2611 2480 15110 2480 2482 15111 2532 2484 15112 2611 2480 15113 2532 2484 15114 2484 2508 15115 2529 2485 15116 2611 2480 15117 2529 2485 15118 2485 2486 15119 2485 2486 15120 2529 2485 15121 2612 2487 15122 2529 2485 15123 2484 2508 15124 2535 2489 15125 2535 2489 15126 2482 2474 15127 2531 2490 15128 2612 2487 15129 2531 2490 15130 2483 2491 15131 2483 2491 15132 2527 2494 15133 2613 2492 15134 2479 2493 15135 2537 2496 15136 2613 2492 15137 2613 2492 15138 2537 2496 15139 2481 2479 15140 2613 2492 15141 2534 2481 15142 2485 2486 15143 2479 2493 15144 2528 2497 15145 2614 2495 15146 2528 2497 15147 2478 2473 15148 2533 2498 15149 2533 2498 15150 2480 2482 15151 2530 2483 15152 2614 2495 15153 2530 2483 15154 2481 2479 15155 2483 2491 15156 2531 2490 15157 2615 2499 15158 2531 2490 15159 2482 2474 15160 2536 2471 15161 2615 2499 15162 2536 2471 15163 2478 2473 15164 2615 2499 15165 2528 2497 15166 2479 2493 15167 2540 2500 15168 2616 2504 15169 2551 2501 15170 2540 2500 15171 2487 2514 15172 2550 2503 15173 2616 2504 15174 2550 2503 15175 2491 2505 15176 2616 2504 15177 2548 2506 15178 2493 2507 15179 2484 2508 15180 2532 2484 15181 2617 2509 15182 2532 2484 15183 2480 2482 15184 2544 2511 15185 2617 2509 15186 2544 2511 15187 2486 2512 15188 2545 2510 15189 2617 2509 15190 2538 2513 15191 2535 2489 15192 2618 2515 15193 2542 2476 15194 2535 2489 15195 2484 2508 15196 2545 2510 15197 2618 2515 15198 2545 2510 15199 2487 2514 15200 2618 2515 15201 2540 2500 15202 2489 2502 15203 2480 2482 15204 2533 2498 15205 2619 2516 15206 2478 2473 15207 2543 2472 15208 2619 2516 15209 2543 2472 15210 2488 2478 15211 2539 2517 15212 2544 2511 15213 2619 2516 15214 2539 2517 15215 2492 2518 15216 2549 2521 15217 2620 2519 15218 2493 2507 15219 2548 2506 15220 2620 2519 15221 2620 2519 15222 2548 2506 15223 2491 2505 15224 2620 2519 15225 2546 2522 15226 2490 2523 15227 2538 2513 15228 2621 2524 15229 2550 2503 15230 2486 2512 15231 2552 2527 15232 2621 2524 15233 2621 2524 15234 2552 2527 15235 2490 2523 15236 2621 2524 15237 2546 2522 15238 2491 2505 15239 2488 2478 15240 2541 2477 15241 2622 2525 15242 2541 2477 15243 2489 2502 15244 2551 2501 15245 2622 2525 15246 2551 2501 15247 2493 2507 15248 2622 2525 15249 2549 2521 15250 2492 2518 15251 2539 2517 15252 2623 2528 15253 2552 2527 15254 2539 2517 15255 2488 2478 15256 2553 2526 15257 2623 2528 15258 2553 2526 15259 2492 2518 15260 2623 2528 15261 2547 2520 15262 2490 2523 15263 2564 2529 15264 2624 2533 15265 2571 2530 15266 2498 2532 15267 2570 2534 15268 2624 2533 15269 2570 2534 15270 2505 2560 15271 2569 2535 15272 2624 2533 15273 2569 2535 15274 2504 2536 15275 2497 2537 15276 2558 2541 15277 2625 2538 15278 2496 2540 15279 2560 2542 15280 2625 2538 15281 2560 2542 15282 2500 2566 15283 2557 2543 15284 2625 2538 15285 2557 2543 15286 2501 2544 15287 2501 2544 15288 2557 2543 15289 2626 2545 15290 2557 2543 15291 2500 2566 15292 2563 2547 15293 2563 2547 15294 2498 2532 15295 2559 2548 15296 2626 2545 15297 2559 2548 15298 2499 2549 15299 2499 2549 15300 2555 2552 15301 2627 2550 15302 2495 2551 15303 2565 2554 15304 2627 2550 15305 2627 2550 15306 2565 2554 15307 2497 2537 15308 2627 2550 15309 2562 2539 15310 2501 2544 15311 2495 2551 15312 2556 2555 15313 2628 2553 15314 2556 2555 15315 2494 2531 15316 2561 2556 15317 2561 2556 15318 2496 2540 15319 2558 2541 15320 2628 2553 15321 2558 2541 15322 2497 2537 15323 2499 2549 15324 2559 2548 15325 2629 2557 15326 2559 2548 15327 2498 2532 15328 2564 2529 15329 2629 2557 15330 2564 2529 15331 2494 2531 15332 2629 2557 15333 2556 2555 15334 2495 2551 15335 2568 2558 15336 2630 2562 15337 2579 2559 15338 2568 2558 15339 2503 2572 15340 2578 2561 15341 2630 2562 15342 2578 2561 15343 2507 2563 15344 2630 2562 15345 2576 2564 15346 2509 2565 15347 2500 2566 15348 2560 2542 15349 2631 2567 15350 2560 2542 15351 2496 2540 15352 2572 2569 15353 2631 2567 15354 2572 2569 15355 2502 2570 15356 2573 2568 15357 2631 2567 15358 2566 2571 15359 2563 2547 15360 2632 2573 15361 2570 2534 15362 2563 2547 15363 2500 2566 15364 2573 2568 15365 2632 2573 15366 2573 2568 15367 2503 2572 15368 2632 2573 15369 2568 2558 15370 2505 2560 15371 2496 2540 15372 2561 2556 15373 2633 2574 15374 2494 2531 15375 2571 2530 15376 2633 2574 15377 2571 2530 15378 2504 2536 15379 2567 2575 15380 2572 2569 15381 2633 2574 15382 2567 2575 15383 2508 2576 15384 2577 2579 15385 2634 2577 15386 2509 2565 15387 2576 2564 15388 2634 2577 15389 2634 2577 15390 2576 2564 15391 2507 2563 15392 2634 2577 15393 2574 2580 15394 2506 2581 15395 2566 2571 15396 2635 2582 15397 2578 2561 15398 2502 2570 15399 2580 2585 15400 2635 2582 15401 2635 2582 15402 2580 2585 15403 2506 2581 15404 2635 2582 15405 2574 2580 15406 2507 2563 15407 2504 2536 15408 2569 2535 15409 2636 2583 15410 2569 2535 15411 2505 2560 15412 2579 2559 15413 2636 2583 15414 2579 2559 15415 2509 2565 15416 2636 2583 15417 2577 2579 15418 2508 2576 15419 2567 2575 15420 2637 2586 15421 2580 2585 15422 2567 2575 15423 2504 2536 15424 2581 2584 15425 2637 2586 15426 2581 2584 15427 2508 2576 15428 2637 2586 15429 2575 2578 15430 2506 2581 15431 2592 2587 15432 2638 2591 15433 2599 2588 15434 2514 2590 15435 2598 2592 15436 2638 2591 15437 2598 2592 15438 2521 2618 15439 2597 2593 15440 2638 2591 15441 2597 2593 15442 2520 2594 15443 2513 2595 15444 2586 2599 15445 2639 2596 15446 2512 2598 15447 2588 2600 15448 2639 2596 15449 2588 2600 15450 2516 2624 15451 2585 2601 15452 2639 2596 15453 2585 2601 15454 2517 2602 15455 2517 2602 15456 2585 2601 15457 2640 2603 15458 2585 2601 15459 2516 2624 15460 2591 2605 15461 2591 2605 15462 2514 2590 15463 2587 2606 15464 2640 2603 15465 2587 2606 15466 2515 2607 15467 2515 2607 15468 2583 2610 15469 2641 2608 15470 2511 2609 15471 2593 2612 15472 2641 2608 15473 2641 2608 15474 2593 2612 15475 2513 2595 15476 2641 2608 15477 2590 2597 15478 2517 2602 15479 2511 2609 15480 2584 2613 15481 2642 2611 15482 2584 2613 15483 2510 2589 15484 2589 2614 15485 2589 2614 15486 2512 2598 15487 2586 2599 15488 2642 2611 15489 2586 2599 15490 2513 2595 15491 2515 2607 15492 2587 2606 15493 2643 2615 15494 2587 2606 15495 2514 2590 15496 2592 2587 15497 2643 2615 15498 2592 2587 15499 2510 2589 15500 2643 2615 15501 2584 2613 15502 2511 2609 15503 2596 2616 15504 2644 2620 15505 2607 2617 15506 2596 2616 15507 2519 2630 15508 2606 2619 15509 2644 2620 15510 2606 2619 15511 2523 2621 15512 2644 2620 15513 2604 2622 15514 2525 2623 15515 2516 2624 15516 2588 2600 15517 2645 2625 15518 2588 2600 15519 2512 2598 15520 2600 2627 15521 2645 2625 15522 2600 2627 15523 2518 2628 15524 2601 2626 15525 2645 2625 15526 2594 2629 15527 2591 2605 15528 2646 2631 15529 2598 2592 15530 2591 2605 15531 2516 2624 15532 2601 2626 15533 2646 2631 15534 2601 2626 15535 2519 2630 15536 2646 2631 15537 2596 2616 15538 2521 2618 15539 2512 2598 15540 2589 2614 15541 2647 2632 15542 2510 2589 15543 2599 2588 15544 2647 2632 15545 2599 2588 15546 2520 2594 15547 2595 2633 15548 2600 2627 15549 2647 2632 15550 2595 2633 15551 2524 2634 15552 2605 2637 15553 2648 2635 15554 2525 2623 15555 2604 2622 15556 2648 2635 15557 2648 2635 15558 2604 2622 15559 2523 2621 15560 2648 2635 15561 2602 2638 15562 2522 2639 15563 2594 2629 15564 2649 2640 15565 2606 2619 15566 2518 2628 15567 2608 2643 15568 2649 2640 15569 2649 2640 15570 2608 2643 15571 2522 2639 15572 2649 2640 15573 2602 2638 15574 2523 2621 15575 2520 2594 15576 2597 2593 15577 2650 2641 15578 2597 2593 15579 2521 2618 15580 2607 2617 15581 2650 2641 15582 2607 2617 15583 2525 2623 15584 2650 2641 15585 2605 2637 15586 2524 2634 15587 2595 2633 15588 2651 2644 15589 2608 2643 15590 2595 2633 15591 2520 2594 15592 2609 2642 15593 2651 2644 15594 2609 2642 15595 2524 2634 15596 2651 2644 15597 2603 2636 15598 2522 2639 15599</p>
        </triangles>
        <triangles material="Material_002-material" count="128">
          <input semantic="VERTEX" source="#Cube_012-mesh-vertices" offset="0"/>
          <input semantic="NORMAL" source="#Cube_012-mesh-normals" offset="1"/>
          <input semantic="TEXCOORD" source="#Cube_012-mesh-map-0" offset="2" set="0"/>
          <p>673 651 1920 652 652 1921 668 653 1922 667 654 1923 662 655 1924 653 656 1925 677 657 1926 657 658 1927 671 659 1928 676 660 1929 655 661 1930 670 662 1931 675 663 1932 654 664 1933 660 665 1934 657 658 1935 665 666 1936 663 667 1937 656 668 1938 665 666 1939 664 669 1940 665 666 1941 654 664 1942 659 670 1943 665 666 1944 655 661 1945 663 667 1946 678 671 1947 656 668 1948 662 655 1949 659 670 1950 669 672 1951 674 673 1952 670 662 1953 659 670 1954 674 673 1955 671 659 1956 663 667 1957 676 660 1958 668 653 1959 661 674 1960 677 657 1961 673 651 1962 653 656 1963 658 675 1964 672 676 1965 660 665 1966 656 668 1967 652 652 1968 666 677 1969 661 674 1970 653 656 1971 666 677 1972 658 675 1973 662 655 1974 664 669 1975 666 677 1976 661 674 1977 664 669 1978 657 658 1979 681 678 1980 673 651 1981 668 653 1982 684 679 1983 674 673 1984 669 672 1985 685 680 1986 675 663 1987 672 676 1988 682 681 1989 676 660 1990 670 662 1991 689 682 1992 671 659 1993 687 683 1994 679 684 1995 678 671 1996 667 654 1997 672 676 1998 690 685 1999 685 680 2000 677 657 2001 681 678 2002 668 653 2003 676 660 2004 687 683 2005 671 659 2006 675 663 2007 684 679 2008 669 672 2009 674 673 2010 682 681 2011 670 662 2012 673 651 2013 679 684 2014 667 654 2015 2342 2335 6912 2362 2336 6913 2347 2337 6914 2341 2338 6915 2366 2339 6916 2352 2340 6917 2350 2341 6918 2359 2342 6919 2344 2343 6920 2363 2344 6921 2343 2345 6922 2348 2346 6923 2353 2347 6924 2349 2348 6925 2345 2349 6926 2353 2347 6927 2350 2341 6928 2354 2350 6929 2354 2350 6930 2344 2343 6931 2348 2346 6932 2354 2350 6933 2343 2345 6934 2349 2348 6935 2351 2351 6936 2361 2352 6937 2367 2353 6938 2352 2340 6939 2360 2354 6940 2346 2355 6941 2344 2343 6942 2363 2344 6943 2348 2346 6944 2349 2348 6945 2358 2356 6946 2364 2357 6947 2341 2338 6948 2362 2336 6949 2357 2358 6950 2346 2355 6951 2365 2359 6952 2350 2341 6953 2342 2335 6954 2355 2360 6955 2351 2351 6956 2341 2338 6957 2355 2360 6958 2347 2337 6959 2355 2360 6960 2346 2355 6961 2353 2347 6962 2355 2360 6963 2345 2349 6964 2351 2351 6965 2345 2349 6966 2364 2357 6967 2361 2352 6968 2369 2361 6969 2356 2362 6970 2368 2363 6971 2372 2364 6972 2359 2342 6973 2371 2365 6974 2373 2366 6975 2364 2357 6976 2358 2356 6977 2377 2367 6978 2360 2354 6979 2376 2368 6980 2378 2369 6981 2357 2358 6982 2370 2370 6983 2374 2371 6984 2367 2353 6985 2361 2352 6986 2342 2335 6987 2367 2353 6988 2356 2362 6989 2356 2362 6990 2379 2372 6991 2368 2363 6992 2366 2339 6993 2376 2368 6994 2360 2354 6995 2365 2359 6996 2371 2365 6997 2359 2342 6998 2361 2352 6999 2375 2373 7000 2374 2371 7001 2358 2356 7002 2372 2364 7003 2373 2366 7004 2357 2358 7005 2369 2361 7006 2370 2370 7007 673 651 9720 658 675 9721 652 652 9722 667 654 9723 678 671 9724 662 655 9725 677 657 9726 661 674 9727 657 658 9728 676 660 9729 663 667 9730 655 661 9731 675 663 9732 669 672 9733 654 664 9734 657 658 9735 664 669 9736 665 666 9737 656 668 9738 660 665 9739 665 666 9740 665 666 9741 660 665 9742 654 664 9743 665 666 9744 659 670 9745 655 661 9746 678 671 9747 672 676 9748 656 668 9749 659 670 9750 654 664 9751 669 672 9752 670 662 9753 655 661 9754 659 670 9755 671 659 9756 657 658 9757 663 667 9758 668 653 9759 652 652 9760 661 674 9761 673 651 9762 667 654 9763 653 656 9764 672 676 9765 675 663 9766 660 665 9767 652 652 9768 658 675 9769 666 677 9770 653 656 9771 662 655 9772 666 677 9773 662 655 9774 656 668 9775 664 669 9776 661 674 9777 666 677 9778 664 669 9779 681 678 9780 680 2646 9781 673 651 9782 684 679 9783 683 2647 9784 674 673 9785 685 680 9786 686 2648 9787 675 663 9788 682 681 9789 688 2649 9790 676 660 9791 689 682 9792 677 657 9793 671 659 9794 679 684 9795 690 685 9796 678 671 9797 672 676 9798 678 671 9799 690 685 9800 677 657 9801 689 682 9802 681 678 9803 676 660 9804 688 2649 9805 687 683 9806 675 663 9807 686 2648 9808 684 679 9809 674 673 9810 683 2647 9811 682 681 9812 673 651 9813 680 2646 9814 679 684 9815 2342 2335 14712 2356 2362 14713 2362 2336 14714 2341 2338 14715 2357 2358 14716 2366 2339 14717 2350 2341 14718 2365 2359 14719 2359 2342 14720 2363 2344 14721 2358 2356 14722 2343 2345 14723 2353 2347 14724 2354 2350 14725 2349 2348 14726 2353 2347 14727 2346 2355 14728 2350 2341 14729 2354 2350 14730 2350 2341 14731 2344 2343 14732 2354 2350 14733 2348 2346 14734 2343 2345 14735 2351 2351 14736 2345 2349 14737 2361 2352 14738 2352 2340 14739 2366 2339 14740 2360 2354 14741 2344 2343 14742 2359 2342 14743 2363 2344 14744 2349 2348 14745 2343 2345 14746 2358 2356 14747 2341 2338 14748 2347 2337 14749 2362 2336 14750 2346 2355 14751 2360 2354 14752 2365 2359 14753 2342 2335 14754 2347 2337 14755 2355 2360 14756 2341 2338 14757 2352 2340 14758 2355 2360 14759 2355 2360 14760 2352 2340 14761 2346 2355 14762 2355 2360 14763 2353 2347 14764 2345 2349 14765 2345 2349 14766 2349 2348 14767 2364 2357 14768 2369 2361 14769 2362 2336 14770 2356 2362 14771 2372 2364 14772 2363 2344 14773 2359 2342 14774 2373 2366 14775 2375 2373 14776 2364 2357 14777 2377 2367 14778 2365 2359 14779 2360 2354 14780 2378 2369 14781 2366 2339 14782 2357 2358 14783 2374 2371 14784 2379 2372 14785 2367 2353 14786 2342 2335 14787 2351 2351 14788 2367 2353 14789 2356 2362 14790 2367 2353 14791 2379 2372 14792 2366 2339 14793 2378 2369 14794 2376 2368 14795 2365 2359 14796 2377 2367 14797 2371 2365 14798 2361 2352 14799 2364 2357 14800 2375 2373 14801 2358 2356 14802 2363 2344 14803 2372 2364 14804 2357 2358 14805 2362 2336 14806 2369 2361 14807</p>
        </triangles>
        <triangles material="eyes-material" count="384">
          <input semantic="VERTEX" source="#Cube_012-mesh-vertices" offset="0"/>
          <input semantic="NORMAL" source="#Cube_012-mesh-normals" offset="1"/>
          <input semantic="TEXCOORD" source="#Cube_012-mesh-map-0" offset="2" set="0"/>
          <p>735 686 2016 739 687 2017 736 688 2018 739 687 2019 737 689 2020 736 688 2021 741 690 2022 739 687 2023 738 691 2024 739 687 2025 743 692 2026 740 693 2027 691 694 2028 735 686 2029 702 695 2030 702 695 2031 736 688 2032 703 696 2033 736 688 2034 704 697 2035 703 696 2036 737 689 2037 692 698 2038 704 697 2039 740 693 2040 705 699 2041 737 689 2042 740 693 2043 707 700 2044 706 701 2045 743 692 2046 694 702 2047 707 700 2048 742 703 2049 708 704 2050 743 692 2051 710 705 2052 742 703 2053 741 690 2054 693 706 2055 741 690 2056 699 707 2057 699 707 2058 738 691 2059 700 708 2060 701 709 2061 738 691 2062 735 686 2063 744 710 2064 748 711 2065 745 712 2066 748 711 2067 746 713 2068 745 712 2069 750 714 2070 748 711 2071 747 715 2072 748 711 2073 752 716 2074 749 717 2075 693 706 2076 744 710 2077 710 705 2078 710 705 2079 745 712 2080 709 718 2081 745 712 2082 708 704 2083 709 718 2084 746 713 2085 694 702 2086 708 704 2087 749 717 2088 714 719 2089 746 713 2090 749 717 2091 716 720 2092 715 721 2093 752 716 2094 698 722 2095 716 720 2096 751 723 2097 717 724 2098 752 716 2099 719 725 2100 751 723 2101 750 714 2102 697 726 2103 750 714 2104 711 727 2105 711 727 2106 747 715 2107 712 728 2108 713 729 2109 747 715 2110 744 710 2111 753 730 2112 757 731 2113 754 732 2114 757 731 2115 755 733 2116 754 732 2117 759 734 2118 757 731 2119 756 735 2120 757 731 2121 761 736 2122 758 737 2123 697 726 2124 753 730 2125 719 725 2126 719 725 2127 754 732 2128 718 738 2129 754 732 2130 717 724 2131 718 738 2132 755 733 2133 698 722 2134 717 724 2135 758 737 2136 723 739 2137 755 733 2138 758 737 2139 725 740 2140 724 741 2141 761 736 2142 696 742 2143 725 740 2144 760 743 2145 726 744 2146 761 736 2147 728 745 2148 760 743 2149 759 734 2150 695 746 2151 759 734 2152 720 747 2153 720 747 2154 756 735 2155 721 748 2156 722 749 2157 756 735 2158 753 730 2159 762 750 2160 766 751 2161 763 752 2162 766 751 2163 764 753 2164 763 752 2165 768 754 2166 766 751 2167 765 755 2168 766 751 2169 770 756 2170 767 757 2171 695 746 2172 762 750 2173 728 745 2174 728 745 2175 763 752 2176 727 758 2177 763 752 2178 726 744 2179 727 758 2180 764 753 2181 696 742 2182 726 744 2183 767 757 2184 732 759 2185 764 753 2186 767 757 2187 734 760 2188 733 761 2189 770 756 2190 692 698 2191 734 760 2192 769 762 2193 704 697 2194 770 756 2195 702 695 2196 769 762 2197 768 754 2198 691 694 2199 768 754 2200 729 763 2201 729 763 2202 765 755 2203 730 764 2204 731 765 2205 765 755 2206 762 750 2207 771 766 2208 775 767 2209 772 768 2210 775 767 2211 773 769 2212 772 768 2213 777 770 2214 775 767 2215 774 771 2216 775 767 2217 779 772 2218 776 773 2219 693 706 2220 771 766 2221 713 729 2222 713 729 2223 772 768 2224 712 728 2225 772 768 2226 711 727 2227 712 728 2228 773 769 2229 697 726 2230 711 727 2231 776 773 2232 722 749 2233 773 769 2234 776 773 2235 720 747 2236 721 748 2237 779 772 2238 695 746 2239 720 747 2240 778 774 2241 731 765 2242 779 772 2243 729 763 2244 778 774 2245 777 770 2246 691 694 2247 777 770 2248 701 709 2249 701 709 2250 774 771 2251 700 708 2252 699 707 2253 774 771 2254 771 766 2255 780 775 2256 784 776 2257 781 777 2258 784 776 2259 782 778 2260 781 777 2261 786 779 2262 784 776 2263 783 780 2264 784 776 2265 788 781 2266 785 782 2267 698 722 2268 780 775 2269 716 720 2270 716 720 2271 781 777 2272 715 721 2273 781 777 2274 714 719 2275 715 721 2276 782 778 2277 694 702 2278 714 719 2279 785 782 2280 707 700 2281 782 778 2282 785 782 2283 705 699 2284 706 701 2285 788 781 2286 692 698 2287 705 699 2288 787 783 2289 734 760 2290 788 781 2291 732 759 2292 787 783 2293 786 779 2294 696 742 2295 786 779 2296 725 740 2297 725 740 2298 783 780 2299 724 741 2300 723 739 2301 783 780 2302 780 775 2303 2424 2374 7008 2428 2375 7009 2427 2376 7010 2426 2377 7011 2428 2375 7012 2425 2378 7013 2428 2375 7014 2430 2379 7015 2427 2376 7016 2428 2375 7017 2432 2380 7018 2431 2381 7019 2380 2382 7020 2424 2374 7021 2390 2383 7022 2391 2384 7023 2425 2378 7024 2424 2374 7025 2393 2385 7026 2425 2378 7027 2392 2386 7028 2381 2387 7029 2426 2377 7030 2393 2385 7031 2394 2388 7032 2429 2389 7033 2426 2377 7034 2429 2389 7035 2396 2390 7036 2432 2380 7037 2432 2380 7038 2383 2391 7039 2397 2392 7040 2431 2381 7041 2397 2392 7042 2398 2393 7043 2431 2381 7044 2399 2394 7045 2430 2379 7046 2430 2379 7047 2382 2395 7048 2388 2396 7049 2427 2376 7050 2388 2396 7051 2389 2397 7052 2390 2383 7053 2427 2376 7054 2389 2397 7055 2433 2398 7056 2437 2399 7057 2436 2400 7058 2435 2401 7059 2437 2399 7060 2434 2402 7061 2437 2399 7062 2439 2403 7063 2436 2400 7064 2437 2399 7065 2441 2404 7066 2440 2405 7067 2382 2395 7068 2433 2398 7069 2402 2406 7070 2399 2394 7071 2434 2402 7072 2433 2398 7073 2397 2392 7074 2434 2402 7075 2398 2393 7076 2383 2391 7077 2435 2401 7078 2397 2392 7079 2403 2407 7080 2438 2408 7081 2435 2401 7082 2438 2408 7083 2405 2409 7084 2441 2404 7085 2441 2404 7086 2387 2410 7087 2406 2411 7088 2440 2405 7089 2406 2411 7090 2407 2412 7091 2440 2405 7092 2408 2413 7093 2439 2403 7094 2439 2403 7095 2386 2414 7096 2400 2415 7097 2436 2400 7098 2400 2415 7099 2401 2416 7100 2402 2406 7101 2436 2400 7102 2401 2416 7103 2442 2417 7104 2446 2418 7105 2445 2419 7106 2444 2420 7107 2446 2418 7108 2443 2421 7109 2446 2418 7110 2448 2422 7111 2445 2419 7112 2446 2418 7113 2450 2423 7114 2449 2424 7115 2386 2414 7116 2442 2417 7117 2411 2425 7118 2408 2413 7119 2443 2421 7120 2442 2417 7121 2406 2411 7122 2443 2421 7123 2407 2412 7124 2387 2410 7125 2444 2420 7126 2406 2411 7127 2412 2426 7128 2447 2427 7129 2444 2420 7130 2447 2427 7131 2414 2428 7132 2450 2423 7133 2450 2423 7134 2385 2429 7135 2415 2430 7136 2449 2424 7137 2415 2430 7138 2416 2431 7139 2449 2424 7140 2417 2432 7141 2448 2422 7142 2448 2422 7143 2384 2433 7144 2409 2434 7145 2445 2419 7146 2409 2434 7147 2410 2435 7148 2411 2425 7149 2445 2419 7150 2410 2435 7151 2451 2436 7152 2455 2437 7153 2454 2438 7154 2453 2439 7155 2455 2437 7156 2452 2440 7157 2455 2437 7158 2457 2441 7159 2454 2438 7160 2455 2437 7161 2459 2442 7162 2458 2443 7163 2384 2433 7164 2451 2436 7165 2420 2444 7166 2417 2432 7167 2452 2440 7168 2451 2436 7169 2415 2430 7170 2452 2440 7171 2416 2431 7172 2385 2429 7173 2453 2439 7174 2415 2430 7175 2421 2445 7176 2456 2446 7177 2453 2439 7178 2456 2446 7179 2423 2447 7180 2459 2442 7181 2459 2442 7182 2381 2387 7183 2393 2385 7184 2458 2443 7185 2393 2385 7186 2392 2386 7187 2458 2443 7188 2391 2384 7189 2457 2441 7190 2457 2441 7191 2380 2382 7192 2418 2448 7193 2454 2438 7194 2418 2448 7195 2419 2449 7196 2420 2444 7197 2454 2438 7198 2419 2449 7199 2460 2450 7200 2464 2451 7201 2463 2452 7202 2462 2453 7203 2464 2451 7204 2461 2454 7205 2464 2451 7206 2466 2455 7207 2463 2452 7208 2464 2451 7209 2468 2456 7210 2467 2457 7211 2382 2395 7212 2460 2450 7213 2388 2396 7214 2402 2406 7215 2461 2454 7216 2460 2450 7217 2400 2415 7218 2461 2454 7219 2401 2416 7220 2386 2414 7221 2462 2453 7222 2400 2415 7223 2411 2425 7224 2465 2458 7225 2462 2453 7226 2465 2458 7227 2409 2434 7228 2468 2456 7229 2468 2456 7230 2384 2433 7231 2420 2444 7232 2467 2457 7233 2420 2444 7234 2419 2449 7235 2467 2457 7236 2418 2448 7237 2466 2455 7238 2466 2455 7239 2380 2382 7240 2390 2383 7241 2463 2452 7242 2390 2383 7243 2389 2397 7244 2388 2396 7245 2463 2452 7246 2389 2397 7247 2469 2459 7248 2473 2460 7249 2472 2461 7250 2471 2462 7251 2473 2460 7252 2470 2463 7253 2473 2460 7254 2475 2464 7255 2472 2461 7256 2473 2460 7257 2477 2465 7258 2476 2466 7259 2387 2410 7260 2469 2459 7261 2412 2426 7262 2405 2409 7263 2470 2463 7264 2469 2459 7265 2403 2407 7266 2470 2463 7267 2404 2467 7268 2383 2391 7269 2471 2462 7270 2403 2407 7271 2396 2390 7272 2474 2468 7273 2471 2462 7274 2474 2468 7275 2394 2388 7276 2477 2465 7277 2477 2465 7278 2381 2387 7279 2423 2447 7280 2476 2466 7281 2423 2447 7282 2422 2469 7283 2476 2466 7284 2421 2445 7285 2475 2464 7286 2475 2464 7287 2385 2429 7288 2414 2428 7289 2472 2461 7290 2414 2428 7291 2413 2470 7292 2412 2426 7293 2472 2461 7294 2413 2470 7295 735 686 9816 738 691 9817 739 687 9818 739 687 9819 740 693 9820 737 689 9821 741 690 9822 742 703 9823 739 687 9824 739 687 9825 742 703 9826 743 692 9827 691 694 9828 701 709 9829 735 686 9830 702 695 9831 735 686 9832 736 688 9833 736 688 9834 737 689 9835 704 697 9836 737 689 9837 705 699 9838 692 698 9839 740 693 9840 706 701 9841 705 699 9842 740 693 9843 743 692 9844 707 700 9845 743 692 9846 708 704 9847 694 702 9848 742 703 9849 709 718 9850 708 704 9851 710 705 9852 709 718 9853 742 703 9854 693 706 9855 710 705 9856 741 690 9857 699 707 9858 741 690 9859 738 691 9860 701 709 9861 700 708 9862 738 691 9863 744 710 9864 747 715 9865 748 711 9866 748 711 9867 749 717 9868 746 713 9869 750 714 9870 751 723 9871 748 711 9872 748 711 9873 751 723 9874 752 716 9875 693 706 9876 713 729 9877 744 710 9878 710 705 9879 744 710 9880 745 712 9881 745 712 9882 746 713 9883 708 704 9884 746 713 9885 714 719 9886 694 702 9887 749 717 9888 715 721 9889 714 719 9890 749 717 9891 752 716 9892 716 720 9893 752 716 9894 717 724 9895 698 722 9896 751 723 9897 718 738 9898 717 724 9899 719 725 9900 718 738 9901 751 723 9902 697 726 9903 719 725 9904 750 714 9905 711 727 9906 750 714 9907 747 715 9908 713 729 9909 712 728 9910 747 715 9911 753 730 9912 756 735 9913 757 731 9914 757 731 9915 758 737 9916 755 733 9917 759 734 9918 760 743 9919 757 731 9920 757 731 9921 760 743 9922 761 736 9923 697 726 9924 722 749 9925 753 730 9926 719 725 9927 753 730 9928 754 732 9929 754 732 9930 755 733 9931 717 724 9932 755 733 9933 723 739 9934 698 722 9935 758 737 9936 724 741 9937 723 739 9938 758 737 9939 761 736 9940 725 740 9941 761 736 9942 726 744 9943 696 742 9944 760 743 9945 727 758 9946 726 744 9947 728 745 9948 727 758 9949 760 743 9950 695 746 9951 728 745 9952 759 734 9953 720 747 9954 759 734 9955 756 735 9956 722 749 9957 721 748 9958 756 735 9959 762 750 9960 765 755 9961 766 751 9962 766 751 9963 767 757 9964 764 753 9965 768 754 9966 769 762 9967 766 751 9968 766 751 9969 769 762 9970 770 756 9971 695 746 9972 731 765 9973 762 750 9974 728 745 9975 762 750 9976 763 752 9977 763 752 9978 764 753 9979 726 744 9980 764 753 9981 732 759 9982 696 742 9983 767 757 9984 733 761 9985 732 759 9986 767 757 9987 770 756 9988 734 760 9989 770 756 9990 704 697 9991 692 698 9992 769 762 9993 703 696 9994 704 697 9995 702 695 9996 703 696 9997 769 762 9998 691 694 9999 702 695 10000 768 754 10001 729 763 10002 768 754 10003 765 755 10004 731 765 10005 730 764 10006 765 755 10007 771 766 10008 774 771 10009 775 767 10010 775 767 10011 776 773 10012 773 769 10013 777 770 10014 778 774 10015 775 767 10016 775 767 10017 778 774 10018 779 772 10019 693 706 10020 699 707 10021 771 766 10022 713 729 10023 771 766 10024 772 768 10025 772 768 10026 773 769 10027 711 727 10028 773 769 10029 722 749 10030 697 726 10031 776 773 10032 721 748 10033 722 749 10034 776 773 10035 779 772 10036 720 747 10037 779 772 10038 731 765 10039 695 746 10040 778 774 10041 730 764 10042 731 765 10043 729 763 10044 730 764 10045 778 774 10046 691 694 10047 729 763 10048 777 770 10049 701 709 10050 777 770 10051 774 771 10052 699 707 10053 700 708 10054 774 771 10055 780 775 10056 783 780 10057 784 776 10058 784 776 10059 785 782 10060 782 778 10061 786 779 10062 787 783 10063 784 776 10064 784 776 10065 787 783 10066 788 781 10067 698 722 10068 723 739 10069 780 775 10070 716 720 10071 780 775 10072 781 777 10073 781 777 10074 782 778 10075 714 719 10076 782 778 10077 707 700 10078 694 702 10079 785 782 10080 706 701 10081 707 700 10082 785 782 10083 788 781 10084 705 699 10085 788 781 10086 734 760 10087 692 698 10088 787 783 10089 733 761 10090 734 760 10091 732 759 10092 733 761 10093 787 783 10094 696 742 10095 732 759 10096 786 779 10097 725 740 10098 786 779 10099 783 780 10100 723 739 10101 724 741 10102 783 780 10103 2424 2374 14808 2425 2378 14809 2428 2375 14810 2426 2377 14811 2429 2389 14812 2428 2375 14813 2428 2375 14814 2431 2381 14815 2430 2379 14816 2428 2375 14817 2429 2389 14818 2432 2380 14819 2380 2382 14820 2391 2384 14821 2424 2374 14822 2391 2384 14823 2392 2386 14824 2425 2378 14825 2393 2385 14826 2426 2377 14827 2425 2378 14828 2381 2387 14829 2394 2388 14830 2426 2377 14831 2394 2388 14832 2395 2651 14833 2429 2389 14834 2429 2389 14835 2395 2651 14836 2396 2390 14837 2432 2380 14838 2396 2390 14839 2383 2391 14840 2431 2381 14841 2432 2380 14842 2397 2392 14843 2431 2381 14844 2398 2393 14845 2399 2394 14846 2430 2379 14847 2399 2394 14848 2382 2395 14849 2427 2376 14850 2430 2379 14851 2388 2396 14852 2390 2383 14853 2424 2374 14854 2427 2376 14855 2433 2398 14856 2434 2402 14857 2437 2399 14858 2435 2401 14859 2438 2408 14860 2437 2399 14861 2437 2399 14862 2440 2405 14863 2439 2403 14864 2437 2399 14865 2438 2408 14866 2441 2404 14867 2382 2395 14868 2399 2394 14869 2433 2398 14870 2399 2394 14871 2398 2393 14872 2434 2402 14873 2397 2392 14874 2435 2401 14875 2434 2402 14876 2383 2391 14877 2403 2407 14878 2435 2401 14879 2403 2407 14880 2404 2467 14881 2438 2408 14882 2438 2408 14883 2404 2467 14884 2405 2409 14885 2441 2404 14886 2405 2409 14887 2387 2410 14888 2440 2405 14889 2441 2404 14890 2406 2411 14891 2440 2405 14892 2407 2412 14893 2408 2413 14894 2439 2403 14895 2408 2413 14896 2386 2414 14897 2436 2400 14898 2439 2403 14899 2400 2415 14900 2402 2406 14901 2433 2398 14902 2436 2400 14903 2442 2417 14904 2443 2421 14905 2446 2418 14906 2444 2420 14907 2447 2427 14908 2446 2418 14909 2446 2418 14910 2449 2424 14911 2448 2422 14912 2446 2418 14913 2447 2427 14914 2450 2423 14915 2386 2414 14916 2408 2413 14917 2442 2417 14918 2408 2413 14919 2407 2412 14920 2443 2421 14921 2406 2411 14922 2444 2420 14923 2443 2421 14924 2387 2410 14925 2412 2426 14926 2444 2420 14927 2412 2426 14928 2413 2470 14929 2447 2427 14930 2447 2427 14931 2413 2470 14932 2414 2428 14933 2450 2423 14934 2414 2428 14935 2385 2429 14936 2449 2424 14937 2450 2423 14938 2415 2430 14939 2449 2424 14940 2416 2431 14941 2417 2432 14942 2448 2422 14943 2417 2432 14944 2384 2433 14945 2445 2419 14946 2448 2422 14947 2409 2434 14948 2411 2425 14949 2442 2417 14950 2445 2419 14951 2451 2436 14952 2452 2440 14953 2455 2437 14954 2453 2439 14955 2456 2446 14956 2455 2437 14957 2455 2437 14958 2458 2443 14959 2457 2441 14960 2455 2437 14961 2456 2446 14962 2459 2442 14963 2384 2433 14964 2417 2432 14965 2451 2436 14966 2417 2432 14967 2416 2431 14968 2452 2440 14969 2415 2430 14970 2453 2439 14971 2452 2440 14972 2385 2429 14973 2421 2445 14974 2453 2439 14975 2421 2445 14976 2422 2469 14977 2456 2446 14978 2456 2446 14979 2422 2469 14980 2423 2447 14981 2459 2442 14982 2423 2447 14983 2381 2387 14984 2458 2443 14985 2459 2442 14986 2393 2385 14987 2458 2443 14988 2392 2386 14989 2391 2384 14990 2457 2441 14991 2391 2384 14992 2380 2382 14993 2454 2438 14994 2457 2441 14995 2418 2448 14996 2420 2444 14997 2451 2436 14998 2454 2438 14999 2460 2450 15000 2461 2454 15001 2464 2451 15002 2462 2453 15003 2465 2458 15004 2464 2451 15005 2464 2451 15006 2467 2457 15007 2466 2455 15008 2464 2451 15009 2465 2458 15010 2468 2456 15011 2382 2395 15012 2402 2406 15013 2460 2450 15014 2402 2406 15015 2401 2416 15016 2461 2454 15017 2400 2415 15018 2462 2453 15019 2461 2454 15020 2386 2414 15021 2411 2425 15022 2462 2453 15023 2411 2425 15024 2410 2435 15025 2465 2458 15026 2465 2458 15027 2410 2435 15028 2409 2434 15029 2468 2456 15030 2409 2434 15031 2384 2433 15032 2467 2457 15033 2468 2456 15034 2420 2444 15035 2467 2457 15036 2419 2449 15037 2418 2448 15038 2466 2455 15039 2418 2448 15040 2380 2382 15041 2463 2452 15042 2466 2455 15043 2390 2383 15044 2388 2396 15045 2460 2450 15046 2463 2452 15047 2469 2459 15048 2470 2463 15049 2473 2460 15050 2471 2462 15051 2474 2468 15052 2473 2460 15053 2473 2460 15054 2476 2466 15055 2475 2464 15056 2473 2460 15057 2474 2468 15058 2477 2465 15059 2387 2410 15060 2405 2409 15061 2469 2459 15062 2405 2409 15063 2404 2467 15064 2470 2463 15065 2403 2407 15066 2471 2462 15067 2470 2463 15068 2383 2391 15069 2396 2390 15070 2471 2462 15071 2396 2390 15072 2395 2651 15073 2474 2468 15074 2474 2468 15075 2395 2651 15076 2394 2388 15077 2477 2465 15078 2394 2388 15079 2381 2387 15080 2476 2466 15081 2477 2465 15082 2423 2447 15083 2476 2466 15084 2422 2469 15085 2421 2445 15086 2475 2464 15087 2421 2445 15088 2385 2429 15089 2472 2461 15090 2475 2464 15091 2414 2428 15092 2412 2426 15093 2469 2459 15094 2472 2461 15095</p>
        </triangles>
      </mesh>
    </geometry>
  </library_geometries>
  <library_visual_scenes>
    <visual_scene id="Scene" name="Scene">
      <node id="Cube_020" name="Cube.020" type="NODE">
        <matrix sid="transform">1 0 0 0 0 1 0 0 0 0 1 0 0 0 0 1</matrix>
        <instance_geometry url="#Cube_012-mesh" name="Cube.020">
          <bind_material>
            <technique_common>
              <instance_material symbol="feathers-material" target="#feathers-material">
                <bind_vertex_input semantic="UVMap" input_semantic="TEXCOORD" input_set="0"/>
              </instance_material>
              <instance_material symbol="Material_001-material" target="#Material_001-material">
                <bind_vertex_input semantic="UVMap" input_semantic="TEXCOORD" input_set="0"/>
              </instance_material>
              <instance_material symbol="hair-material" target="#hair-material">
                <bind_vertex_input semantic="UVMap" input_semantic="TEXCOORD" input_set="0"/>
              </instance_material>
              <instance_material symbol="Material_002-material" target="#Material_002-material">
                <bind_vertex_input semantic="UVMap" input_semantic="TEXCOORD" input_set="0"/>
              </instance_material>
              <instance_material symbol="eyes-material" target="#eyes-material">
                <bind_vertex_input semantic="UVMap" input_semantic="TEXCOORD" input_set="0"/>
              </instance_material>
            </technique_common>
          </bind_material>
        </instance_geometry>
      </node>
    </visual_scene>
  </library_visual_scenes>
  <scene>
    <instance_visual_scene url="#Scene"/>
  </scene>
</COLLADA>